RowIndex,Tag,ID,FactionID,RequireLevel,Name,Icon,Description,Type,CanDirectlyStudy,Order,Text,ChildrenJSON
1,Book,1,0,10,Kim Cang Kinh,XinFa1_1,"Tên đầy đủ là kinh Kim Cương đã ghi nhận lại cậu chuyện của Phật Đà Sá bảo vệ quốc gia, trong sách kinh Kim Cương có ẩn chứa một lực lượng hàn ma, sau khi tu luyện xong có thể nâng cao tỉ lệ chính xác của đệ tử Thiếu Lâm.",6,true,1,,
2,Book,2,0,20,Pháp Hoa Kinh,XinFa1_2,"Tên đầy đủ là Miêu Pháp Liên Hoa Kinh, đã ghi lại bí mật của Phật Như Lai. Sau khi tu luyện có thể nâng cao tỉ lệ né tránh của đệ tử Thiếu Lâm.",4,true,2,,
3,Book,3,0,20,Đại Quang Minh Kinh,XinFa1_3,Một trong 3 loại sách kinh của Thiên Trúc Trấn Quốc đã ghi lại phật pháp huyền bí của Tây Thiên. Sau khi tu luyện có thể nâng cao lực sinh mệnh của đệ tử Thiếu Lâm.,0,true,3,,
4,Book,4,0,10,Đạt Ma Tâm Kinh,XinFa1_4,Tâm kinh bí truyền của Bồ Đề Đạt Ma đã ghi nhận lại đạo lý tỉnh ngộ của phật môn. Sau khi tu luyện có thể nâng cao ngoại công lực phòng ngự của đệ tử Thiếu Lâm.,7,true,4,,
5,Book,5,0,10,Long Thụ Tâm Kinh,XinFa1_5,Tâm kinh bí truyền của Long Thụ Bồ Tát đã ghi nhận lại đạo lý độ lượng của phật môn. Sau khi tu luyện có thể nâng cao ngoại công công kích của đệ tử Thiếu Lâm.,2,true,5,,
6,Book,6,0,20,Thích Ca Kinh,XinFa1_6,"Là cuốn sách kinh điển đã ghi nhận lại những lời nói của Phật Đà lúc còn sống, do đại tử Thích Diệp bí truyền cho thế hệ sau, được cho là cuốn sách kinh cao thượng nhất của phật môn. Sau khi tu luyện có thể nâng cao khí lên thượng hạn của đệ tử Thiếu Lâm.",1,true,6,,
7,Book,7,1,10,Thất Táng Quyền,XinFa1_7,"Lẽ ra đây là trấn phái chi bảo của phái Không Động, nhưng đã bị thế hệ trước của hộ giáo pháp vương tranh đoạt thành Minh Giáo, công phu vô cùng bá đạo. Sau khi tu luyện có thể nâng cao tỉ lệ chính xác của đệ tử phái Minh Giáo.",6,true,1,,
8,Book,8,1,20,Quỳ Hoa Bí Cấp,XinFa1_8,"Là cuốn sách do các tiền bối của đại nội cao thủ tự lập ra, mười mấy năm này cuốn sách ấy được cho là trấn giáo chi bảo của phái Minh Giáo. Sau khi tu luyện có thể nâng cao tỉ lệ né tránh của đệ tử phái Minh Giáo.",4,true,2,,
9,Book,9,1,20,Thiên Địa Na Di Pháp,XinFa1_9,"Là trấn giáo chi bảo của Ba Tư Minh Giáo, có thể kích hoạt được lực lượng tiềm năng ẩn chứa bên trong của cơ thể con người. Sau khi tu luyện có thể nâng cao lực sinh mạng của đệ tử phái Minh Giáo.",0,true,3,,
10,Book,10,1,10,Kích Lưu Đại Pháp,XinFa1_10,"Là cuốn tâm pháp tu luyện trong vòng 72 ngày của phái Minh Giáo, khiến khí huyết bị đóng băng và nghịch chuyển. Sau khi tu luyện có thể nâng cao ngoại công lực phòng ngự của đệ tử phái Minh Giáo.",7,true,4,,
11,Book,11,1,10,Liệt Diệm Đại pháp,XinFa1_11,"Là cuốn tâm pháp tu luyện trong vòng 72 ngày của phái Minh Giáo, khiến máu chảy như nham thạch, khí huyết như bị lửa đốt. Sau khi tu luyện có thể nâng cao ngoại công công kích của đệ tử phái Minh Giáo.",2,true,5,,
12,Book,12,1,20,Minh Tôn Thánh Hỏa Công,XinFa1_12,"Một loại võ công quỷ quyệt do lão nhân Quắc Sơn sáng lập ra, khiến mục tiêu đánh sai phương hướng, làm cho mục tiêu không thể đề phòng. Sau khi tu luyện có thể nâng cao khí lên thượng hạn của đệ tử phái Minh Giáo.",1,true,6,,
13,Book,13,2,10,Thái Tổ Trường Quyền,XinFa1_13,"Một bộ quyền pháp do đương triều Thái Tổ Triệu Khuông Dân sáng lập ra, là một quyền pháp thịnh hành nhất ở thời Đại Tống. Sau khi tu luyện có thể nâng cao tỉ lệ chính xác của đệ tử phái Cái Bang.",6,true,1,,
14,Book,14,2,20,Địa Đường Công,XinFa1_14,"Những loại võ công pha lẫn với nhau trên giang hồ, chuyển phòng thủ thành công kích, khiến trong sự chết tìm ra được đường sống xót, là những chiêu thức tuy đơn  giản nhưng rất hữu dụng. Sau khi tu luyện có thể nâng cao tỉ lệ né tránh của đệ tử phái Cái Bang.",4,true,2,,
15,Book,15,2,20,Hàng Long Thập Bát Chưởng Thượng Quyển,XinFa1_15,"Thiên hạ đệ nhất chưởng pháp là loại võ công của phái Cái Bang được truyền đời này sang đời khác. Quyển trước của Hàng Long Thập Bát Chưởng chủ trọng về tình thế để phát ra kỹ năng, khiến mục tiêu không thể đỡ kip. Sau khi tu luyện có thể nâng cao lực sinh mạng của đệ tử Cái Bang.",0,true,3,,
16,Book,16,2,10,Cầm Long Công,XinFa1_16,"Một loại thần công đã được trên giang hồ bí mật lưu truyền, khi luyện đến một cảnh giới thượng hạn thì có thể đoạt vũ khí của đối phương. Sau khi tu luyện có thể nâng cao ngoại công lực phòng ngự của đệ tử phái Cái Bang.",7,true,4,,
17,Book,17,2,10,Khống Hạc Công,XinFa2_1,"Một loại thần công đã được trên giang hồ bí mật lưu truyền, khi luyện đến một cảnh giới thượng hạn thì có thể đánh xuyên vật cản, gây sát thương cho mục tiêu trong phạm vi 100 dặm. Sau khi tu luyện có thể nâng cao ngoại công công kích của đệ tử phái Cái Bang.",2,true,5,,
18,Book,18,2,20,Hàng Long Thập Bát Đường Hạ Quyển,XinFa2_2,"Thiên hạ đệ nhất chưởng pháp là loại võ công của phái Cái Bang được truyền đời này sang đời khác. Quyển sau của Hàng Long Thập Bát Chưởng chú trọng về nghịch thế để hành động, khiến mục tiêu không thể đỡ kịp. Sau khi tu luyện có thể nâng cao khí lên thượng hạn của đệ tử phái Cái Bang.",1,true,6,,
19,Book,19,3,10,Âm Dương Quyết,XinFa2_3,"Âm và Dương của đạo giáo là có mang tính tương sinh tương khắc, là đạo lý hỗ trợ càn khôn lẫn nhau. Sau khi tu luyện có thể nâng cao tỉ lệ chính xác của đệ tử phái Võ Đang.",6,true,1,,
20,Book,20,3,20,Loạn Hoàn Quyết,XinFa2_4,"Đạo giáo thường nói Loạn Hoàn tức là hàng trăm biến hoa đều tồn tại từ trong trái tim, xuất nhập công thủ đều có đạo lý khác nhau. Sau khi tu luyện có thể nâng cao tỷ nệ né tránh của đệ tử phái Võ Đang.",4,true,2,,
21,Book,21,3,20,Hư Thực Quyết,XinFa2_5,"Đạo giáo thường nói Hư Thực tức là tránh nặng tìm nhẹ, lẫn tránh sự thực đi tìm cái hư vô. Sau khi tu luyện có thể nâng cao lực sinh mạng của đệ tử phái Võ Đang.",0,true,3,,
22,Book,22,3,10,Thái Cực Kiếm Pháp,XinFa2_6,"Một loại kiếm pháp được tu tập lại từ các võ học của đạo giáo, coi trọng về tinh thần sử dụng kiếm pháp kéo dài vô tận. Sau khi tu luyện có thể nâng cao nội công lực phòng ngự của đệ tử Võ Đang.",7,true,4,,
23,Book,23,3,10,Thái Cực Quyền Pháp,XinFa2_7,"Một loại quyền pháp được tu thập lại từ các võ học của đạo giáo, coi trọng về thái cực viên chuyển, chỉ dùng ý, không dùng lực. Sau khi tu luyện có thể nâng cao nội công lực công kích của đệ tử phái Võ Đang.",3,true,5,,
24,Book,24,3,20,Nam Hoa Kinh,XinFa2_8,Võ học thiên nhân hợp nhất là kiệt tác của Tiên Hiền Trang Tử. Sau khi tu luyện có thể nâng cao khí lên thượng hạn của đệ tử phái Võ Đang.,1,true,6,,
25,Book,25,4,10,Thần Nữ Quyền Pháp,XinFa2_9,"Võ công của phái Nga My được cho là loại võ công kỳ diệu và vừa đẹp mắt, mỗi một chiêu thức đều có nguồn gốc của một cô gái xinh đẹp ở thời Cổ Đại. Sau khi tu luyện có thể nâng cao tỉ lệ chính xác của đệ tử phái Nga My.",6,true,1,,
26,Book,26,4,20,Thần Hữu Kinh,XinFa2_10,"Là cuốn tâm pháp cao thượng nhất của phật môn, chú trọng về hộ thể phòng thân. Sau khi tu luyện có thể nâng cao tỉ lệ né tránh của đệ tử phái Nga My.",4,true,2,,
27,Book,27,4,20,Tẩy Tủy Kinh,XinFa2_11,"Là kiệt tác củaThiềmTông Đạt Ma Tổ Sư, là loại võ học sử dụng Tẩy Tủy Dịch Cân để khử tà diệt ma. Sau khi tu luyện có thể nâng cao lực sinh mạng của đệ tử phái Nga My.",0,true,3,,
28,Book,28,4,10,Thục Nữ Kiếm Pháp,XinFa2_12,"Là loại kiếm pháp bí truyền do tiền bối nử hiệp của phái Nga My sáng lập ra, chiêu thức kiếm pháp nhẹ nhàng linh động, chuyên về phòng thủ. Sau khi tu luyện có thể nâng cao nội công lực phòng ngự của đệ tử phái Nga My.",7,true,4,,
29,Book,29,4,10,Quân Tử Kiếm Pháp,XinFa2_13,"Là loại kiếm pháp bí truyền do tiền bối nữ hiệp của phái Nga My sáng lập ra, kiếm pháp thanh nhã và nhất dứt khoát, chuyên về tấn công. Sau khi tu luyện xong có thể nâng cao nội công lực công kích của đệ tử phái Nga My.",3,true,5,,
30,Book,30,4,20,Ảm Nhiên Biệt Ly Chưởng,XinFa2_14,"Là loại võ công không truyền ra ngoài của phái Nga My, uy lực bình thường, chỉ có khi nào gặp tình trạng sinh ly tử biệt thì loại võ công này mới bạo phát ra uy lực kinh thiên động địa. Sau khi tu luyện xong có thê nâng cao khí lên thượng hạn của đệ tử phái Nga My.",1,true,6,,
31,Book,31,5,10,Hủ Thi Công,XinFa2_15,"Là loại võ công do Tinh Túc lão tiên Đinh Xuân Thu sáng lập ra, sử dụng những độc thi để lâu để làm thành chất độc và tấn công mục tiêu, khiến đối thủ không thể trốn tránh. Sau khi tu luyện có thể nâng cao tỉ lệ chính xác của đệ tử phái Tinh Túc.",6,true,1,,
32,Book,32,5,20,Ngũ Độc Công,XinFa2_16,"Là loại thần công được hình thành bởi 5 loại chất độc, nghe nói loại thần công này có nguồn gốc ở Nam Phương tên là Ngũ Độc Giáo. Sau khi tu luyện có thể nâng cao tỉ lệ né tránh của đệ tử phái Tinh Túc.",4,true,2,,
33,Book,33,5,20,Tam Tiếu Tiêu Dao Tán,XinFa3_1,"Kỳ Môn Độc Thuật được sáng lập ra bởi Tinh Túc lão tiên Đinh Xuân Thu, với thủ đoạn quỷ quyệt và sử dụng chất độc bá đạo để tiêu diệt đối thủ. Sau khi tu luyện có thể nâng cao lực sinh mạng của đệ tử phái Tinh Túc.",0,true,3,,
34,Book,34,5,10,Thần Mộc Công,XinFa3_2,"Một trong 3 loại tam bảo của Thần Mộc Vương Đỉnh trong phái Tinh Túc, ẩn chứa một Bí Kíp võ công đã thất truyền từ lâu. Sau khi tu luyện có thể nâng cao nội công lực phòng ngự của đệ tử phái Tinh Túc.",7,true,4,,
35,Book,35,5,10,Thánh Thủy Kinh,XinFa3_3,"Một trong 3 loại tam bảo của Thánh Thủy Vương Tôn trong phái Tinh Túc, ẩn chứa một Bí Kíp võ công đã thất truyền từ lâu. Sau khi tu luyện có thể nâng cao nội công lực công kích của đệ tử phái Tinh Túc.",3,true,5,,
36,Book,36,5,20,Bính Mệnh Tam Thức,XinFa3_4,"Phanh Mệnh Tam Thức, với loại chiêu thức này muốn cùng đối thủ chết chung. Sau khi tu luyện có thể nâng cao khí lên thượng hạn của đệ tử phái Tinh Túc.",1,true,6,,
37,Book,37,6,10,Nhất Dương Chỉ Chỉ Pháp,XinFa3_5,"Gia truyền tuyệt học của Đoàn Thị ở nước Đại Lý, vận hành nội lực toàn thân tập trung vào đầu ngón tay, sử dụng Nhất Dương Chỉ để kích bại đối thủ. Sau khi tu luyện có thể nâng cao tỉ lệ né tránh của đệ tử phái Thiên Long.",6,true,1,,
38,Book,38,6,20,Đại Lý Binh Pháp,XinFa3_6,"Tiên tổ của Đoàn Thị ở nước Đại Lý đã sáng lập ra một binh pháp chuyên về khắc phục đối thủ, đã cho thế hệ sau làm dụng binh pháp này trong võ học. Sau khi tu luyện có thể nâng cao nội công lực phòng ngự của đệ tử phái Thiên Long.",4,true,2,,
39,Book,39,6,20,Đạo Dẫn Thuật,XinFa3_7,"Một loại võ công chuyên dùng hô hấp để luyện khí, giúp cho cơ thể trở nên cường tráng. Sau khi tu luyện có thể nâng cao lực sinh mạng của đệ tử phái Thiên Long.",0,true,3,,
40,Book,40,6,10,Đoàn Gia Quyền Pháp,XinFa3_8,"Loại quyền pháp bí truyền của Đoàn Thị, cao quý điển nhã, chính đại quang minh, vốn có một phong thái uy nghiêm của hoàng tộc. Sau khi tu luyện tu luyện có thể nâng cao ngoại công lực phòng ngự của đệ tử phái Thiên Long.",7,true,4,,
41,Book,41,6,10,Đoàn Gia Kiếm Pháp,XinFa3_9,"Kiếm pháp bí truyền của Đoàn Thị, tấn và lui đều có phương hướng, vốn có một phong thái uy nghiêm của hoàng tộc. Sau khi tu luyện có thể nâng cao ngoại công công kích của đệ tử Thiên Long.",2,true,5,,
42,Book,42,6,20,Khô Thiền,XinFa3_10,"Thần công của Thiên Long Tự được truyền đời này sang đời khác, tịnh tọa tham thiền, tâm vô bàng vụ, nội công và phật pháp hòa nguyện vào nhau dẫn đến một cảnh giới siêu phàm. Sau khi tu luyện có thể nâng cao khí lên thượng hạn của đệ tử phái Thiên Long.",1,true,6,,
43,Book,43,7,10,Linh Tựu Công,XinFa3_11,"Là loại thần công được tu tập lại từ các động tác của chim đại bàng, xuất chiêu độc ác, không một chút nhân tình. Sau khi tu luyện có thể nâng cao tỉ lệ chính xác của đệ tử phái Thiên Sơn.",6,true,1,,
44,Book,44,7,20,Tiểu Vô Tướng Công,XinFa3_12,"Thần Du Thái Hư có nguồn gốc từ đạo giáo, ý niệm thanh tịnh, lúc xuất và lúc thu hồi đều không để lại dấu tích. Sau khi tu luyện có thể nâng cao tỉ lệ né tránh của đệ tử phái Thiên Sơn.",4,true,2,,
45,Book,45,7,20,Quy Tức Công,XinFa3_13,"Tiềm tâm tiềm tức có nguồn gốc từ đạo giáo, chuyên về nín thở, khiến hơi thở của chính mình giảm xuống mức thấp nhất. Sau khi tu luyện có thể nâng cao lực sinh mạng của đệ tử phái Thiên Sơn.",0,true,3,,
46,Book,46,7,10,Thiên Sơn Dung Tuyết Công,XinFa3_14,Nội công tâm pháp bí truyền của phái Thiên Sơn. Sau khi tu luyện có thể nâng cao ngoại công lực phòng ngự của đệ tử phái Thiên Sơn.,7,true,4,,
47,Book,47,7,10,Thiên Sơn Chiết Mai Thủ,XinFa3_15,"Bí truyền Cầm Nã Thủ Pháp của phái Thiên Sơn, sau khi tu luyện có thể nâng cao ngoại công công kích của đệ tử phái Thiên Sơn.",2,true,5,,
48,Book,48,7,20,Thiên Sơn Lục Dương Chưởng,XinFa3_16,"Thần công tuyệt học của phái Tiêu Dao, đã được làm sáng danh thông qua Linh Tựu Cung, uy lực của phái này đã lừng danh thiên hạ, chỉ có người ngoài không biết mà thôi. Sau khi tu luyện có thể nâng cao khí lên thượng hạn của đệ tử phái Thiên Sơn.",1,true,6,,
49,Book,49,8,10,Bách Hoa Kinh,XinFa4_1,"Nghe nói có nguồn gốc ở Thành Đường, sử dụng trăm hoa làm đường dẫn lối, sử dụng nội lực để bố trận, khiến địch thủ rơi vào trong trận không lối thoát. Sau khi tu luyện có thể nâng cao tỉ lệ chính xác của đệ tử phái Tiêu Dao.",6,true,1,,
50,Book,50,8,20,Độn Giáp Thiên Thư,XinFa4_2,"Thời kỳ tam quốc Tã Niềm Tiên Nhân đã ghi nhận lại kỳ môn độn giáp, với phép thuật trăm biến vạn hóa. Sau khi tu luyện có thể nâng cao tỉ lệ né tránh của đệ tử phái Tiêu Dao.",4,true,2,,
51,Book,51,8,20,Thái Bình Yếu Thuật,XinFa4_3,"Thời kỳ tam quốc Nam Hoa Lão Tiên đã ghi nhận lại việc gọi gió gọi mưa, 1 phép thuật khiến mục tiêu bị lờ mờ chẳng biết gì. Sau khi tu luyện có thể nâng cao lực sinh mạng của đệ tử phái Tiêu Dao.",0,true,3,,
52,Book,52,8,10,Đoản Ca Hành,XinFa4_4,Tổ sư của phái Tiêu Dao trong âm nhạc ca từ đã lãnh ngộ ra võ công tâm pháp. Sau khi tu luyện có thể nâng cao nội công lực phòng ngự của đệ tử phái Tiêu Dao.,7,true,4,,
53,Book,53,8,10,Đan Thanh Dẫn,XinFa4_5,Tổ sư của phái Tiêu Dao đã lãnh ngộ ra võ công tâm pháp từ những bức tranh. Sau khi tu luyện có thể nâng cao nội công lực công kích của đệ tử phái Tiêu Dao.,3,true,5,,
54,Book,54,8,20,Kinh Đào Chưởng Pháp,XinFa4_6,"Những năm gần đây loại thần công lừng danh thiên hạ, không có một ai nào biết được lai lịch của nó. Sau khi tu luyện có thể nâng cao khí lên thượng hạn của đệ tử phái Tiêu Dao,",1,true,6,,
55,Book,55,0,35,Dịch Cân Kinh,XinFa4_7,"Là kiệt tác của Đạt Ma Tổ Sư, là đệ nhất tuyệt học của Thiếu Lâm. Sau khi tu luyện có thể nâng cao tỉ lệ hội tâm nhất kích của đệ tử phái Thiếu Lâm.",8,false,7,,
56,Book,56,1,35,Cửu Dương Thiên Thư,XinFa4_8,"Loại sách chân kinh này được cất chứa trong quyển kinh thứ 4 Lăng Gia Kinh của Đạt Ma, gần mười mấy năm nay được Minh Giáo sở hữu. Sau khi tu luyện có thể nâng cao tỉ lệ hội tâm nhất kích của đệ tử phái Minh Giáo.",8,false,7,,
57,Book,57,2,35,Đả Cẩu Bổng Pháp,XinFa4_9,"Võ công Cái Bang do tổ sư gia của Cái Bang sáng lập, cái tên tuy nghe không được hay, nhưng chiêu thức thiên biến vạn hóa. Sau khi tu luyện có thể nâng cao tỉ lệ hội tâm nhất kích của đệ tử phái Cái Bang.",8,false,7,,
58,Book,58,3,35,Tiên Thiên Công,XinFa4_10,"Phương pháp luyện khí bằng hô hấp được đạo giáo của Xích Tồng Tử sáng lập, có thể tụ tập tam bảo nguyên khí, nguyên thần, nguyên tinh . Sau khi tu luyện có thể nâng cao tỉ lệ hội tâm nhất kích của đệ tử phái Võ Đang.",8,false,7,,
59,Book,59,4,35,Cửu Âm Thiên Thư,XinFa4_11,"Lưng danh thiên hạ của võ học chi bảo, nghe nói có nguồn gốc từ Đạo Tàng, nội dung bác đại tinh thâm,bao hàm nội công và ngoại công. Sau khi tu luyện có thể nâng cao tỉ lệ hội tâm nhất kích của đệ tử phái Nga My.",8,false,7,,
60,Book,60,5,35,Hóa Công Đại Pháp,XinFa4_12,"Bắc Minh Thần Công của phái Tiêu Dao là loại võ công bá đạo nhất, có thể làm nội lực của đối thủ tiêu tan. Sau khi tu luyện có thể nâng cao tỉ lệ hội tâm nhất kích của đệ tử phái Tinh Túc.",8,false,7,,
61,Book,61,6,35,Lục Mạch Thần Kiếm,XinFa4_13,"Đệ nhất kiếm pháp của Thiên Long Tự uy lực vô cùng, vận dụng nội lực thâm hậu tạo thành kiếm khí vô hình gây sát thương cho mục tiêu. Sau khi tu luyện có thể nâng cao tỉ lệ hồi tâm nhất kích của đệ tử phái Thiên Long.",8,false,7,,
62,Book,62,7,35,Sinh Tử Phù,XinFa4_14,"Trấn cung chi bảo của Linh Tựu Cung sử dụng lực lượng của Thiên Sơn Lục Dương để hóa thủy thành băng, làm cho mục tiêu bị phong tỏa kinh mạch. Sau khi tu luyện có thể nâng cao tỉ lệ hồi tâm nhất kích của đệ tử phái Thiên Sơn.",8,false,7,,
63,Book,63,8,35,Bắc Minh Thần Công,XinFa4_15,Thần công tuyệt thế của phái Tiêu Dao chủ yếu là tích lũy nội lực. Sau khi tu luyện có thể nâng cao tỉ lệ hồi tâm nhất kích của đệ tử phái Tiêu Dao.,8,false,7,,
64,Book,64,10,10,Giang Nam Kiếm Quyết,FightSkillMurong1_6,"Thế gia của Mộ Dung quanh năm đều sống tại Giang nam, dựa vào dòng suối chảy ở Giang Nam, đã sáng lập ra chiêu thức kiếm pháp nhẹ như chim én. Sau khi tu luyện có thể nâng cao tỉ lệ chính xác của đệ tử phái Mộ Dung.",6,true,1,,
65,Book,65,10,20,Sát Trường Quyết,FightSkillMurong_14,"Đệ tử Mộ Dung chinh chiến nhiều năm, luyện được võ công diệt địch, vô song thần dũng. Tu luyện giúp tăng tỉ lệ né của đệ tử Mộ Dung.",4,true,2,,
66,Book,66,10,20,Viêm Dương Tâm Pháp,FightSkillMurong_5,"Thế gia Mộ Dung sở hữu một nội lực bá đạo, mỗi khi triển khai kỹ năng này làm mình trở nên tàn bạo hung ác, không có ai dám đối mặt với chính mình. Sau khi tu luyện có thể nâng cao lực sinh mạng của đệ tử phái Mộ Dung.",0,true,3,,
67,Book,67,10,10,Thanh Vân Bí Tịch,FightSkillMurong_15,"Tiền bối của thế gia Mộ Dung trong lúc đang quan sát các đám mây trên bầu trời đã lãnh ngộ ra 1 loại công pháp, sau khi thi triển kỹ năng này khiến cho đối thủ phải rơi vào những đám mây sương mù mịt mờ, không phân biệt được phương hướng. Sau khi tu luyện có thể nâng cao nội công lực phòng ngự của đệ tử phái Mộ Dung.",7,true,4,,
68,Book,68,10,10,Sương Lĩnh Kiếm Thuật,FightSkillMurong_13,"Đã từng thấy qua kiếm thuật của Lĩnh Nam, do thế gia Mộ Dung lưu truyền lại cho đệ tử, với chiêu thức dứt khoát. Sau khi tu luyện có thể nâng cao nội công lực công kích của đệ tử phái Mộ Dung.",3,true,5,,
69,Book,69,10,20,Tinh Nguyệt Yêu Thuật,FightSkillMurong_7,"Thế gia Mộ Dung đã dựa vào những bối quẽ quan sát các ngôi sao trên bầu trời, đã lãnh ngộ ra thiên địa đạo lý luân hồi. Khi thi triển kỹ năng này giống như các ngôi sao từ trên trời rơi xuống. Sau khi tu luyện có thể nâng cao khí lên thượng hạn của đệ tử phái Mộ Dung.",1,true,6,,
70,Book,70,10,35,Tinh Tuyền Kiếm Điển,XinFa5_1,"Trấn trang tuyệt học của thế gia Mộ Dung, đã lãnh ngộ ra lực lượng của thiên địa càn khôn, có thể mượn lực lượng của thên địa trở thành lực lượng của chính mình. Sau khi tu luyện có thể nâng cao tỉ lệ hồi tâm nhất kích của đệ tử phái Mộ Dung. ",8,false,7,,
71,Book,71,10,80,Độn Dân Điển Bí,FightSkillaoyi_3,"Ghi nhận lại tất cả bí tích võ học tâm đắc của các tiền bối phái Mộ Dung, võ học tinh túy, đại đạo quy nhất. Sau khi tu luyện có thể nâng cao lực sinh mạng của đệ tử phái Mộ Dung.",0,false,8,,
72,Book,72,0,80,Huyền Cương Điển Bí,FightSkillaoyi_6,"Ghi nhận lại tất cả bí tích võ học tâm đắc của các tiền bối phái Thiếu Lâm, võ học tinh túy, đại đạo quy nhất. Sau khi tu luyện có thể nâng cao lực sinh mạng của đệ tử phái Thiếu Lâm.",0,false,8,,
73,Book,73,1,80,Thiên Thần Điển Bí,FightSkillaoyi_4,"Ghi nhận lại tất cả bí tích võ học tâm đắc của các tiền bối phái Minh Giáo, võ học tinh túy. Sau khi tu luyện có thể nâng cao lực sinh mạng của đệ tử phái Minh Giáo.",0,false,8,,
74,Book,74,2,80,Địa Vẫn Điển Bí,FightSkillaoyi_2,"Ghi nhận lại tất cả bí tích võ học tâm đắc của các tiền bối phái Cái Bang, võ học tinh túy. Sau khi tu luyện có thể nâng cao lực sinh mạng của đệ tử phái Cái Bang.",0,false,8,,
75,Book,75,3,80,Trụ Khung Điển Bí,FightSkillaoyi_8,"Ghi nhận lại tất cả bí tích võ học tâm đắc của các tiền bối phái Võ Đang, võ học tinh túy. Sau khi tu luyện có thể nâng cao lực sinh mạng của đệ tử phái Võ Đang.",0,false,8,,
76,Book,76,4,80,Hỗn Mang Điển Bí,FightSkillaoyi_1,"Ghi nhận lại tất cả bí tích võ học tâm đắc của các tiền bối phái Nga My, võ học tinh túy. Sau khi tu luyện có thể nâng cao lực sinh mạng của đệ tử phái Nga My.",0,false,8,,
77,Book,77,5,80,Hoang Lũy Điển Bí,FightSkillaoyi_10,"Ghi nhận lại tất cả bí tích võ học tâm đắc của các tiền bối phái Tinh Túc, võ học tinh túyt. Sau khi tu luyện có thể nâng cao lực sinh mạng của đệ tử phái Tinh Túc.",0,false,8,,
78,Book,78,6,80,Hoàng Sầm Điển Bí,FightSkillaoyi_5,"Ghi nhận lại tất cả bí tích võ học tâm đắc của các tiền bối phái Thiên Long, võ học tinh túy. Sau khi tu luyện có thể nâng cao lực sinh mạng của đệ tử phái Thiên Long.",0,false,8,,
79,Book,79,7,80,Hồng Tinh Điển Bí,FightSkillaoyi_7,"Ghi nhận lại tất cả bí tích võ học tâm đắc của các tiền bối phái Thiên Sơn, võ học tinh túy. Sau khi tu luyện có thể nâng cao lực sinh mạng của đệ tử phái Thiên Sơn.",0,false,8,,
80,Book,80,8,80,Vũ Cực Điển Bí,FightSkillaoyi_9,"Ghi nhận lại tất cả bí tịch võ học tâm đắc của các tiền bối phái Tiêu Dao, võ học tinh túy. Sau khi tu luyện có thể nâng cao lực sinh mạng của đệ tử phái Tiêu Dao.",0,false,8,,
81,Book,81,11,10,Bích Thiên Tiễn Quyết,XinFa5_8,"Tiễn quyết lưu truyền ngàn năm của Đường Môn, tụ khí kình vào mũi tên, sức mạnh vô địch. Tu luyện giúp tăng tỉ lệ chính xác của đệ tử Đường Môn.",6,true,1,,
82,Book,82,11,20,Võng Lượng Quyết,XinFa5_6,"Tiền bối Đường Môn kết hợp thế tấn công của mãnh thú với bộ pháp bát quái của đạo gia, nghiên cứu ra môn khinh công chí cao. Tu luyện giúp tăng tỉ lệ né tránh của đệ tử Đường Môn.",4,true,2,,
83,Book,83,11,20,Vô Ngã Tâm Kinh,XinFa5_7,"Tâm pháp lưu truyền ngàn năm của Đường Môn, chỉ khi thấm nhuần tổ huấn Thiên Hạ Duy Ngã của Đường Môn mới có thể phát huy đến tối đa. Tu luyện giúp tăng sinh lực của đệ tử Đường Môn.",0,true,3,,
84,Book,84,11,10,Cửu Biến Bí Chương,XinFa5_4,"Võ học hàm chứa tinh túy Thiên Cơ Cửu Biến của Mặc Gia, truyền rằng khi đạt đến đại thành, có thể thúc đẩy cơ thể thích ứng với mọi hoàn cảnh, giúp đứng vào thế bất bại. Tu luyện giúp tăng nội thủ của đệ tử Đường Môn.",7,true,4,,
85,Book,85,11,10,Phong Lôi Tứ Thức,XinFa5_3,"Võ học uy lực mạnh nhất thế gian, mỗi chiêu thức như sấm sét, gió bão, sức sát thương không gì bằng. Tu luyện giúp tăng nội công của đệ tử Đường Môn.",3,true,5,,
86,Book,86,11,20,Mạn Thiên Hoa Vũ,XinFa5_5,"Thủ pháp ám khí lưu truyền ngàn năm của Đường Môn, ám khí bắn ra không ai tránh kịp, kẻ dám đối địch ắt không thể sống sót. Tu luyện giúp tăng giới hạn khí của đệ tử Đường Môn.",1,true,6,,
87,Book,87,11,35,Ngũ Độc Kỳ Kinh,XinFa5_2,"Tác phẩm của môn chủ Đường Môn đời đầu, là võ học chí cao trong võ lâm, trong đó ghi chép thuật dùng độc, thuật cơ quan, và các chiêu thức bá đạo phi phàm. Tu luyện giúp tăng tỉ lệ chí mạng của đệ tử Đường Môn.",8,false,7,,
88,Book,88,11,80,Huyễn Nhật Điển Bí,FightSkillaoyi_11,"Bí tịch ghi chép tâm đắc võ học của cao thủ Đường Môn, nắm được tinh túy ắt sẽ đại thành. Tu luyện giúp tăng sinh lực của đệ tử Đường Môn.",0,false,8,,
89,Book,89,12,10,Quỷ Cốc Đạo Tàng,XinFa5_9,"Điển tịch võ học ngàn năm của Quỷ Cốc Môn, chiêu thức biến hóa khôn lường, khiến địch khó tránh né. Luyện sẽ tăng tỉ lệ chính xác của Quỷ Cốc đệ tử.",6,true,1,,
90,Book,90,12,20,Hoàng Đình Thích Giải,XinFa5_10,Nội công tâm pháp tổ tiên Quỷ Cốc kết hợp hoàng đình kinh văn và thiên địa chí lý sáng tao nên. Luyện sẽ tăng tỉ lệ né tránh của Quỷ Cốc đệ tử.,4,true,2,,
91,Book,91,12,20,Tam Viên Khâm Thiên Pháp,XinFa5_11,Quyển một của bí tịch bói sao của Quỷ Cốc Tử. Luyện sẽ tăng sinh lực của Quỷ Cốc đệ tử.,0,true,3,,
92,Book,92,12,10,Bổn Kinh Âm Phù Thất Thuật,XinFa5_12,"Tu luyện chi đạo do Quỷ Cốc biên soạn, học được sẽ kim thân bất bại, bách độc bất xâm. Luyện sẽ tăng nội thủ của Quỷ Cốc đệ tử.",7,true,4,,
93,Book,93,12,10,Bãi Hạp Sách,XinFa5_13,"Tung hoành thuật truyền thừa nhiều đời của Quỷ Cốc, sở trường vận dùng đạo lý Âm Dương lấy nhu chế cương. Luyện sẽ tăng nội công của Quỷ Cốc đệ tử.",3,true,5,,
94,Book,94,12,20,Vân Mộng Quyết,XinFa5_14,"Võ công điển tịch tập hợp tất cả các khinh công sát chiêu, do tiên tổ Quỷ Cốc sau khi quy ẩn Vân Mộng Sơn nghiên cứu ra. Luyện sẽ tăng giới hạn khí của Quỷ Cốc đệ tử.",1,true,6,,
95,Book,95,12,35,Tam Viên Đấu Số Kinh,XinFa5_15,Quyển hai của bí tịch bói sao của Quỷ Cốc Tử. Luyện sẽ tăng tỉ lệ chí mạng của Quỷ Cốc đệ tử.,8,false,7,,
96,Book,96,12,80,Thần Túc Điển Bí,FightSkillaoyi_12,Bí tịch ghi chép võ học tâm đắc của các đời Quỷ Cốc. Luyện sẽ tăng sinh lực của Quỷ Cốc đệ tử.,0,false,8,,
97,Book,97,13,10,Truyền Tập Lục - Lạc Thư,XinFa5_16,"Thân là người học võ, tinh thông âm nhạc, thì bất cứ loại nhạc cụ nào dù lớn dù nhỏ đều có thể được sử dụng làm vũ khí. Tu luyện giúp nâng cao tỷ lệ chính xác cho đệ tử Đào Hoa.",6,true,1,,
98,Book,98,13,20,Truyền Tập Lục - Tâm Pháp,XinFa6_1,"Là con người dù là bậc quân vương địa vị cao sang đến kẻ ăn mày danh phận thấp kém cũng đều có trái tim ở trong cơ thể. Tuân theo nguyên tắc này, dù là bất kỳ kẻ nào, chỉ cần trái tim còn đập, có thể sử dụng giả nhân mà điều khiển theo chủ ý của mình. Tu luyện giúp nâng cao tỷ lệ né tránh của đệ tử Đào Hoa.",4,true,2,,
99,Book,99,13,20,Truyền Tập Lục - Phản Hồn,XinFa6_2,"Người quân tử luôn tìm cách để ngàn đời vang danh, thì là đã được trường sinh mãi rồi. Tu luyện giúp nâng cao sinh lực cho đệ tử Đào Hoa.",0,true,3,,
100,Book,100,13,10,Truyền Tập Lục - Nhân Chính,XinFa6_3,"Võ hiệp sở dĩ có thể hùng bá thiên hạ, cốt ở 5 điều: Dựa vào địa hình sáng lập tông phái, lấy quy củ giáo huấn môn đồ, lấy lý lẽ truyền thụ võ công, lấy lòng nhân ái cầu an, lấy chiến tranh để nói về tình đồng môn. Tu luyện giúp nâng cao ngoại thủ cho đệ tử Đào Hoa.",7,true,4,,
101,Book,101,13,10,Truyền Tập Lục - Chinh Phạt,XinFa6_4,"Yêu nước, thương dân, tất cả đồng lòng. Một khi có chiến tranh tất phải dùng chính chiến tranh để kết thúc nó. Tu luyện giúp tăng ngoại công cho đệ tử Đào Hoa.",2,true,5,,
102,Book,102,13,20,Truyền Tập Lục - Cộng Tình,XinFa6_5,"Lòng thương người, sự cảm thông xuất phát từ trái tim. Đó chính là điều ở côn trùng, dã thú, cây cỏ không có được. Tu luyện giúp tăng khí thượng hạn cho đệ tử Đào Hoa.",1,true,6,,
103,Book,103,13,35,Truyền Tập Lục - Thủy Thệ,XinFa6_6,"Người chết nào cảm nhận được sự đớn đau, tủi nhục. Chỉ có cái chết mới giúp con người ta đi vào màn đêm dài tĩnh mịch, thay vì phải cố gắng chịu đựng những đắng cay trong cuộc đời ngắn ngủi. Tu luyện giúp nâng cao tỷ lệ hội tâm nhất kích cho đệ tử Đào Hoa.",8,false,7,,
104,Book,104,13,80,Quan Hồ Điển Bí,FightSkillaoyi_13,"Ghi nhận lại tất cả bí tịch võ học tâm đắc của các tiền bối phái Đào Hoa, võ học tinh túy. Tu luyện giúp tăng cường sinh mạng cho đệ tử Đào Hoa.",0,false,8,,
105,Book,105,100,10,Lang Hoàn Ngọc Giản,HJXinFa5_1,"Tàng phổ võ học tổng hợp của tiền nhiệm trang chủ Vương Dật Chi, trích tinh hoa võ học các phái tại Phúc địa Lang Hoàn, dung hợp vào kỹ thuật gảy đàn, biên soạn suốt ba năm mới thành. Sau khi tu luyện sẽ tăng tỷ lệ chính xác cho đệ tử Mạn Đà.",6,true,1,,
106,Book,106,100,20,Tàn Phổ Thông Khảo,HJXinFa5_2,"Tàn phổ cổ cầm thời thượng cổ, do Mạn Đà Sơn Trang thu thập và khảo cứu qua nhiều đời, nhằm minh lý hiểu nghĩa, nghiên cứu đạo lý âm luật. Sau khi tu luyện sẽ tăng tỷ lệ né tránh cho đệ tử Mạn Đà.",4,true,2,,
107,Book,107,100,20,Hoa Luật Thập Thất Quyển,HJXinFa5_3,"Tương truyền do một trang chủ thời Nam Bắc triều sáng tác, ghi chép quy luật sinh – lụi của trăm hoa, mượn tiếng đàn để giãi bày tình cảm yêu thương và tiếc nuối. Sau khi tu luyện sẽ tăng sinh mệnh lực cho đệ tử Mạn Đà.",0,true,3,,
108,Book,108,100,10,Vấn Tình Sao,HJXinFa5_4,"Tương truyền do một trang chủ thời Thịnh Đường đạt đến cảnh giới tâm huyền sáng tác, ghi chép phương pháp hỏi tình qua tiếng đàn, là chuẩn tắc nghiên cứu tâm huyền cho hậu thế. Sau khi tu luyện sẽ tăng phòng ngự nội công cho đệ tử Mạn Đà.",7,true,4,,
109,Book,109,100,10,Lang Gia Cựu Điển,HJXinFa5_5,"Điển tịch do Vương thị Lang Nha lưu giữ, ghi chép phương pháp chế đàn, trồng hoa. Về sau do di cư phương Nam, sách cổ lưu truyền về Mạn Đà Sơn Trang. Sau khi tu luyện sẽ tăng công kích nội công cho đệ tử Mạn Đà.",2,true,5,,
110,Book,110,100,20,Cầm Phú,HJXinFa5_6,"Bảo vật trấn trang của Mạn Đà Sơn Trang, do Kê Khang chính tay viết, được xem là tinh hoa tuyệt kỹ gảy đàn của ông. Sau khi tu luyện sẽ tăng giới hạn khí cho đệ tử Mạn Đà.",1,true,6,,
111,Book,111,100,35,Thị Hoa Lục,HJXinFa5_7,"Bí pháp gia truyền của Quan thị vùng Giang Nam, ghi chép đặc tính thực vật, phương pháp chăm bón, còn có thuật hái lá phi hoa. Sau biến cố gia tộc, truyền tán ra giang hồ, hiện thuộc sở hữu Mạn Đà Sơn Trang. Sau khi tu luyện sẽ tăng tỷ lệ hội tâm nhất kích cho đệ tử Mạn Đà.",8,false,7,,
112,Book,112,100,80,Truân Mân Điển Bí,FightSkillaoyi_2,"Ghi nhận lại tất cả bí tịch võ học tâm đắc của các tiền bối phái Mạn Đà, võ học tinh túy. Tu luyện giúp tăng cường sinh mạng cho đệ tử Mạn Đà.",0,false,8,,
113,Book,113,14,10,Dữ Tâm Thư - Vô Úy,XinFa6_7,"Thiếu niên chí hướng, chẳng chịu an cư trong nhà, nên lòng háo hức phiêu bạt giang hồ, vì thế mà không sợ hiểm nguy. Sau khi tu luyện, tăng tỷ lệ chính xác cho đệ tử Tuyệt Tình.",6,true,1,,
114,Book,114,14,20,Dữ Tâm Thư - Tình Nghị,XinFa6_8,"Tín tâm vững chắc, tình nghĩa kiên cường, như lửa cháy sáng trong lòng. Sau khi tu luyện, tăng tỷ lệ né tránh cho đệ tử Tuyệt Tình.",4,true,2,,
115,Book,115,14,20,Dữ Tâm Thư - Cầu Tác,XinFa6_9,"Người anh hùng chân chính, vì nước vì dân mà bước vào giang hồ. Có đúng chăng? Ta nguyện tìm đạo khắp nơi. Sau khi tu luyện, tăng sinh lực cho đệ tử Tuyệt Tình.",0,true,3,,
116,Book,116,14,10,Dữ Tâm Thư - Chỉ Qua,XinFa6_10,"Tự rèn luyện thân thể, lấy võ công giúp người yếu thế, chứ không phải để hiếp đáp kẻ mạnh. Sau khi tu luyện, tăng phòng thủ ngoại công cho đệ tử Tuyệt Tình.",7,true,4,,
117,Book,117,14,10,Dữ Tâm Thư - Bất Khuất,XinFa6_11,"Đường ta đi, chính là đạo ta chọn. Không chết thì không cúi đầu. Sau khi tu luyện, tăng tấn công ngoại công cho đệ tử Tuyệt Tình.",2,true,5,,
118,Book,118,14,20,Dữ Tâm Thư - Ý Quyết,XinFa6_12,"Chặt bỏ mọi khói bụi quá khứ, giữ lại chân tâm, bước đi theo lối của riêng mình. Sau khi tu luyện, tăng giới hạn Khí cho đệ tử Tuyệt Tình.",1,true,6,,
119,Book,119,14,35,Dữ Tâm Thư - Phản Chế,XinFa6_13,"Thiên hạ thường xem kẻ đứng trên là lẽ phải, nhưng ta cười mà chẳng giống họ. Sau khi tu luyện, tăng tỷ lệ chí mạng cho đệ tử Tuyệt Tình.",8,false,7,,
120,Book,120,14,80,Tu Viễn Điển Bí,XinFa6_14,"Ghi nhận lại tất cả bí tịch võ học tâm đắc của các tiền bối phái Tuyệt Tình, võ học tinh túy. Tu luyện giúp tăng cường sinh mạng cho đệ tử Tuyệt Tình.",0,false,8,,
121,Book,121,15,10,Vô Kỵ Tâm Kinh,XinFa6_15,"Tâm pháp nhập môn của bộ Vô Tận Quyết do Cốc chủ Sơn Quỷ sáng lập. Tinh túy võ học thiên hạ đều được dung hợp vào một, vận dụng tự nhiên như gió, không điều gì kiêng kỵ. Sau khi tu luyện, tăng tỷ lệ chính xác cho đệ tử Ác Nhân Cốc.",6,true,1,,
122,Book,122,15,20,Đoán Cốt Thông Mạch Quyết,XinFa6_16,"Trích từ cổ tịch, phối hợp cùng dược lý, luyện công bằng cách gãy xương sinh tuệ, khai thông kinh mạch mở huyệt đạo. Sau khi tu luyện, tăng tỷ lệ né tránh cho đệ tử Ác Nhân Cốc.",4,true,2,,
123,Book,123,15,20,Thiên Nhân Tam Vấn,XinFa7_1,"Do một vị tiên sư thời Ngụy Tấn ngộ ra từ ba bí pháp Huyền học mà lập thành ba câu hỏi lớn. Bí tịch thất lạc chỉ còn tàn chương, Sơn Quỷ ngộ được chân lý trong đạo, biên soạn thành hai quyển tâm pháp, đây là một trong số đó. Sau khi tu luyện, tăng sinh lực cho đệ tử Ác Nhân Cốc.",0,true,3,,
124,Book,124,15,10,Hành Ác Lễ Pháp,XinFa7_2,"Khi Ác Nhân Cốc mới thành lập, trăm ác kéo đến. Sơn Quỷ đối thoại đạo đức, biện thiện luận ác, suốt 49 ngày, cuối cùng biên soạn ra Hành Ác Lễ Pháp. Sau khi tu luyện, tăng phòng thủ nội công cho đệ tử Ác Nhân Cốc.",7,true,4,,
125,Book,125,15,10,Đại Công Lưỡng Nghi,XinFa7_3,"Quyển thứ hai trong hai bộ tâm pháp do Sơn Quỷ ngộ từ Tam Vấn biên soạn. Dựa trên lý niệm vạn vật có thanh trọc, động tĩnh đối lập mà thành, chiêu thức bá đạo, nội lực mạnh mẽ. Sau khi tu luyện, tăng công kích nội công cho đệ tử Ác Nhân Cốc.",2,true,5,,
126,Book,126,15,20,Vạn Tướng Quyết,XinFa7_4,"Tâm tịnh như gương, vạn vật rõ ràng. Đây là bộ công pháp do Ác Nhân Cốc dựa trên sự quan sát vạn tượng thế gian mà sáng lập. Sau khi tu luyện, tăng giới hạn Khí cho đệ tử Ác Nhân Cốc.",1,true,6,,
127,Book,127,15,35,Vô Tận Quyết,XinFa7_5,"Tuyệt học do Cốc chủ Sơn Quỷ dung hợp chiêu thức các phái Trung Nguyên làm cốt, phối với tâm pháp Tây Hạ làm da thịt, khổ luyện và hoàn thiện thành. Sau khi tu luyện, tăng tỷ lệ chí mạng cho đệ tử Ác Nhân Cốc.",8,false,7,,
128,Book,128,15,80,Thiên Mệnh Điển Bí,XinFa7_6,"Ghi nhận lại tất cả bí tịch võ học tâm đắc của các tiền bối phái Ác Nhân Cốc, võ học tinh túy. Tu luyện giúp tăng cường sinh mạng cho đệ tử Ác Nhân Cốc.",0,false,8,,
