RowIndex,Tag,Name,Text,ChildrenJSON
1,Object,ride_2022qrjmacheM,,"[{""Tag"":""Partial"",""Attributes"":{""Name"":""ride_2022qrjmacheMBanTou (2)""}}]"
2,Object,ShouHun230328JinLongWuJi,,"[{""Tag"":""Partial"",""Attributes"":{""Name"":""ShouHun230328JinLongWuJiTeXiaoPian""}}]"
3,Object,ShouHun230328JinLongWuJi01,,"[{""Tag"":""Partial"",""Attributes"":{""Name"":""ShouHun230328JinLongWuJiTeXiaoPian""}}]"
4,Object,ShouHun230328JinLongWuJi02,,"[{""Tag"":""Partial"",""Attributes"":{""Name"":""ShouHun230328JinLongWuJiTeXiaoPian""}}]"
5,Object,ShouHun230328JinLongWuJi03,,"[{""Tag"":""Partial"",""Attributes"":{""Name"":""ShouHun230328JinLongWuJiTeXiaoPian""}}]"
6,Object,ShouHun230328JinLongWuJi04,,"[{""Tag"":""Partial"",""Attributes"":{""Name"":""ShouHun230328JinLongWuJiTeXiaoPian""}}]"
7,Object,ShouHun230328JinLongWuJi05,,"[{""Tag"":""Partial"",""Attributes"":{""Name"":""ShouHun230328JinLongWuJiTeXiaoPian""}}]"
8,Object,ShouHun230328JinLongWuJi06,,"[{""Tag"":""Partial"",""Attributes"":{""Name"":""ShouHun230328JinLongWuJiTeXiaoPian""}}]"
9,Object,ShouHun230328JinLongWuJi07,,"[{""Tag"":""Partial"",""Attributes"":{""Name"":""ShouHun230328JinLongWuJiTeXiaoPian""}}]"
10,Object,ShouHun230328JinLongWuJi08,,"[{""Tag"":""Partial"",""Attributes"":{""Name"":""ShouHun230328JinLongWuJiTeXiaoPian""}}]"
11,Object,ShouHun230328JinLongSiJi,,"[{""Tag"":""Partial"",""Attributes"":{""Name"":""ShouHun230328JinLongSiJiTeXiaoPian""}}]"
12,Object,ShouHun230328JinLongSiJi01,,"[{""Tag"":""Partial"",""Attributes"":{""Name"":""ShouHun230328JinLongSiJiTeXiaoPian""}}]"
13,Object,ShouHun230328JinLongSiJi02,,"[{""Tag"":""Partial"",""Attributes"":{""Name"":""ShouHun230328JinLongSiJiTeXiaoPian""}}]"
14,Object,ShouHun230328JinLongSiJi03,,"[{""Tag"":""Partial"",""Attributes"":{""Name"":""ShouHun230328JinLongSiJiTeXiaoPian""}}]"
15,Object,ShouHun230328JinLongSiJi04,,"[{""Tag"":""Partial"",""Attributes"":{""Name"":""ShouHun230328JinLongSiJiTeXiaoPian""}}]"
16,Object,ShouHun230328JinLongSiJi05,,"[{""Tag"":""Partial"",""Attributes"":{""Name"":""ShouHun230328JinLongSiJiTeXiaoPian""}}]"
17,Object,ShouHun230328JinLongSiJi06,,"[{""Tag"":""Partial"",""Attributes"":{""Name"":""ShouHun230328JinLongSiJiTeXiaoPian""}}]"
18,Object,ShouHun230328JinLongSiJi07,,"[{""Tag"":""Partial"",""Attributes"":{""Name"":""ShouHun230328JinLongSiJiTeXiaoPian""}}]"
19,Object,ShouHun230328JinLongSiJi08,,"[{""Tag"":""Partial"",""Attributes"":{""Name"":""ShouHun230328JinLongWuJiTeXiaoPian""}}]"
20,Object,psoul_2024FengHuangWuJi,,"[{""Tag"":""Partial"",""Attributes"":{""Name"":""Psoul_2024FengHuangWuJiTeXiaoPian (2)""}}]"
21,Object,psoul_2024FengHuangWuJi03,,"[{""Tag"":""Partial"",""Attributes"":{""Name"":""Psoul_2024FengHuangWuJiTeXiaoPian (2)""}}]"
22,Object,psoul_2024FengHuangWuJi05,,"[{""Tag"":""Partial"",""Attributes"":{""Name"":""Psoul_2024FengHuangWuJiTeXiaoPian (2)""}}]"
23,Object,psoul_2024FengHuangWuJi06,,"[{""Tag"":""Partial"",""Attributes"":{""Name"":""Psoul_2024FengHuangWuJiTeXiaoPian (2)""}}]"
24,Object,psoul_2024FengHuangWuJi07,,"[{""Tag"":""Partial"",""Attributes"":{""Name"":""Psoul_2024FengHuangWuJiTeXiaoPian (2)""}}]"
25,Object,psoul_2024FengHuangWuJi08,,"[{""Tag"":""Partial"",""Attributes"":{""Name"":""Psoul_2024FengHuangWuJiTeXiaoPian (2)""}}]"
26,Object,psoul_2024FengHuangWuJi09,,"[{""Tag"":""Partial"",""Attributes"":{""Name"":""Psoul_2024FengHuangWuJiTeXiaoPian (2)""}}]"
27,Object,psoul_2024FengHuangWuJi10,,"[{""Tag"":""Partial"",""Attributes"":{""Name"":""Psoul_2024FengHuangWuJiTeXiaoPian (2)""}}]"
28,Object,psoul_2024FengHuangWuJi11,,"[{""Tag"":""Partial"",""Attributes"":{""Name"":""Psoul_2024FengHuangWuJiTeXiaoPian (2)""}}]"
