RowIndex,Tag,ID,Name,Icon,Model,ScaleP,Text,ChildrenJSON
1501,ShapeShifting,1501,Biến Thân - Thái Thương Long Tử Biến Dị,PetHeader7_5,ZhenShou131112ZuanShivipMa8,39,,
1502,ShapeShifting,1502,Biến Thân - Thái Thương Long Tử Biến Dị,PetHeader7_5,ZhenShou131112ZuanShivipMa9,39,,
1503,ShapeShifting,1503,Biến Thân - Thái Thương Long Tử Biến Dị,PetHeader7_5,ZhenShou131112ZuanShivipMa5,39,,
1504,ShapeShifting,1504,Biến Thân - Bạo Tẩu Hùng Miêu Trưởng Thành,PetHeader7_6,ZhenShou131125XinNianHuoPaoXiongMao01,39,,
1505,ShapeShifting,1505,Biến Thân - Bạo Tẩu Hùng Miêu Biến Dị,PetHeader7_6,ZhenShou131125XinNianHuoPaoXiongMao02,39,,
1506,ShapeShifting,1506,Biến Thân - Bạo Tẩu Hùng Miêu Biến Dị,PetHeader7_6,ZhenShou131125XinNianHuoPaoXiongMao03,39,,
1507,ShapeShifting,1507,Biến Thân - Bạo Tẩu Hùng Miêu Bảo Bảo,PetHeader7_6,ZhenShou131125XinNianHuoPaoXiongMao01,39,,
1508,ShapeShifting,1508,Biến Thân - Bạo Tẩu Hùng Miêu Biến Dị,PetHeader7_6,ZhenShou131125XinNianHuoPaoXiongMao05,39,,
1509,ShapeShifting,1509,Biến Thân - Bạo Tẩu Hùng Miêu Biến Dị,PetHeader7_6,ZhenShou131125XinNianHuoPaoXiongMao04,39,,
1510,ShapeShifting,1510,Biến Thân - Bạo Tẩu Hùng Miêu Biến Dị,PetHeader7_6,ZhenShou131125XinNianHuoPaoXiongMao06,39,,
1511,ShapeShifting,1511,Biến Thân - Bạo Tẩu Hùng Miêu Biến Dị,PetHeader7_6,ZhenShou131125XinNianHuoPaoXiongMao07,39,,
1512,ShapeShifting,1512,Biến Thân - Bạo Tẩu Hùng Miêu Biến Dị,PetHeader7_6,ZhenShou131125XinNianHuoPaoXiongMao08,39,,
1513,ShapeShifting,1513,Biến Thân - Bạo Tẩu Hùng Miêu Biến Dị,PetHeader7_6,ZhenShou131125XinNianHuoPaoXiongMao09,39,,
1514,ShapeShifting,1514,Biến Thân - Minh Âm Hoa Linh Trưởng Thành,PetHeader7_7,ZhenShou131031YinYouJingLing01,39,,
1515,ShapeShifting,1515,Biến Thân - Minh Âm Hoa Linh Biến Dị,PetHeader7_7,ZhenShou131031YinYouJingLing02,39,,
1516,ShapeShifting,1516,Biến Thân - Minh Âm Hoa Linh Biến Dị,PetHeader7_7,ZhenShou131031YinYouJingLing03,39,,
1517,ShapeShifting,1517,Biến Thân - Minh Âm Hoa Linh Bảo Bảo,PetHeader7_7,ZhenShou131031YinYouJingLing01,39,,
1518,ShapeShifting,1518,Biến Thân - Minh Âm Hoa Linh Biến Dị,PetHeader7_7,ZhenShou131031YinYouJingLing07,39,,
1519,ShapeShifting,1519,Biến Thân - Minh Âm Hoa Linh Biến Dị,PetHeader7_7,ZhenShou131031YinYouJingLing08,39,,
1520,ShapeShifting,1520,Biến Thân - Minh Âm Hoa Linh Biến Dị,PetHeader7_7,ZhenShou131031YinYouJingLing05,39,,
1521,ShapeShifting,1521,Biến Thân - Minh Âm Hoa Linh Biến Dị,PetHeader7_7,ZhenShou131031YinYouJingLing06,39,,
1522,ShapeShifting,1522,Biến Thân - Minh Âm Hoa Linh Biến Dị,PetHeader7_7,ZhenShou131031YinYouJingLing04,39,,
1523,ShapeShifting,1523,Biến Thân - Minh Âm Hoa Linh Biến Dị,PetHeader7_7,ZhenShou131031YinYouJingLing09,39,,
1524,ShapeShifting,1524,Biến Thân - Tiểu Dị Trưởng Thành,PetHeader7_9,HongDouEr140331,39,,
1525,ShapeShifting,1525,Biến Thân - Tiểu Dị Biến Dị,PetHeader7_9,HongDouErHeiYi140331,39,,
1526,ShapeShifting,1526,Biến Thân - Tiểu Dị Biến Dị,PetHeader7_9,HongDouErHuangYi140331,39,,
1527,ShapeShifting,1527,Biến Thân - Tiểu Dị Bảo Bảo,PetHeader7_9,HongDouEr140331,39,,
1528,ShapeShifting,1528,Biến Thân - Tiểu Mã Ca Trưởng Thành,PetHeader7_8,ZhenShou140208MaShangYou01,39,,
1529,ShapeShifting,1529,Biến Thân - Tiểu Mã Ca Biến Dị,PetHeader7_8,ZhenShou140208MaShangYou02,39,,
1530,ShapeShifting,1530,Biến Thân - Tiểu Mã Ca Biến Dị,PetHeader7_8,ZhenShou140208MaShangYou03,39,,
1531,ShapeShifting,1531,Biến Thân - Tiểu Mã Ca Bảo Bảo,PetHeader7_8,ZhenShou140208MaShangYou01,39,,
1532,ShapeShifting,1532,Biến Thân - Tiểu Mã Ca Biến Dị,PetHeader7_8,ZhenShou140208MaShangYou04,39,,
1533,ShapeShifting,1533,Biến Thân - Tiểu Mã Ca Biến Dị,PetHeader7_8,ZhenShou140208MaShangYou05,39,,
1534,ShapeShifting,1534,Biến Thân - Tiểu Mã Ca Biến Dị,PetHeader7_8,ZhenShou140208MaShangYou06,39,,
1535,ShapeShifting,1535,Biến Thân - Tiểu Mã Ca Biến Dị,PetHeader7_8,ZhenShou140208MaShangYou07,39,,
1536,ShapeShifting,1536,Biến Thân - Tiểu Mã Ca Biến Dị,PetHeader7_8,ZhenShou140208MaShangYou08,39,,
1537,ShapeShifting,1537,Biến Thân - Tiểu Mã Ca Biến Dị,PetHeader7_8,ZhenShou140208MaShangYou09,39,,
1538,ShapeShifting,1538,Biến Thân - Bách Chiến Kim Cang Trưởng Thành,PetHeader7_13,ZhenShou20140326JiQiRen01,39,,
1539,ShapeShifting,1539,Biến Thân - Bách Chiến Kim Cang Biến Dị,PetHeader7_13,ZhenShou20140326JiQiRen02,39,,
1540,ShapeShifting,1540,Biến Thân - Bách Chiến Kim Cang Biến Dị,PetHeader7_13,ZhenShou20140326JiQiRen03,39,,
1541,ShapeShifting,1541,Biến Thân - Bách Chiến Kim Cang Bảo Bảo,PetHeader7_13,ZhenShou20140326JiQiRen01,39,,
1542,ShapeShifting,1542,Biến Thân - Bách Chiến Kim Cang Biến Dị,PetHeader7_13,ZhenShou20140326JiQiRen04,39,,
1543,ShapeShifting,1543,Biến Thân - Bách Chiến Kim Cang Biến Dị,PetHeader7_13,ZhenShou20140326JiQiRen06,39,,
1544,ShapeShifting,1544,Biến Thân - Bách Chiến Kim Cang Biến Dị,PetHeader7_13,ZhenShou20140326JiQiRen05,39,,
1545,ShapeShifting,1545,Biến Thân - Bách Chiến Kim Cang Biến Dị,PetHeader7_13,ZhenShou20140326JiQiRen08,39,,
1546,ShapeShifting,1546,Biến Thân - Bách Chiến Kim Cang Biến Dị,PetHeader7_13,ZhenShou20140326JiQiRen09,39,,
1547,ShapeShifting,1547,Biến Thân - Bách Chiến Kim Cang Biến Dị,PetHeader7_13,ZhenShou20140326JiQiRen07,39,,
1548,ShapeShifting,1548,Biến Thân - Thanh Dương Trưởng Thành,PetHeader7_17,ZhenShou141020vipZhanDouYangRen01,39,,
1549,ShapeShifting,1549,Biến Thân - Thanh Dương Biến Dị,PetHeader7_17,ZhenShou141020vipZhanDouYangRen07,39,,
1550,ShapeShifting,1550,Biến Thân - Thanh Dương Biến Dị,PetHeader7_17,ZhenShou141020vipZhanDouYangRen03,39,,
1551,ShapeShifting,1551,Biến Thân - Thanh Dương Bảo Bảo,PetHeader7_17,ZhenShou141020vipZhanDouYangRen01,39,,
1552,ShapeShifting,1552,Biến Thân - Thanh Dương Biến Dị,PetHeader7_17,ZhenShou141020vipZhanDouYangRen06,39,,
1553,ShapeShifting,1553,Biến Thân - Thanh Dương Biến Dị,PetHeader7_17,ZhenShou141020vipZhanDouYangRen02,39,,
1554,ShapeShifting,1554,Biến Thân - Thanh Dương Biến Dị,PetHeader7_17,ZhenShou141020vipZhanDouYangRen04,39,,
1555,ShapeShifting,1555,Biến Thân - Thanh Dương Biến Dị,PetHeader7_17,ZhenShou141020vipZhanDouYangRen08,39,,
1556,ShapeShifting,1556,Biến Thân - Thanh Dương Biến Dị,PetHeader7_17,ZhenShou141020vipZhanDouYangRen09,39,,
1557,ShapeShifting,1557,Biến Thân - Thanh Dương Biến Dị,PetHeader7_17,ZhenShou141020vipZhanDouYangRen05,39,,
1558,ShapeShifting,1558,Biến Thân - Dương Thiên Đại Thánh Trưởng Thành,PetHeader7_18,ZhenShou141020ZuanShivipShenYangRen01,39,,
1559,ShapeShifting,1559,Biến Thân - Dương Thiên Đại Thánh Biến Dị,PetHeader7_18,ZhenShou141020ZuanShivipShenYangRen02,39,,
1560,ShapeShifting,1560,Biến Thân - Dương Thiên Đại Thánh Biến Dị,PetHeader7_18,ZhenShou141020ZuanShivipShenYangRen03,39,,
1561,ShapeShifting,1561,Biến Thân - Dương Thiên Đại Thánh Bảo Bảo,PetHeader7_18,ZhenShou141020ZuanShivipShenYangRen01,39,,
1562,ShapeShifting,1562,Biến Thân - Dương Thiên Đại Thánh Biến Dị,PetHeader7_18,ZhenShou141020ZuanShivipShenYangRen04,39,,
1563,ShapeShifting,1563,Biến Thân - Dương Thiên Đại Thánh Biến Dị,PetHeader7_18,ZhenShou141020ZuanShivipShenYangRen05,39,,
1564,ShapeShifting,1564,Biến Thân - Dương Thiên Đại Thánh Biến Dị,PetHeader7_18,ZhenShou141020ZuanShivipShenYangRen06,39,,
1565,ShapeShifting,1565,Biến Thân - Dương Thiên Đại Thánh Biến Dị,PetHeader7_18,ZhenShou141020ZuanShivipShenYangRen07,39,,
1566,ShapeShifting,1566,Biến Thân - Dương Thiên Đại Thánh Biến Dị,PetHeader7_18,ZhenShou141020ZuanShivipShenYangRen08,39,,
1567,ShapeShifting,1567,Biến Thân - Dương Thiên Đại Thánh Biến Dị,PetHeader7_18,ZhenShou141020ZuanShivipShenYangRen09,39,,
1568,ShapeShifting,1568,Biến Thân - Kim Đồng Ngọc Nữ Trưởng Thành,PetHeader7_16,ZhenShou20140822YuZiJinTong1,39,,
1569,ShapeShifting,1569,Biến Thân - Kim Đồng Ngọc Nữ Biến Dị,PetHeader7_16,ZhenShou20140822YuZiJinTong2,39,,
1570,ShapeShifting,1570,Biến Thân - Kim Đồng Ngọc Nữ Biến Dị,PetHeader7_16,ZhenShou20140822YuZiJinTong5,39,,
1571,ShapeShifting,1571,Biến Thân - Kim Đồng Ngọc Nữ Bảo Bảo,PetHeader7_16,ZhenShou20140822YuZiJinTong1,39,,
1572,ShapeShifting,1572,Biến Thân - Kim Đồng Ngọc Nữ Biến Dị,PetHeader7_16,ZhenShou20140822YuZiJinTong4,39,,
1573,ShapeShifting,1573,Biến Thân - Kim Đồng Ngọc Nữ Biến Dị,PetHeader7_16,ZhenShou20140822YuZiJinTong3,39,,
1574,ShapeShifting,1574,Biến Thân - Kim Đồng Ngọc Nữ Biến Dị,PetHeader7_16,ZhenShou20140822YuZiJinTong8,39,,
1575,ShapeShifting,1575,Biến Thân - Kim Đồng Ngọc Nữ Biến Dị,PetHeader7_16,ZhenShou20140822YuZiJinTong7,39,,
1576,ShapeShifting,1576,Biến Thân - Kim Đồng Ngọc Nữ Biến Dị,PetHeader7_16,ZhenShou20140822YuZiJinTong6,39,,
1577,ShapeShifting,1577,Biến Thân - Kim Đồng Ngọc Nữ Biến Dị,PetHeader7_16,ZhenShou20140822YuZiJinTong9,39,,
1578,ShapeShifting,1578,Biến Thân - Gấu Ham Chơi Trưởng Thành,PetHeader7_10,ZhenShou140403ZuiJiuXiong01,39,,
1579,ShapeShifting,1579,Biến Thân - Gấu Ham Chơi Biến Dị,PetHeader7_10,ZhenShou140403ZuiJiuXiong02,39,,
1580,ShapeShifting,1580,Biến Thân - Gấu Ham Chơi Biến Dị,PetHeader7_10,ZhenShou140403ZuiJiuXiong03,39,,
1581,ShapeShifting,1581,Biến Thân - Gấu Ham Chơi Bảo Bảo,PetHeader7_10,ZhenShou140403ZuiJiuXiong01,39,,
1582,ShapeShifting,1582,Biến Thân - Gấu Ham Chơi Biến Dị,PetHeader7_10,ZhenShou140403ZuiJiuXiong05,39,,
1583,ShapeShifting,1583,Biến Thân - Gấu Ham Chơi Biến Dị,PetHeader7_10,ZhenShou140403ZuiJiuXiong04,39,,
1584,ShapeShifting,1584,Biến Thân - Gấu Ham Chơi Biến Dị,PetHeader7_10,ZhenShou140403ZuiJiuXiong06,39,,
1585,ShapeShifting,1585,Biến Thân - Gấu Ham Chơi Biến Dị,PetHeader7_10,ZhenShou140403ZuiJiuXiong07,39,,
1586,ShapeShifting,1586,Biến Thân - Gấu Ham Chơi Biến Dị,PetHeader7_10,ZhenShou140403ZuiJiuXiong08,39,,
1587,ShapeShifting,1587,Biến Thân - Gấu Ham Chơi Biến Dị,PetHeader7_10,ZhenShou140403ZuiJiuXiong09,39,,
1588,ShapeShifting,1588,Biến Thân - Nguyên Nguyên Trưởng Thành,PetHeader7_11,ZhenShou140520JueXingBaoBaoYuanYuan02,39,,
1589,ShapeShifting,1589,Biến Thân - Nguyên Nguyên Biến Dị,PetHeader7_11,ZhenShou140520JueXingBaoBaoYuanYuan01,39,,
1590,ShapeShifting,1590,Biến Thân - Nguyên Nguyên Bảo Bảo,PetHeader7_11,ZhenShou140520JueXingBaoBaoYuanYuan02,39,,
1591,ShapeShifting,1591,Biến Thân - Công Chúa Nhân Ngư Trưởng Thành,PetHeader7_14,ZhenShou20140520MeiRenYuZhenShou1,39,,
1592,ShapeShifting,1592,Biến Thân - Công Chúa Nhân Ngư Biến Dị,PetHeader7_14,ZhenShou20140520MeiRenYuZhenShou2,39,,
1593,ShapeShifting,1593,Biến Thân - Công Chúa Nhân Ngư Biến Dị,PetHeader7_14,ZhenShou20140520MeiRenYuZhenShou3,39,,
1594,ShapeShifting,1594,Biến Thân - Công Chúa Nhân Ngư Bảo Bảo,PetHeader7_14,ZhenShou20140520MeiRenYuZhenShou1,39,,
1595,ShapeShifting,1595,Biến Thân - Công Chúa Nhân Ngư Biến Dị,PetHeader7_14,ZhenShou20140520MeiRenYuZhenShou4,39,,
1596,ShapeShifting,1596,Biến Thân - Công Chúa Nhân Ngư Biến Dị,PetHeader7_14,ZhenShou20140520MeiRenYuZhenShou5,39,,
1597,ShapeShifting,1597,Biến Thân - Công Chúa Nhân Ngư Biến Dị,PetHeader7_14,ZhenShou20140520MeiRenYuZhenShou6,39,,
1598,ShapeShifting,1598,Biến Thân - Công Chúa Nhân Ngư Biến Dị,PetHeader7_14,ZhenShou20140520MeiRenYuZhenShou7,39,,
1599,ShapeShifting,1599,Biến Thân - Công Chúa Nhân Ngư Biến Dị,PetHeader7_14,ZhenShou20140520MeiRenYuZhenShou8,39,,
1600,ShapeShifting,1600,Biến Thân - Công Chúa Nhân Ngư Biến Dị,PetHeader7_14,ZhenShou20140520MeiRenYuZhenShou9,39,,
1601,ShapeShifting,1601,Biến Thân - Bàng Giải Trưởng Thành,PetHeader3_23,ChongWuPangXie,39,,
1602,ShapeShifting,1602,Biến Thân - Bàng Giải Biến Dị,PetHeader3_23,ChongWuPangXie1,39,,
1603,ShapeShifting,1603,Biến Thân - Bàng Giải Biến Dị,PetHeader3_23,ChongWuPangXie2,39,,
1604,ShapeShifting,1604,Biến Thân - Bàng Giải Bảo Bảo,PetHeader3_23,ChongWuPangXie,39,,
1605,ShapeShifting,1605,Biến Thân - Chiến Tu La Trưởng Thành,PetHeader7_15,ZhenShou140529ZhuRong1,39,,
1606,ShapeShifting,1606,Biến Thân - Chiến Tu La Biến Dị,PetHeader7_15,ZhenShou140529ZhuRong2,39,,
1607,ShapeShifting,1607,Biến Thân - Chiến Tu La Biến Dị,PetHeader7_15,ZhenShou140529ZhuRong3,39,,
1608,ShapeShifting,1608,Biến Thân - Chiến Tu La Bảo Bảo,PetHeader7_15,ZhenShou140529ZhuRong1,39,,
1609,ShapeShifting,1609,Biến Thân - Chiến Tu La Biến Dị,PetHeader7_15,ZhenShou140529ZhuRong4,39,,
1610,ShapeShifting,1610,Biến Thân - Chiến Tu La Biến Dị,PetHeader7_15,ZhenShou140529ZhuRong5,39,,
1611,ShapeShifting,1611,Biến Thân - Chiến Tu La Biến Dị,PetHeader7_15,ZhenShou140529ZhuRong6,39,,
1612,ShapeShifting,1612,Biến Thân - Chiến Tu La Biến Dị,PetHeader7_15,ZhenShou140529ZhuRong7,39,,
1613,ShapeShifting,1613,Biến Thân - Chiến Tu La Biến Dị,PetHeader7_15,ZhenShou140529ZhuRong8,39,,
1614,ShapeShifting,1614,Biến Thân - Chiến Tu La Biến Dị,PetHeader7_15,ZhenShou140529ZhuRong9,39,,
1615,ShapeShifting,1615,Biến Thân - Tà Linh Trưởng Thành,PetHeader7_19,ZhenShou150127LingHunShouGeZhe01,39,,
1616,ShapeShifting,1616,Biến Thân - Tà Linh Biến Dị,PetHeader7_19,ZhenShou150127LingHunShouGeZhe02,39,,
1617,ShapeShifting,1617,Biến Thân - Tà Linh Biến Dị,PetHeader7_19,ZhenShou150127LingHunShouGeZhe03,39,,
1618,ShapeShifting,1618,Biến Thân - Tà Linh Bảo Bảo,PetHeader7_19,ZhenShou150127LingHunShouGeZhe01,39,,
1619,ShapeShifting,1619,Biến Thân - Tà Linh Biến Dị,PetHeader7_19,ZhenShou150127LingHunShouGeZhe04,39,,
1620,ShapeShifting,1620,Biến Thân - Tà Linh Biến Dị,PetHeader7_19,ZhenShou150127LingHunShouGeZhe05,39,,
1621,ShapeShifting,1621,Biến Thân - Tà Linh Biến Dị,PetHeader7_19,ZhenShou150127LingHunShouGeZhe06,39,,
1622,ShapeShifting,1622,Biến Thân - Tà Linh Biến Dị,PetHeader7_19,ZhenShou150127LingHunShouGeZhe07,39,,
1623,ShapeShifting,1623,Biến Thân - Tà Linh Biến Dị,PetHeader7_19,ZhenShou150127LingHunShouGeZhe08,39,,
1624,ShapeShifting,1624,Biến Thân - Tà Linh Biến Dị,PetHeader7_19,ZhenShou150127LingHunShouGeZhe09,39,,
1625,ShapeShifting,1625,Biến Thân - Hồ Yêu Kiếm Quân Trưởng Thành,PetHeader7_20,ZhenShou150114JianXinHuLi01,39,,
1626,ShapeShifting,1626,Biến Thân - Hồ Yêu Kiếm Quân Biến Dị,PetHeader7_20,ZhenShou150114JianXinHuLi02,39,,
1627,ShapeShifting,1627,Biến Thân - Hồ Yêu Kiếm Quân Biến Dị,PetHeader7_20,ZhenShou150114JianXinHuLi03,39,,
1628,ShapeShifting,1628,Biến Thân - Hồ Yêu Kiếm Quân Bảo Bảo,PetHeader7_20,ZhenShou150114JianXinHuLi01,39,,
1629,ShapeShifting,1629,Biến Thân - Hồ Yêu Kiếm Quân Biến Dị,PetHeader7_20,ZhenShou150114JianXinHuLi04,39,,
1630,ShapeShifting,1630,Biến Thân - Hồ Yêu Kiếm Quân Biến Dị,PetHeader7_20,ZhenShou150114JianXinHuLi05,39,,
1631,ShapeShifting,1631,Biến Thân - Hồ Yêu Kiếm Quân Biến Dị,PetHeader7_20,ZhenShou150114JianXinHuLi06,39,,
1632,ShapeShifting,1632,Biến Thân - Hồ Yêu Kiếm Quân Biến Dị,PetHeader7_20,ZhenShou150114JianXinHuLi07,39,,
1633,ShapeShifting,1633,Biến Thân - Hồ Yêu Kiếm Quân Biến Dị,PetHeader7_20,ZhenShou150114JianXinHuLi08,39,,
1634,ShapeShifting,1634,Biến Thân - Hồ Yêu Kiếm Quân Biến Dị,PetHeader7_20,ZhenShou150114JianXinHuLi09,39,,
1635,ShapeShifting,1635,Biến Thân - Cửu Tiêu Chiến Long Trưởng Thành,PetHeader7_21,ZhenShou150213GangQuanLongRen01,39,,
1636,ShapeShifting,1636,Biến Thân - Cửu Tiêu Chiến Long Biến Dị,PetHeader7_21,ZhenShou150213GangQuanLongRen02,39,,
1637,ShapeShifting,1637,Biến Thân - Cửu Tiêu Chiến Long Biến Dị,PetHeader7_21,ZhenShou150213GangQuanLongRen03,39,,
1638,ShapeShifting,1638,Biến Thân - Cửu Tiêu Chiến Long Bảo Bảo,PetHeader7_21,ZhenShou150213GangQuanLongRen01,39,,
1639,ShapeShifting,1639,Biến Thân - Cửu Tiêu Chiến Long Biến Dị,PetHeader7_21,ZhenShou150213GangQuanLongRen04,39,,
1640,ShapeShifting,1640,Biến Thân - Cửu Tiêu Chiến Long Biến Dị,PetHeader7_21,ZhenShou150213GangQuanLongRen05,39,,
1641,ShapeShifting,1641,Biến Thân - Cửu Tiêu Chiến Long Biến Dị,PetHeader7_21,ZhenShou150213GangQuanLongRen06,39,,
1642,ShapeShifting,1642,Biến Thân - Cửu Tiêu Chiến Long Biến Dị,PetHeader7_21,ZhenShou150213GangQuanLongRen07,39,,
1643,ShapeShifting,1643,Biến Thân - Cửu Tiêu Chiến Long Biến Dị,PetHeader7_21,ZhenShou150213GangQuanLongRen08,39,,
1644,ShapeShifting,1644,Biến Thân - Cửu Tiêu Chiến Long Biến Dị,PetHeader7_21,ZhenShou150213GangQuanLongRen09,39,,
1645,ShapeShifting,1645,Biến Thân - Đồng Tâm Uyên Ương Trưởng Thành,PetHeader4_11,YuanYangFangDaBan,39,,
1646,ShapeShifting,1646,Biến Thân - Đồng Tâm Uyên Ương Biến Dị,PetHeader4_11,YuanYangFangDaBan1,39,,
1647,ShapeShifting,1647,Biến Thân - Đồng Tâm Uyên Ương Biến Dị,PetHeader4_11,YuanYangFangDaBan2,39,,
1648,ShapeShifting,1648,Biến Thân - Đồng Tâm Uyên Ương Bảo Bảo,PetHeader4_11,YuanYangFangDaBan,39,,
1649,ShapeShifting,1649,Biến Thân - Đồng Tâm Uyên Ương Biến Dị,PetHeader4_11,YuanYangFangDaBan3,39,,
1650,ShapeShifting,1650,Biến Thân - Đồng Tâm Uyên Ương Biến Dị,PetHeader4_11,YuanYangFangDaBan4,39,,
1651,ShapeShifting,1651,Biến Thân - Đồng Tâm Uyên Ương Biến Dị,PetHeader4_11,YuanYangFangDaBan5,39,,
1652,ShapeShifting,1652,Biến Thân - Đồng Tâm Uyên Ương Biến Dị,PetHeader4_11,YuanYangFangDaBan6,39,,
1653,ShapeShifting,1653,Biến Thân - Đồng Tâm Uyên Ương Biến Dị,PetHeader4_11,YuanYangFangDaBan7,39,,
1654,ShapeShifting,1654,Biến Thân - Đồng Tâm Uyên Ương Biến Dị,PetHeader4_11,YuanYangFangDaBan8,39,,
1655,ShapeShifting,1655,Biến Thân - Thiết Phiến Công Chúa Trưởng Thành,PetHeader7_22,ZhenShou150525NiuLangZhiNu01,39,,
1656,ShapeShifting,1656,Biến Thân - Thiết Phiến Công Chúa Biến Dị,PetHeader7_22,ZhenShou150525NiuLangZhiNu02,39,,
1657,ShapeShifting,1657,Biến Thân - Thiết Phiến Công Chúa Biến Dị,PetHeader7_22,ZhenShou150525NiuLangZhiNu03,39,,
1658,ShapeShifting,1658,Biến Thân - Thiết Phiến Công Chúa Bảo Bảo,PetHeader7_22,ZhenShou150525NiuLangZhiNu01,39,,
1659,ShapeShifting,1659,Biến Thân - Thiết Phiến Công Chúa Biến Dị,PetHeader7_22,ZhenShou150525NiuLangZhiNu04,39,,
1660,ShapeShifting,1660,Biến Thân - Thiết Phiến Công Chúa Biến Dị,PetHeader7_22,ZhenShou150525NiuLangZhiNu05,39,,
1661,ShapeShifting,1661,Biến Thân - Thiết Phiến Công Chúa Biến Dị,PetHeader7_22,ZhenShou150525NiuLangZhiNu06,39,,
1662,ShapeShifting,1662,Biến Thân - Thiết Phiến Công Chúa Biến Dị,PetHeader7_22,ZhenShou150525NiuLangZhiNu07,39,,
1663,ShapeShifting,1663,Biến Thân - Thiết Phiến Công Chúa Biến Dị,PetHeader7_22,ZhenShou150525NiuLangZhiNu08,39,,
1664,ShapeShifting,1664,Biến Thân - Thiết Phiến Công Chúa Biến Dị,PetHeader7_22,ZhenShou150525NiuLangZhiNu09,39,,
1665,ShapeShifting,1665,Biến Thân - Thông Tí Viên Hầu Trưởng Thành,PetHeader7_23,ZhenShou150811HouZi01,39,,
1666,ShapeShifting,1666,Biến Thân - Thông Tí Viên Hầu Biến Dị,PetHeader7_23,ZhenShou150811HouZi02,39,,
1667,ShapeShifting,1667,Biến Thân - Thông Tí Viên Hầu Biến Dị,PetHeader7_23,ZhenShou150811HouZi03,39,,
1668,ShapeShifting,1668,Biến Thân - Thông Tí Viên Hầu Bảo Bảo,PetHeader7_23,ZhenShou150811HouZi01,39,,
1669,ShapeShifting,1669,Biến Thân - Thông Tí Viên Hầu Biến Dị,PetHeader7_23,ZhenShou150811HouZi04,39,,
1670,ShapeShifting,1670,Biến Thân - Thông Tí Viên Hầu Biến Dị,PetHeader7_23,ZhenShou150811HouZi05,39,,
1671,ShapeShifting,1671,Biến Thân - Thông Tí Viên Hầu Biến Dị,PetHeader7_23,ZhenShou150811HouZi06,39,,
1672,ShapeShifting,1672,Biến Thân - Thông Tí Viên Hầu Biến Dị,PetHeader7_23,ZhenShou150811HouZi07,39,,
1673,ShapeShifting,1673,Biến Thân - Thông Tí Viên Hầu Biến Dị,PetHeader7_23,ZhenShou150811HouZi08,39,,
1674,ShapeShifting,1674,Biến Thân - Thông Tí Viên Hầu Biến Dị,PetHeader7_23,ZhenShou150811HouZi09,39,,
1675,ShapeShifting,1675,Biến Thân - Đại Sa Ngư Trưởng Thành,PetHeader7_12,ZhenShou140416DaShaYu01,39,,
1676,ShapeShifting,1676,Biến Thân - Đại Sa Ngư Biến Dị,PetHeader7_12,ZhenShou140416DaShaYu02,39,,
1677,ShapeShifting,1677,Biến Thân - Đại Sa Ngư Biến Dị,PetHeader7_12,ZhenShou140416DaShaYu03,39,,
1678,ShapeShifting,1678,Biến Thân - Đại Sa Ngư Bảo Bảo,PetHeader7_12,ZhenShou140416DaShaYu01,39,,
1679,ShapeShifting,1679,Biến Thân - Đại Sa Ngư Biến Dị,PetHeader7_12,ZhenShou140416DaShaYu04,39,,
1680,ShapeShifting,1680,Biến Thân - Đại Sa Ngư Biến Dị,PetHeader7_12,ZhenShou140416DaShaYu05,39,,
1681,ShapeShifting,1681,Biến Thân - Đại Sa Ngư Biến Dị,PetHeader7_12,ZhenShou140416DaShaYu06,39,,
1682,ShapeShifting,1682,Biến Thân - Đại Sa Ngư Biến Dị,PetHeader7_12,ZhenShou140416DaShaYu07,39,,
1683,ShapeShifting,1683,Biến Thân - Đại Sa Ngư Biến Dị,PetHeader7_12,ZhenShou140416DaShaYu08,39,,
1684,ShapeShifting,1684,Biến Thân - Đại Sa Ngư Biến Dị,PetHeader7_12,ZhenShou140416DaShaYu09,39,,
1685,ShapeShifting,1685,Biến Thân - Mỹ Hầu Vương Trưởng Thành,PetHeader7_24,ZhenShou150910DaSheng01,39,,
1686,ShapeShifting,1686,Biến Thân - Mỹ Hầu Vương Biến Dị,PetHeader7_24,ZhenShou150910DaSheng02,39,,
1687,ShapeShifting,1687,Biến Thân - Mỹ Hầu Vương Biến Dị,PetHeader7_24,ZhenShou150910DaSheng03,39,,
1688,ShapeShifting,1688,Biến Thân - Mỹ Hầu Vương Bảo Bảo,PetHeader7_24,ZhenShou150910DaSheng01,39,,
1689,ShapeShifting,1689,Biến Thân - Mỹ Hầu Vương Biến Dị,PetHeader7_24,ZhenShou150910DaSheng04,39,,
1690,ShapeShifting,1690,Biến Thân - Mỹ Hầu Vương Biến Dị,PetHeader7_24,ZhenShou150910DaSheng05,39,,
1691,ShapeShifting,1691,Biến Thân - Mỹ Hầu Vương Biến Dị,PetHeader7_24,ZhenShou150910DaSheng06,39,,
1692,ShapeShifting,1692,Biến Thân - Mỹ Hầu Vương Biến Dị,PetHeader7_24,ZhenShou150910DaSheng07,39,,
1693,ShapeShifting,1693,Biến Thân - Mỹ Hầu Vương Biến Dị,PetHeader7_24,ZhenShou150910DaSheng08,39,,
1694,ShapeShifting,1694,Biến Thân - Mỹ Hầu Vương Biến Dị,PetHeader7_24,ZhenShou150910DaSheng09,39,,
1695,ShapeShifting,1695,Biến Thân - Tề Thiên Đại Thánh Trưởng Thành,PetHeader7_25,ZhenShou151027ZuanShiVIPDaSheng01,39,,
1696,ShapeShifting,1696,Biến Thân - BobCon,PetHeader7_25,ZhenShou151027ZuanShiVIPDaSheng01,39,,
1697,ShapeShifting,1697,Biến Thân - Tề Thiên Đại Thánh Biến Dị,PetHeader7_25,ZhenShou151027ZuanShiVIPDaSheng02,39,,
1698,ShapeShifting,1698,Biến Thân - Tề Thiên Đại Thánh Biến Dị,PetHeader7_25,ZhenShou151027ZuanShiVIPDaSheng03,39,,
1699,ShapeShifting,1699,Biến Thân - Tề Thiên Đại Thánh Bảo Bảo,PetHeader7_25,ZhenShou151027ZuanShiVIPDaSheng01,39,,
1700,ShapeShifting,1700,Biến Thân - Tề Thiên Đại Thánh Biến Dị,PetHeader7_25,ZhenShou151027ZuanShiVIPDaSheng04,39,,
1701,ShapeShifting,1701,Biến Thân - Tề Thiên Đại Thánh Biến Dị,PetHeader7_25,ZhenShou151027ZuanShiVIPDaSheng05,39,,
1702,ShapeShifting,1702,Biến Thân - Tề Thiên Đại Thánh Biến Dị,PetHeader7_25,ZhenShou151027ZuanShiVIPDaSheng06,39,,
1703,ShapeShifting,1703,Biến Thân - Tề Thiên Đại Thánh Biến Dị,PetHeader7_25,ZhenShou151027ZuanShiVIPDaSheng07,39,,
1704,ShapeShifting,1704,Biến Thân - Tề Thiên Đại Thánh Biến Dị,PetHeader7_25,ZhenShou151027ZuanShiVIPDaSheng08,39,,
1705,ShapeShifting,1705,Biến Thân - Tề Thiên Đại Thánh Biến Dị,PetHeader7_25,ZhenShou151027ZuanShiVIPDaSheng09,39,,
1706,ShapeShifting,1706,Biến Thân - Trĩ Nguyệt Linh Trưởng Thành,PetHeader8_1,ZhenShou150810YueLiangShaoNu01,39,,
1707,ShapeShifting,1707,Biến Thân - Trĩ Nguyệt Linh Biến Dị,PetHeader8_1,ZhenShou150810YueLiangShaoNu02,39,,
1708,ShapeShifting,1708,Biến Thân - Trĩ Nguyệt Linh Biến Dị,PetHeader8_1,ZhenShou150810YueLiangShaoNu03,39,,
1709,ShapeShifting,1709,Biến Thân - Trĩ Nguyệt Linh Bảo Bảo,PetHeader8_1,ZhenShou150810YueLiangShaoNu01,39,,
1710,ShapeShifting,1710,Biến Thân - Trĩ Nguyệt Linh Biến Dị,PetHeader8_1,ZhenShou150810YueLiangShaoNu04,39,,
1711,ShapeShifting,1711,Biến Thân - Trĩ Nguyệt Linh Biến Dị,PetHeader8_1,ZhenShou150810YueLiangShaoNu05,39,,
1712,ShapeShifting,1712,Biến Thân - Trĩ Nguyệt Linh Biến Dị,PetHeader8_1,ZhenShou150810YueLiangShaoNu06,39,,
1713,ShapeShifting,1713,Biến Thân - Trĩ Nguyệt Linh Biến Dị,PetHeader8_1,ZhenShou150810YueLiangShaoNu07,39,,
1714,ShapeShifting,1714,Biến Thân - Trĩ Nguyệt Linh Biến Dị,PetHeader8_1,ZhenShou150810YueLiangShaoNu08,39,,
1715,ShapeShifting,1715,Biến Thân - Trĩ Nguyệt Linh Biến Dị,PetHeader8_1,ZhenShou150810YueLiangShaoNu09,39,,
1716,ShapeShifting,1716,Biến Thân - Nhị Lang Chân Quân Trưởng Thành,PetHeader8_2,ZhenShou151012ErLangShen01,39,,
1717,ShapeShifting,1717,Biến Thân - Nhị Lang Chân Quân Biến Dị,PetHeader8_2,ZhenShou151012ErLangShen02,39,,
1718,ShapeShifting,1718,Biến Thân - Nhị Lang Chân Quân Biến Dị,PetHeader8_2,ZhenShou151012ErLangShen03,39,,
1719,ShapeShifting,1719,Biến Thân - Nhị Lang Chân Quân Bảo Bảo,PetHeader8_2,ZhenShou151012ErLangShen01,39,,
1720,ShapeShifting,1720,Biến Thân - Nhị Lang Chân Quân Biến Dị,PetHeader8_2,ZhenShou151012ErLangShen04,39,,
1721,ShapeShifting,1721,Biến Thân - Nhị Lang Chân Quân Biến Dị,PetHeader8_2,ZhenShou151012ErLangShen05,39,,
1722,ShapeShifting,1722,Biến Thân - Nhị Lang Chân Quân Biến Dị,PetHeader8_2,ZhenShou151012ErLangShen07,39,,
1723,ShapeShifting,1723,Biến Thân - Nhị Lang Chân Quân Biến Dị,PetHeader8_2,ZhenShou151012ErLangShen06,39,,
1724,ShapeShifting,1724,Biến Thân - Nhị Lang Chân Quân Biến Dị,PetHeader8_2,ZhenShou151012ErLangShen08,39,,
1725,ShapeShifting,1725,Biến Thân - Nhị Lang Chân Quân Biến Dị,PetHeader8_2,ZhenShou151012ErLangShen09,39,,
1726,ShapeShifting,1726,Biến Thân - Đông Tử Trưởng Thành,PetHeader8_3,ZhenShou160411JingDongGou01,39,,
1727,ShapeShifting,1727,Biến Thân - Đông Tử Biến Dị,PetHeader8_3,ZhenShou160411JingDongGou02,39,,
1728,ShapeShifting,1728,Biến Thân - Đông Tử Biến Dị,PetHeader8_3,ZhenShou160411JingDongGou03,39,,
1729,ShapeShifting,1729,Biến Thân - Đông Tử Bảo Bảo,PetHeader8_3,ZhenShou160411JingDongGou01,39,,
1730,ShapeShifting,1730,Biến Thân - Long Tam Thái Tử Trưởng Thành,PetHeader8_4,ZhenShou160309TaiZiLong01,39,,
1731,ShapeShifting,1731,Biến Thân - Long Tam Thái Tử Biến Dị,PetHeader8_4,ZhenShou160309TaiZiLong02,39,,
1732,ShapeShifting,1732,Biến Thân - Long Tam Thái Tử Biến Dị,PetHeader8_4,ZhenShou160309TaiZiLong03,39,,
1733,ShapeShifting,1733,Biến Thân - Long Tam Thái Tử Bảo Bảo,PetHeader8_4,ZhenShou160309TaiZiLong01,39,,
1734,ShapeShifting,1734,Biến Thân - Long Tam Thái Tử Biến Dị,PetHeader8_4,ZhenShou160309TaiZiLong04,39,,
1735,ShapeShifting,1735,Biến Thân - Long Tam Thái Tử Biến Dị,PetHeader8_4,ZhenShou160309TaiZiLong05,39,,
1736,ShapeShifting,1736,Biến Thân - Long Tam Thái Tử Biến Dị,PetHeader8_4,ZhenShou160309TaiZiLong06,39,,
1737,ShapeShifting,1737,Biến Thân - Long Tam Thái Tử Biến Dị,PetHeader8_4,ZhenShou160309TaiZiLong07,39,,
1738,ShapeShifting,1738,Biến Thân - Long Tam Thái Tử Biến Dị,PetHeader8_4,ZhenShou160309TaiZiLong08,39,,
1739,ShapeShifting,1739,Biến Thân - Long Tam Thái Tử Biến Dị,PetHeader8_4,ZhenShou160309TaiZiLong09,39,,
1740,ShapeShifting,1740,Biến Thân - Hồ Tiểu Tiên Trưởng Thành,PetHeader8_5,ZhenShou160325ZhenShouMiao01,39,,
1741,ShapeShifting,1741,Biến Thân - Hồ Tiểu Tiên Biến Dị,PetHeader8_5,ZhenShou160325ZhenShouMiao02,39,,
1742,ShapeShifting,1742,Biến Thân - Hồ Tiểu Tiên Biến Dị,PetHeader8_5,ZhenShou160325ZhenShouMiao03,39,,
1743,ShapeShifting,1743,Biến Thân - Hồ Tiểu Tiên Bảo Bảo,PetHeader8_5,ZhenShou160325ZhenShouMiao01,39,,
1744,ShapeShifting,1744,Biến Thân - Hồ Tiểu Tiên Biến Dị,PetHeader8_5,ZhenShou160325ZhenShouMiao04,39,,
1745,ShapeShifting,1745,Biến Thân - Hồ Tiểu Tiên Biến Dị,PetHeader8_5,ZhenShou160325ZhenShouMiao05,39,,
1746,ShapeShifting,1746,Biến Thân - Hồ Tiểu Tiên Biến Dị,PetHeader8_5,ZhenShou160325ZhenShouMiao06,39,,
1747,ShapeShifting,1747,Biến Thân - Hồ Tiểu Tiên Biến Dị,PetHeader8_5,ZhenShou160325ZhenShouMiao07,39,,
1748,ShapeShifting,1748,Biến Thân - Hồ Tiểu Tiên Biến Dị,PetHeader8_5,ZhenShou160325ZhenShouMiao08,39,,
1749,ShapeShifting,1749,Biến Thân - Hồ Tiểu Tiên Biến Dị,PetHeader8_5,ZhenShou160325ZhenShouMiao09,39,,
1750,ShapeShifting,1750,Biến Thân - Manh Bảo Trư Trưởng Thành,PetHeader8_6,ZhenShou140416ChongWuZhu01,39,,
1751,ShapeShifting,1751,Biến Thân - Manh Bảo Trư Biến Dị,PetHeader8_6,ZhenShou140416ChongWuZhu02,39,,
1752,ShapeShifting,1752,Biến Thân - Manh Bảo Trư Biến Dị,PetHeader8_6,ZhenShou140416ChongWuZhu03,39,,
1753,ShapeShifting,1753,Biến Thân - Manh Bảo Trư Bảo Bảo,PetHeader8_6,ZhenShou140416ChongWuZhu01,39,,
1754,ShapeShifting,1754,Biến Thân - Manh Bảo Trư Biến Dị,PetHeader8_6,ZhenShou140416ChongWuZhu04,39,,
1755,ShapeShifting,1755,Biến Thân - Manh Bảo Trư Biến Dị,PetHeader8_6,ZhenShou140416ChongWuZhu05,39,,
1756,ShapeShifting,1756,Biến Thân - Manh Bảo Trư Biến Dị,PetHeader8_6,ZhenShou140416ChongWuZhu06,39,,
1757,ShapeShifting,1757,Biến Thân - Manh Bảo Trư Biến Dị,PetHeader8_6,ZhenShou140416ChongWuZhu07,39,,
1758,ShapeShifting,1758,Biến Thân - Manh Bảo Trư Biến Dị,PetHeader8_6,ZhenShou140416ChongWuZhu08,39,,
1759,ShapeShifting,1759,Biến Thân - Manh Bảo Trư Biến Dị,PetHeader8_6,ZhenShou140416ChongWuZhu09,39,,
1760,ShapeShifting,1760,Biến Thân - Oa Hoàng Long Quân Trưởng Thành,PetHeader8_8,ZhenShou121218ZuanShiVIPShe1,39,,
1761,ShapeShifting,1761,Biến Thân - Oa Hoàng Long Quân Biến Dị,PetHeader8_8,ZhenShou160927JueXingLongMang,39,,
1762,ShapeShifting,1762,Biến Thân - Oa Hoàng Long Quân Bảo Bảo,PetHeader8_8,ZhenShou121218ZuanShiVIPShe1,39,,
1763,ShapeShifting,1763,Biến Thân - Linh Mị Nhi Trưởng Thành,PetHeader8_7,ZhenShou160725YouYouQiu01,39,,
1764,ShapeShifting,1764,Biến Thân - Linh Mị Nhi Biến Dị,PetHeader8_7,ZhenShou160725YouYouQiu07,39,,
1765,ShapeShifting,1765,Biến Thân - Linh Mị Nhi Biến Dị,PetHeader8_7,ZhenShou160725YouYouQiu06,39,,
1766,ShapeShifting,1766,Biến Thân - Linh Mị Nhi Bảo Bảo,PetHeader8_7,ZhenShou160725YouYouQiu01,39,,
1767,ShapeShifting,1767,Biến Thân - Linh Mị Nhi Biến Dị,PetHeader8_7,ZhenShou160725YouYouQiu04,39,,
1768,ShapeShifting,1768,Biến Thân - Linh Mị Nhi Biến Dị,PetHeader8_7,ZhenShou160725YouYouQiu05,39,,
1769,ShapeShifting,1769,Biến Thân - Linh Mị Nhi Biến Dị,PetHeader8_7,ZhenShou160725YouYouQiu03,39,,
1770,ShapeShifting,1770,Biến Thân - Linh Mị Nhi Biến Dị,PetHeader8_7,ZhenShou160725YouYouQiu02,39,,
1771,ShapeShifting,1771,Biến Thân - Linh Mị Nhi Biến Dị,PetHeader8_7,ZhenShou160725YouYouQiu09,39,,
1772,ShapeShifting,1772,Biến Thân - Linh Mị Nhi Biến Dị,PetHeader8_7,ZhenShou160725YouYouQiu08,39,,
1773,ShapeShifting,1773,Biến Thân - Oa Hoàng Long Đế Trưởng Thành,PetHeader8_9,ZhenShou121218ZuanShiVIPShe1,39,,
1774,ShapeShifting,1774,Biến Thân - Oa Hoàng Long Đế Biến Dị,PetHeader8_9,ZhenShou160927JueXingLongMang2,39,,
1775,ShapeShifting,1775,Biến Thân - Oa Hoàng Long Đế Bảo Bảo,PetHeader8_9,ZhenShou121218ZuanShiVIPShe1,39,,
1776,ShapeShifting,1776,Biến Thân - Bích Lạc Thanh Loan Trưởng Thành,PetHeader8_10,ZhenShou161112VIPFengHuang01,39,,
1777,ShapeShifting,1777,Biến Thân - Bích Lạc Thanh Loan Biến Dị,PetHeader8_10,ZhenShou161112VIPFengHuang02,39,,
1778,ShapeShifting,1778,Biến Thân - Bích Lạc Thanh Loan Biến Dị,PetHeader8_10,ZhenShou161112VIPFengHuang03,39,,
1779,ShapeShifting,1779,Biến Thân - Bích Lạc Thanh Loan Bảo Bảo,PetHeader8_10,ZhenShou161112VIPFengHuang01,39,,
1780,ShapeShifting,1780,Biến Thân - Bích Lạc Thanh Loan Biến Dị,PetHeader8_10,ZhenShou161112VIPFengHuang04,39,,
1781,ShapeShifting,1781,Biến Thân - Bích Lạc Thanh Loan Biến Dị,PetHeader8_10,ZhenShou161112VIPFengHuang05,39,,
1782,ShapeShifting,1782,Biến Thân - Bích Lạc Thanh Loan Biến Dị,PetHeader8_10,ZhenShou161112VIPFengHuang07,39,,
1783,ShapeShifting,1783,Biến Thân - Bích Lạc Thanh Loan Biến Dị,PetHeader8_10,ZhenShou161112VIPFengHuang06,39,,
1784,ShapeShifting,1784,Biến Thân - Bích Lạc Thanh Loan Biến Dị,PetHeader8_10,ZhenShou161112VIPFengHuang09,39,,
1785,ShapeShifting,1785,Biến Thân - Bích Lạc Thanh Loan Biến Dị,PetHeader8_10,ZhenShou161112VIPFengHuang08,39,,
1786,ShapeShifting,1786,Biến Thân - Thiên Mệnh Huyền Phượng Trưởng Thành,PetHeader8_11,ZhenShou161112ZuanShiVIPFengHuang01,39,,
1787,ShapeShifting,1787,Biến Thân - Thiên Mệnh Huyền Phượng Biến Dị,PetHeader8_11,ZhenShou161112ZuanShiVIPFengHuang02,39,,
1788,ShapeShifting,1788,Biến Thân - Thiên Mệnh Huyền Phượng Biến Dị,PetHeader8_11,ZhenShou161112ZuanShiVIPFengHuang03,39,,
1789,ShapeShifting,1789,Biến Thân - Thiên Mệnh Huyền Phượng Bảo Bảo,PetHeader8_11,ZhenShou161112ZuanShiVIPFengHuang01,39,,
1790,ShapeShifting,1790,Biến Thân - Thiên Mệnh Huyền Phượng Biến Dị,PetHeader8_11,ZhenShou161112ZuanShiVIPFengHuang04,39,,
1791,ShapeShifting,1791,Biến Thân - Thiên Mệnh Huyền Phượng Biến Dị,PetHeader8_11,ZhenShou161112ZuanShiVIPFengHuang05,39,,
1792,ShapeShifting,1792,Biến Thân - Thiên Mệnh Huyền Phượng Biến Dị,PetHeader8_11,ZhenShou161112ZuanShiVIPFengHuang07,39,,
1793,ShapeShifting,1793,Biến Thân - Thiên Mệnh Huyền Phượng Biến Dị,PetHeader8_11,ZhenShou161112ZuanShiVIPFengHuang06,39,,
1794,ShapeShifting,1794,Biến Thân - Thiên Mệnh Huyền Phượng Biến Dị,PetHeader8_11,ZhenShou161112ZuanShiVIPFengHuang09,39,,
1795,ShapeShifting,1795,Biến Thân - Thiên Mệnh Huyền Phượng Biến Dị,PetHeader8_11,ZhenShou161112ZuanShiVIPFengHuang08,39,,
1796,ShapeShifting,1796,Biến Thân - Diệu Thử Tiểu Trưởng Thành,PetHeader8_12,ZhenShou161120TaiJiShu01,39,,
1797,ShapeShifting,1797,Biến Thân - Diệu Thử Tiểu Tiên Biến Dị,PetHeader8_12,ZhenShou161120TaiJiShu02,39,,
1798,ShapeShifting,1798,Biến Thân - Diệu Thử Tiểu Tiên Biến Dị,PetHeader8_12,ZhenShou161120TaiJiShu04,39,,
1799,ShapeShifting,1799,Biến Thân - Diệu Thử Tiểu Tiên Bảo Bảo,PetHeader8_12,ZhenShou161120TaiJiShu01,39,,
1800,ShapeShifting,1800,Biến Thân - Diệu Thử Tiểu Tiên Biến Dị,PetHeader8_12,ZhenShou161120TaiJiShu03,39,,
1801,ShapeShifting,1801,Biến Thân - Diệu Thử Tiểu Tiên Biến Dị,PetHeader8_12,ZhenShou161120TaiJiShu05,39,,
1802,ShapeShifting,1802,Biến Thân - Diệu Thử Tiểu Tiên Biến Dị,PetHeader8_12,ZhenShou161120TaiJiShu06,39,,
1803,ShapeShifting,1803,Biến Thân - Diệu Thử Tiểu Tiên Biến Dị,PetHeader8_12,ZhenShou161120TaiJiShu07,39,,
1804,ShapeShifting,1804,Biến Thân - Diệu Thử Tiểu Tiên Biến Dị,PetHeader8_12,ZhenShou161120TaiJiShu08,39,,
1805,ShapeShifting,1805,Biến Thân - Diệu Thử Tiểu Tiên Biến Dị,PetHeader8_12,ZhenShou161120TaiJiShu09,39,,
1806,ShapeShifting,1806,Biến Thân - Thần Kỳ Tiểu Tử Trưởng Thành,PetHeader8_13,ZhenShou20161025XiaoPaoShou1,39,,
1807,ShapeShifting,1807,Biến Thân - Thần Kỳ Tiểu Tử Biến Dị,PetHeader8_13,ZhenShou20161025XiaoPaoShou2,39,,
1808,ShapeShifting,1808,Biến Thân - Thần Kỳ Tiểu Tử Biến Dị,PetHeader8_13,ZhenShou20161025XiaoPaoShou3,39,,
1809,ShapeShifting,1809,Biến Thân - Thần Kỳ Tiểu Tử Bảo Bảo,PetHeader8_13,ZhenShou20161025XiaoPaoShou1,39,,
1810,ShapeShifting,1810,Biến Thân - Thần Kỳ Tiểu Tử Biến Dị,PetHeader8_13,ZhenShou20161025XiaoPaoShou4,39,,
1811,ShapeShifting,1811,Biến Thân - Thần Kỳ Tiểu Tử Biến Dị,PetHeader8_13,ZhenShou20161025XiaoPaoShou5,39,,
1812,ShapeShifting,1812,Biến Thân - Thần Kỳ Tiểu Tử Biến Dị,PetHeader8_13,ZhenShou20161025XiaoPaoShou6,39,,
1813,ShapeShifting,1813,Biến Thân - Thần Kỳ Tiểu Tử Biến Dị,PetHeader8_13,ZhenShou20161025XiaoPaoShou7,39,,
1814,ShapeShifting,1814,Biến Thân - Thần Kỳ Tiểu Tử Biến Dị,PetHeader8_13,ZhenShou20161025XiaoPaoShou8,39,,
1815,ShapeShifting,1815,Biến Thân - Thần Kỳ Tiểu Tử Biến Dị,PetHeader8_13,ZhenShou20161025XiaoPaoShou9,39,,
1816,ShapeShifting,1816,Biến Thân - Vân Tiêu Ngọc Thố Trưởng Thành,PetHeader6_4,ZhenShou20110803QiXiJieTuZi1,39,,
1817,ShapeShifting,1817,Biến Thân - Vân Tiêu Ngọc Thố Biến Dị,PetHeader6_4,ZhenShou20110803QiXiJieTuZi2,39,,
1818,ShapeShifting,1818,Biến Thân - Vân Tiêu Ngọc Thố Biến Dị,PetHeader6_4,ZhenShou20110803QiXiJieTuZi3,39,,
1819,ShapeShifting,1819,Biến Thân - Vân Tiêu Ngọc Thố Bảo Bảo,PetHeader6_4,ZhenShou20110803QiXiJieTuZi1,39,,
1820,ShapeShifting,1820,Biến Thân - Vân Tiêu Ngọc Thố Biến Dị,PetHeader6_4,ZhenShou20110803QiXiJieTuZi4,39,,
1821,ShapeShifting,1821,Biến Thân - Vân Tiêu Ngọc Thố Biến Dị,PetHeader6_4,ZhenShou20110803QiXiJieTuZi5,39,,
1822,ShapeShifting,1822,Biến Thân - Vân Tiêu Ngọc Thố Biến Dị,PetHeader6_4,ZhenShou20110803QiXiJieTuZi6,39,,
1823,ShapeShifting,1823,Biến Thân - Vân Tiêu Ngọc Thố Biến Dị,PetHeader6_4,ZhenShou20110803QiXiJieTuZi7,39,,
1824,ShapeShifting,1824,Biến Thân - Vân Tiêu Ngọc Thố Biến Dị,PetHeader6_4,ZhenShou20110803QiXiJieTuZi8,39,,
1825,ShapeShifting,1825,Biến Thân - Vân Tiêu Ngọc Thố Biến Dị,PetHeader6_4,ZhenShou20110803QiXiJieTuZi9,39,,
1826,ShapeShifting,1826,Biến Thân - Linh Châu Tử Trưởng Thành,PetHeader8_14,ZhenShou170909NaZha01,39,,
1827,ShapeShifting,1827,Biến Thân - Linh Châu Tử Biến Dị,PetHeader8_14,ZhenShou170909NaZha03,39,,
1828,ShapeShifting,1828,Biến Thân - Linh Châu Tử Biến Dị,PetHeader8_14,ZhenShou170909NaZha02,39,,
1829,ShapeShifting,1829,Biến Thân - Linh Châu Tử Bảo Bảo,PetHeader8_14,ZhenShou170909NaZha01,39,,
1830,ShapeShifting,1830,Biến Thân - Linh Châu Tử Biến Dị,PetHeader8_14,ZhenShou170909NaZha04,39,,
1831,ShapeShifting,1831,Biến Thân - Linh Châu Tử Biến Dị,PetHeader8_14,ZhenShou170909NaZha05,39,,
1832,ShapeShifting,1832,Biến Thân - Linh Châu Tử Biến Dị,PetHeader8_14,ZhenShou170909NaZha06,39,,
1833,ShapeShifting,1833,Biến Thân - Linh Châu Tử Biến Dị,PetHeader8_14,ZhenShou170909NaZha07,39,,
1834,ShapeShifting,1834,Biến Thân - Linh Châu Tử Biến Dị,PetHeader8_14,ZhenShou170909NaZha08,39,,
1835,ShapeShifting,1835,Biến Thân - Linh Châu Tử Biến Dị,PetHeader8_14,ZhenShou170909NaZha09,39,,
1836,ShapeShifting,1836,Biến Thân - Phệ Nguyệt Thương cẩu Trưởng Thành,PetHeader8_16,ZhenShou171027ZuanShiVIPGou01,39,,
1837,ShapeShifting,1837,Biến Thân - Phệ Nguyệt Thương cẩu Biến Dị,PetHeader8_16,ZhenShou171027ZuanShiVIPGou02,39,,
1838,ShapeShifting,1838,Biến Thân - Phệ Nguyệt Thương cẩu Biến Dị,PetHeader8_16,ZhenShou171027ZuanShiVIPGou03,39,,
1839,ShapeShifting,1839,Biến Thân - Phệ Nguyệt Thương cẩu Bảo Bảo,PetHeader8_16,ZhenShou171027ZuanShiVIPGou01,39,,
1840,ShapeShifting,1840,Biến Thân - Phệ Nguyệt Thương cẩu Biến Dị,PetHeader8_16,ZhenShou171027ZuanShiVIPGou04,39,,
1841,ShapeShifting,1841,Biến Thân - Phệ Nguyệt Thương cẩu Biến Dị,PetHeader8_16,ZhenShou171027ZuanShiVIPGou05,39,,
1842,ShapeShifting,1842,Biến Thân - Phệ Nguyệt Thương cẩu Biến Dị,PetHeader8_16,ZhenShou171027ZuanShiVIPGou06,39,,
1843,ShapeShifting,1843,Biến Thân - Phệ Nguyệt Thương cẩu Biến Dị,PetHeader8_16,ZhenShou171027ZuanShiVIPGou07,39,,
1844,ShapeShifting,1844,Biến Thân - Phệ Nguyệt Thương cẩu Biến Dị,PetHeader8_16,ZhenShou171027ZuanShiVIPGou08,39,,
1845,ShapeShifting,1845,Biến Thân - Phệ Nguyệt Thương cẩu Biến Dị,PetHeader8_16,ZhenShou171027ZuanShiVIPGou09,39,,
1846,ShapeShifting,1846,Biến Thân - Tử Tiêu Huyền Lang Trưởng Thành,PetHeader8_15,ZhenShou171008vipGou01,39,,
1847,ShapeShifting,1847,Biến Thân - Dị Biến Tử Tiêu Huyền Lang,PetHeader8_15,ZhenShou171008vipGou02,39,,
1848,ShapeShifting,1848,Biến Thân - Dị Biến Tử Tiêu Huyền Lang,PetHeader8_15,ZhenShou171008vipGou03,39,,
1849,ShapeShifting,1849,Biến Thân - Tử Tiêu Huyền Lang Bảo Bảo,PetHeader8_15,ZhenShou171008vipGou01,39,,
1850,ShapeShifting,1850,Biến Thân - Dị Biến Tử Tiêu Huyền Lang,PetHeader8_15,ZhenShou171008vipGou04,39,,
1851,ShapeShifting,1851,Biến Thân - Dị Biến Tử Tiêu Huyền Lang,PetHeader8_15,ZhenShou171008vipGou05,39,,
1852,ShapeShifting,1852,Biến Thân - Dị Biến Tử Tiêu Huyền Lang,PetHeader8_15,ZhenShou171008vipGou06,39,,
1853,ShapeShifting,1853,Biến Thân - Dị Biến Tử Tiêu Huyền Lang,PetHeader8_15,ZhenShou171008vipGou07,39,,
1854,ShapeShifting,1854,Biến Thân - Dị Biến Tử Tiêu Huyền Lang,PetHeader8_15,ZhenShou171008vipGou08,39,,
1855,ShapeShifting,1855,Biến Thân - Dị Biến Tử Tiêu Huyền Lang,PetHeader8_15,ZhenShou171008vipGou09,39,,
1856,ShapeShifting,1856,Biến Thân - Chiêu Tài Cẩm Hồ Trưởng Thành,PetHeader8_17,ZhenShou170321XinHuXianWuQi01,39,,
1857,ShapeShifting,1857,Biến Thân - Chiêu Tài Cẩm Hồ Biến Dị,PetHeader8_17,ZhenShou170321XinHuXianWuQi06,39,,
1858,ShapeShifting,1858,Biến Thân - Chiêu Tài Cẩm Hồ Biến Dị,PetHeader8_17,ZhenShou170321XinHuXianWuQi04,39,,
1859,ShapeShifting,1859,Biến Thân - Chiêu Tài Cẩm Hồ Biến Dị,PetHeader8_17,ZhenShou170321XinHuXianWuQi03,39,,
1860,ShapeShifting,1860,Biến Thân - Chiêu Tài Cẩm Hồ Biến Dị,PetHeader8_17,ZhenShou170321XinHuXianWuQi05,39,,
1861,ShapeShifting,1861,Biến Thân - Chiêu Tài Cẩm Hồ Biến Dị,PetHeader8_17,ZhenShou170321XinHuXianWuQi02,39,,
1862,ShapeShifting,1862,Biến Thân - Chiêu Tài Cẩm Hồ Biến Dị,PetHeader8_17,ZhenShou170321XinHuXianWuQi08,39,,
1863,ShapeShifting,1863,Biến Thân - Chiêu Tài Cẩm Hồ Biến Dị,PetHeader8_17,ZhenShou170321XinHuXianWuQi07,39,,
1864,ShapeShifting,1864,Biến Thân - Chiêu Tài Cẩm Hồ Biến Dị,PetHeader8_17,ZhenShou170321XinHuXianWuQi09,39,,
1865,ShapeShifting,1865,Biến Thân - Chiêu Tài Cẩm Hồ Bảo Bảo,PetHeader8_17,ZhenShou170321XinHuXianWuQi01,39,,
1866,ShapeShifting,1866,Biến Thân - Đản Đản Kê Trưởng Thành,PetHeader8_18,ZhenShou180324DanDanJi01,39,,
1867,ShapeShifting,1867,Biến Thân - Đản Đản Kê Biến Dị,PetHeader8_18,ZhenShou180324DanDanJi05,39,,
1868,ShapeShifting,1868,Biến Thân - Đản Đản Kê Biến Dị,PetHeader8_18,ZhenShou180324DanDanJi03,39,,
1869,ShapeShifting,1869,Biến Thân - Đản Đản Kê Bảo Bảo,PetHeader8_18,ZhenShou180324DanDanJi01,39,,
1870,ShapeShifting,1870,Biến Thân - Đản Đản Kê Biến Dị,PetHeader8_18,ZhenShou180324DanDanJi06,39,,
1871,ShapeShifting,1871,Biến Thân - Đản Đản Kê Biến Dị,PetHeader8_18,ZhenShou180324DanDanJi02,39,,
1872,ShapeShifting,1872,Biến Thân - Đản Đản Kê Biến Dị,PetHeader8_18,ZhenShou180324DanDanJi07,39,,
1873,ShapeShifting,1873,Biến Thân - Đản Đản Kê Biến Dị,PetHeader8_18,ZhenShou180324DanDanJi04,39,,
1874,ShapeShifting,1874,Biến Thân - Đản Đản Kê Biến Dị,PetHeader8_18,ZhenShou180324DanDanJi08,39,,
1875,ShapeShifting,1875,Tiêu Tiêu,PetHeader8_18,ZhenShou180324DanDanJi09,39,,
1876,ShapeShifting,1876,Biến Thân - Ly Mỹ Nhân Trưởng Thành,PetHeader8_19,ZhenShou180621MeiMao03,39,,
1877,ShapeShifting,1877,Biến Thân - Ly Mỹ Nhân Biến Dị,PetHeader8_19,ZhenShou180621MeiMao04,39,,
1878,ShapeShifting,1878,Biến Thân - Ly Mỹ Nhân Biến Dị,PetHeader8_19,ZhenShou180621MeiMao06,39,,
1879,ShapeShifting,1879,Biến Thân - Ly Mỹ Nhân Bảo Bảo,PetHeader8_19,ZhenShou180621MeiMao03,39,,
1880,ShapeShifting,1880,Biến Thân - Ly Mỹ Nhân Biến Dị,PetHeader8_19,ZhenShou180621MeiMao05,39,,
1881,ShapeShifting,1881,Biến Thân - Ly Mỹ Nhân Biến Dị,PetHeader8_19,ZhenShou180621MeiMao02,39,,
1882,ShapeShifting,1882,Biến Thân - Ly Mỹ Nhân Biến Dị,PetHeader8_19,ZhenShou180621MeiMao01,39,,
1883,ShapeShifting,1883,Biến Thân - Ly Mỹ Nhân Biến Dị,PetHeader8_19,ZhenShou180621MeiMao08,39,,
1884,ShapeShifting,1884,Biến Thân - Ly Mỹ Nhân Biến Dị,PetHeader8_19,ZhenShou180621MeiMao07,39,,
1885,ShapeShifting,1885,Biến Thân - Ly Mỹ Nhân Biến Dị,PetHeader8_19,ZhenShou180621MeiMao09,39,,
1886,ShapeShifting,1886,Biến Thân - Thần Long Mãng,PetHeader6_19,ZhenShou121218ZuanShiVIPShe8,39,,
1887,ShapeShifting,1887,Biến Thân - Thần Long Cát Tường Miêu,PetHeader2_21,MoJingMao8a,39,,
1888,ShapeShifting,1888,Biến Thân - Thần Long Ngọc Thố,PetHeader6_4,ZhenShou20110803QiXiJieTuZi9a,39,,
1889,ShapeShifting,1889,Biến Thân - Tiểu Long Thần Biến Dị,PetHeader6_6,ZhenShou20111125ShengDanJieLongBaoBao9,39,,
