RowIndex,Tag,ID,Name,Icon,Type,Text,ChildrenJSON
1,CharFashionOrnament,1,Phẩm Trúc Nhi Ca,TopDecorate1_1,Head,,"[{""Tag"":""Man"",""Attributes"":{""Model"":""top_2022xiongmao"",""BoneName"":""m_Bip01_Head"",""Position"":""0,0,23.5"",""Rotation"":""90,0,0"",""Scale"":""1,1,1"",""UseAdditiveShader"":""false""}},{""Tag"":""Woman"",""Attributes"":{""Model"":""top_2022xiongmao"",""BoneName"":""w_Bip01_Head"",""Position"":""0,0,23.5"",""Rotation"":""90,0,0"",""Scale"":""1,1,1"",""UseAdditiveShader"":""false""}}]"
2,CharFashionOrnament,2,Mạch Ẩn Thanh Tri,BackDecorate1_1,Back,,"[{""Tag"":""Man"",""Attributes"":{""Model"":""back_2022xiongmao"",""BoneName"":""m_Bip01_Spine1"",""Position"":""0,30,0"",""Rotation"":""100,0,0"",""Scale"":""1,1,1"",""UseAdditiveShader"":""false""}},{""Tag"":""Woman"",""Attributes"":{""Model"":""back_2022xiongmao"",""BoneName"":""w_Bip01_Spine1"",""Position"":""0,30,0"",""Rotation"":""120,0,0"",""Scale"":""1,1,1"",""UseAdditiveShader"":""false""}}]"
3,CharFashionOrnament,3,Lưu Kim Phi Vũ,TopDecorate1_2,Head,,"[{""Tag"":""Man"",""Attributes"":{""Model"":""top_2022jinwu"",""BoneName"":""m_Bip01_Head"",""Position"":""0,-3.5,30.5"",""Rotation"":""90,0,0"",""Scale"":""1,1,1"",""UseAdditiveShader"":""false""}},{""Tag"":""Woman"",""Attributes"":{""Model"":""top_2022jinwu"",""BoneName"":""w_Bip01_Head"",""Position"":""0,-4.5,28"",""Rotation"":""90,0,0"",""Scale"":""1,1,1"",""UseAdditiveShader"":""false""}}]"
4,CharFashionOrnament,4,Kim Ô Diệu Thế,BackDecorate1_2,Back,,"[{""Tag"":""Man"",""Attributes"":{""Model"":""back_2022jinwu"",""BoneName"":""m_Bip01_Head"",""Position"":""0,30,-10"",""Rotation"":""80,0,0"",""Scale"":""1,1,1"",""UseAdditiveShader"":""false""}},{""Tag"":""Woman"",""Attributes"":{""Model"":""back_2022jinwu"",""BoneName"":""w_Bip01_Head"",""Position"":""0,30,-10"",""Rotation"":""80,0,0"",""Scale"":""1,1,1"",""UseAdditiveShader"":""false""}}]"
5,CharFashionOrnament,5,Lông Công,TopDecorate1_3,Head,,"[{""Tag"":""Man"",""Attributes"":{""Model"":""top_2022yangzongbao"",""BoneName"":""m_Bip01_Head"",""Position"":""0,3,25"",""Rotation"":""75,0,0"",""Scale"":""1,1,1"",""UseAdditiveShader"":""false""}},{""Tag"":""Woman"",""Attributes"":{""Model"":""top_2022muguiying"",""BoneName"":""w_Bip01_Head"",""Position"":""0,0,32"",""Rotation"":""90,0,0"",""Scale"":""1,1,1"",""UseAdditiveShader"":""false""}}]"
6,CharFashionOrnament,6,Hộ Bối Kỳ,BackDecorate1_3,Back,,"[{""Tag"":""Man"",""Attributes"":{""Model"":""back_2022yangzongbao"",""BoneName"":""m_Bip01_Spine1"",""Position"":""0,25,0"",""Rotation"":""90,0,0"",""Scale"":""1,1,1"",""UseAdditiveShader"":""false""}},{""Tag"":""Woman"",""Attributes"":{""Model"":""back_2022muguiying"",""BoneName"":""w_Bip01_Spine1"",""Position"":""0,17,10"",""Rotation"":""110,0,0"",""Scale"":""1,1,1"",""UseAdditiveShader"":""false""}}]"
7,CharFashionOrnament,7,Thanh Hoa Ánh Huy,TopDecorate1_4,Head,,"[{""Tag"":""Man"",""Attributes"":{""Model"":""top_2022yangzongbaozj"",""BoneName"":""m_Bip01_Head"",""Position"":""0,0,28"",""Rotation"":""90,0,0"",""Scale"":""1,1,1"",""UseAdditiveShader"":""false""}},{""Tag"":""Woman"",""Attributes"":{""Model"":""top_2022yangzongbaozj"",""BoneName"":""w_Bip01_Head"",""Position"":""0,-0.4,25.5"",""Rotation"":""90,0,0"",""Scale"":""1,1,1"",""UseAdditiveShader"":""false""}}]"
8,CharFashionOrnament,8,Bát Thi Trục Nhật,BackDecorate1_4,Back,,"[{""Tag"":""Man"",""Attributes"":{""Model"":""back_2022muguiyingzj"",""BoneName"":""m_Bip01_Spine1"",""Position"":""0,30,0"",""Rotation"":""90,0,0"",""Scale"":""1,1,1"",""UseAdditiveShader"":""false""}},{""Tag"":""Woman"",""Attributes"":{""Model"":""back_2022muguiyingzj"",""BoneName"":""w_Bip01_Spine1"",""Position"":""0,30,10"",""Rotation"":""110,0,0"",""Scale"":""1,1,1"",""UseAdditiveShader"":""false""}}]"
9,CharFashionOrnament,9,Tai Thỏ Dễ Thương,TopDecorate1_5,Head,,"[{""Tag"":""Man"",""Attributes"":{""Model"":""top_2022cjtuer"",""BoneName"":""m_Bip01_Head"",""Position"":""0,0,24"",""Rotation"":""90,0,0"",""Scale"":""1,1,1"",""UseAdditiveShader"":""false""}},{""Tag"":""Woman"",""Attributes"":{""Model"":""top_2022cjtuer"",""BoneName"":""w_Bip01_Head"",""Position"":""0,0,24"",""Rotation"":""90,0,0"",""Scale"":""1,1,1"",""UseAdditiveShader"":""false""}}]"
10,CharFashionOrnament,10,Một Ngàn Lẻ Một Đêm,BackDecorate1_5,Back,,"[{""Tag"":""Man"",""Attributes"":{""Model"":""back_2022THmofashu"",""BoneName"":""m_Bip01_Spine1"",""Position"":""0,35,10"",""Rotation"":""90,0,0"",""Scale"":""1,1,1"",""UseAdditiveShader"":""false""}},{""Tag"":""Woman"",""Attributes"":{""Model"":""back_2022THmofashu"",""BoneName"":""w_Bip01_Spine1"",""Position"":""0,25,10"",""Rotation"":""90,0,0"",""Scale"":""1,1,1"",""UseAdditiveShader"":""false""}}]"
11,CharFashionOrnament,11,Phong Vũ Đồng Quy,TopDecorate1_6,Head,,"[{""Tag"":""Man"",""Attributes"":{""Model"":""top_2023jianghu01"",""BoneName"":""m_Bip01_Head"",""Position"":""0,0,22"",""Rotation"":""90,0,0"",""Scale"":""1,1,1"",""UseAdditiveShader"":""false""}},{""Tag"":""Woman"",""Attributes"":{""Model"":""top_2023jianghu01"",""BoneName"":""w_Bip01_Head"",""Position"":""0,0,22"",""Rotation"":""90,0,0"",""Scale"":""1,1,1"",""UseAdditiveShader"":""false""}}]"
12,CharFashionOrnament,12,Phong Vũ Đồng Quy-Liêu,TopDecorate1_7,Head,,"[{""Tag"":""Man"",""Attributes"":{""Model"":""top_2023jianghu"",""BoneName"":""m_Bip01_Head"",""Position"":""0,0,22"",""Rotation"":""90,0,0"",""Scale"":""1,1,1"",""UseAdditiveShader"":""false""}},{""Tag"":""Woman"",""Attributes"":{""Model"":""top_2023jianghu"",""BoneName"":""w_Bip01_Head"",""Position"":""0,0,22"",""Rotation"":""90,0,0"",""Scale"":""1,1,1"",""UseAdditiveShader"":""false""}}]"
13,CharFashionOrnament,13,Phong Vũ Đồng Quy-Khởi,TopDecorate1_8,Head,,"[{""Tag"":""Man"",""Attributes"":{""Model"":""top_2023jianghu02"",""BoneName"":""m_Bip01_Head"",""Position"":""0,0,22"",""Rotation"":""90,0,0"",""Scale"":""1,1,1"",""UseAdditiveShader"":""false""}},{""Tag"":""Woman"",""Attributes"":{""Model"":""top_2023jianghu02"",""BoneName"":""w_Bip01_Head"",""Position"":""0,0,22"",""Rotation"":""90,0,0"",""Scale"":""1,1,1"",""UseAdditiveShader"":""false""}}]"
14,CharFashionOrnament,14,Lưu Vân Mão,TopDecorate1_9,Head,,"[{""Tag"":""Man"",""Attributes"":{""Model"":""top_2022shatan"",""BoneName"":""m_Bip01_Head"",""Position"":""0,0,26"",""Rotation"":""90,0,0"",""Scale"":""1,1,1"",""UseAdditiveShader"":""false""}},{""Tag"":""Woman"",""Attributes"":{""Model"":""top_2022shatan"",""BoneName"":""w_Bip01_Head"",""Position"":""0,0,26"",""Rotation"":""90,0,0"",""Scale"":""1,1,1"",""UseAdditiveShader"":""false""}}]"
15,CharFashionOrnament,15,Tai Cáo Mềm Mại,TopDecorate1_10,Head,,"[{""Tag"":""Man"",""Attributes"":{""Model"":""top_2023huxianerduo"",""BoneName"":""m_Bip01_Head"",""Position"":""0,0,25"",""Rotation"":""90,0,0"",""Scale"":""1,1,1"",""UseAdditiveShader"":""false""}},{""Tag"":""Woman"",""Attributes"":{""Model"":""top_2023huxianerduo"",""BoneName"":""w_Bip01_Head"",""Position"":""0,0,26"",""Rotation"":""90,0,0"",""Scale"":""1,1,1"",""UseAdditiveShader"":""false""}}]"
16,CharFashionOrnament,16,Đan Phượng Triều Dương,BackDecorate1_6,Back,,"[{""Tag"":""Man"",""Attributes"":{""Model"":""back_2023fengqiuhuang"",""BoneName"":""m_Bip01_Spine1"",""Position"":""0,20,10"",""Rotation"":""90,0,0"",""Scale"":""1,1,1"",""UseAdditiveShader"":""false""}},{""Tag"":""Woman"",""Attributes"":{""Model"":""back_2023fengqiuhuang"",""BoneName"":""w_Bip01_Spine1"",""Position"":""0,20,0"",""Rotation"":""110,0,0"",""Scale"":""1,1,1"",""UseAdditiveShader"":""false""}}]"
17,CharFashionOrnament,17,Tình Nhân Lệ,TopDecorate1_11,Head,,"[{""Tag"":""Man"",""Attributes"":{""Model"":""top_2023fengqiuhuang"",""BoneName"":""m_Bip01_Head"",""Position"":""-2.8,2.5,27"",""Rotation"":""74,70,70"",""Scale"":""1,1,1"",""UseAdditiveShader"":""false""}},{""Tag"":""Woman"",""Attributes"":{""Model"":""top_2023fengqiuhuang"",""BoneName"":""w_Bip01_Head"",""Position"":""-3.5,0,25.5"",""Rotation"":""71,90,90"",""Scale"":""1,1,1"",""UseAdditiveShader"":""false""}}]"
18,CharFashionOrnament,18,,BackDecorate1_2,Back,,"[{""Tag"":""Man"",""Attributes"":{""Model"":""back_2022jinwuCeShi"",""BoneName"":""m_Bip01_Spine1"",""Position"":""0,30,0"",""Rotation"":""90,0,0"",""Scale"":""1,1,1"",""UseAdditiveShader"":""false""}},{""Tag"":""Woman"",""Attributes"":{""Model"":""back_2022jinwuCeShi"",""BoneName"":""w_Bip01_Spine1"",""Position"":""0,30,10"",""Rotation"":""110,0,0"",""Scale"":""1,1,1"",""UseAdditiveShader"":""false""}}]"
19,CharFashionOrnament,19,,TopDecorate1_5,Head,,"[{""Tag"":""Man"",""Attributes"":{""Model"":""top_2022cjtuerCeShi"",""BoneName"":""m_Bip01_Head"",""Position"":""0,0,24"",""Rotation"":""90,0,0"",""Scale"":""1,1,1"",""UseAdditiveShader"":""false""}},{""Tag"":""Woman"",""Attributes"":{""Model"":""top_2022cjtuerCeShi"",""BoneName"":""w_Bip01_Head"",""Position"":""0,0,24"",""Rotation"":""90,0,0"",""Scale"":""1,1,1"",""UseAdditiveShader"":""false""}}]"
20,CharFashionOrnament,20,Tinh Ý Miên Miên,TopDecorate1_12,Head,,"[{""Tag"":""Man"",""Attributes"":{""Model"":""top_2023canglanger"",""BoneName"":""m_Bip01_Head"",""Position"":""0,4,26"",""Rotation"":""80,0,0"",""Scale"":""1,1,1"",""UseAdditiveShader"":""false""}},{""Tag"":""Woman"",""Attributes"":{""Model"":""top_2023yuetuer"",""BoneName"":""w_Bip01_Head"",""Position"":""0,-1,25.5"",""Rotation"":""90,0,0"",""Scale"":""1,1,1"",""UseAdditiveShader"":""false""}}]"
21,CharFashionOrnament,21,Tương Thân Tương Ái,TopDecorate1_13,Head,,"[{""Tag"":""Man"",""Attributes"":{""Model"":""top_2023yuetucanglang"",""BoneName"":""m_Bip01_Head"",""Position"":""0,0,24"",""Rotation"":""90,0,0"",""Scale"":""1,1,1"",""UseAdditiveShader"":""false""}},{""Tag"":""Woman"",""Attributes"":{""Model"":""top_2023yuetucanglang"",""BoneName"":""w_Bip01_Spine1_Head"",""Position"":""0,0,24"",""Rotation"":""90,0,0"",""Scale"":""1,1,1"",""UseAdditiveShader"":""false""}}]"
22,CharFashionOrnament,22,Hùng Miêu Hiệp,TopDecorate1_15,Head,,"[{""Tag"":""Man"",""Attributes"":{""Model"":""top_2023XiongMaoWanOuTouTao"",""BoneName"":""m_Bip01_Head"",""Position"":""0,0,24"",""Rotation"":""90,0,0"",""Scale"":""1,1,1"",""UseAdditiveShader"":""false""}},{""Tag"":""Woman"",""Attributes"":{""Model"":""top_2023XiongMaoWanOuTouTao"",""BoneName"":""w_Bip01_Head"",""Position"":""0,0,27"",""Rotation"":""90,0,0"",""Scale"":""1,1,1"",""UseAdditiveShader"":""false""}}]"
23,CharFashionOrnament,23,Người Trong Giang Hồ,TopDecorate1_14,Head,,"[{""Tag"":""Man"",""Attributes"":{""Model"":""top_2023RenZaiJiangHuDengPai"",""BoneName"":""m_Bip01_Head"",""Position"":""0,0,25"",""Rotation"":""90,0,0"",""Scale"":""1,1,1"",""UseAdditiveShader"":""false""}},{""Tag"":""Woman"",""Attributes"":{""Model"":""top_2023RenZaiJiangHuDengPai"",""BoneName"":""w_Bip01_Head"",""Position"":""0,0,25"",""Rotation"":""90,0,0"",""Scale"":""1,1,1"",""UseAdditiveShader"":""false""}}]"
24,CharFashionOrnament,24,Phúc Lộc Bảo Quán,TopDecorate1_16,Head,,"[{""Tag"":""Man"",""Attributes"":{""Model"":""top_2023ChunJieCaiShenMao"",""BoneName"":""m_Bip01_Head"",""Position"":""0,0,26"",""Rotation"":""90,0,0"",""Scale"":""1,1,1"",""UseAdditiveShader"":""false""}},{""Tag"":""Woman"",""Attributes"":{""Model"":""top_2023ChunJieCaiShenMao"",""BoneName"":""w_Bip01_Head"",""Position"":""0,0,26"",""Rotation"":""90,0,0"",""Scale"":""1,1,1"",""UseAdditiveShader"":""false""}}]"
25,CharFashionOrnament,25,Thần Long Mừng Tuổi,TopDecorate2_2,Head,,"[{""Tag"":""Man"",""Attributes"":{""Model"":""top_2023XiaoLongMaoZi"",""BoneName"":""m_Bip01_Head"",""Position"":""0,0,25"",""Rotation"":""90,0,0"",""Scale"":""1,1,1"",""UseAdditiveShader"":""false""}},{""Tag"":""Woman"",""Attributes"":{""Model"":""top_2023XiaoLongMaoZi"",""BoneName"":""w_Bip01_Head"",""Position"":""0,0,25"",""Rotation"":""90,0,0"",""Scale"":""1,1,1"",""UseAdditiveShader"":""false""}}]"
26,CharFashionOrnament,26,Giả Diện Mị Ảnh,TopDecorate2_1,Head,,"[{""Tag"":""Man"",""Attributes"":{""Model"":""top_2023JingJiMeiGuiNuShenHuan"",""BoneName"":""m_Bip01_Head"",""Position"":""0,3,25.5"",""Rotation"":""90,0,0"",""Scale"":""1,1,1"",""UseAdditiveShader"":""false""}},{""Tag"":""Woman"",""Attributes"":{""Model"":""top_2023JingJiMeiGuiNuShenHuan"",""BoneName"":""w_Bip01_Head"",""Position"":""0,-1,25"",""Rotation"":""90,0,0"",""Scale"":""1,1,1"",""UseAdditiveShader"":""false""}}]"
27,CharFashionOrnament,27,Ngọ Dạ Hùng Bá Tước,BackDecorate1_7,Back,,"[{""Tag"":""Man"",""Attributes"":{""Model"":""back_2023JingJiMeiGuiXiong"",""BoneName"":""m_Bip01_Spine1"",""Position"":""0,30,10"",""Rotation"":""100,0,0"",""Scale"":""1,1,1"",""UseAdditiveShader"":""false""}},{""Tag"":""Woman"",""Attributes"":{""Model"":""back_2023JingJiMeiGuiXiong"",""BoneName"":""w_Bip01_Spine1"",""Position"":""0,25,10"",""Rotation"":""110,0,0"",""Scale"":""1,1,1"",""UseAdditiveShader"":""false""}}]"
28,CharFashionOrnament,28,,TopDecorate2_3,Head,,"[{""Tag"":""Man"",""Attributes"":{""Model"":""top_2023DanDanJiMaoZi"",""BoneName"":""m_Bip01_Head"",""Position"":""0,0,27"",""Rotation"":""90,0,0"",""Scale"":""1,1,1"",""UseAdditiveShader"":""false""}},{""Tag"":""Woman"",""Attributes"":{""Model"":""top_2023DanDanJiMaoZi"",""BoneName"":""w_Bip01_Head"",""Position"":""0,0,27"",""Rotation"":""90,0,0"",""Scale"":""1,1,1"",""UseAdditiveShader"":""false""}}]"
29,CharFashionOrnament,29,,TopDecorate2_4,Head,,"[{""Tag"":""Man"",""Attributes"":{""Model"":""top_2024AiAiNiuWanOuTouTao"",""BoneName"":""m_Bip01_Head"",""Position"":""0,0,22"",""Rotation"":""90,0,0"",""Scale"":""1,1,1"",""UseAdditiveShader"":""false""}},{""Tag"":""Woman"",""Attributes"":{""Model"":""top_2024AiAiNiuWanOuTouTao"",""BoneName"":""w_Bip01_Head"",""Position"":""0,0,33"",""Rotation"":""90,0,0"",""Scale"":""1,1,1"",""UseAdditiveShader"":""false""}}]"
30,CharFashionOrnament,30,,TopDecorate2_5,Head,,"[{""Tag"":""Man"",""Attributes"":{""Model"":""top_2023XiaoLongDanDanJi"",""BoneName"":""m_Bip01_Head"",""Position"":""0,0,24"",""Rotation"":""90,0,0"",""Scale"":""1,1,1"",""UseAdditiveShader"":""false""}},{""Tag"":""Woman"",""Attributes"":{""Model"":""top_2023XiaoLongDanDanJi"",""BoneName"":""w_Bip01_Head"",""Position"":""0,0,31"",""Rotation"":""90,0,0"",""Scale"":""1,1,1"",""UseAdditiveShader"":""false""}}]"
31,CharFashionOrnament,31,,TopDecorate2_6,Head,,"[{""Tag"":""Man"",""Attributes"":{""Model"":""top_2024ChongWuGaiShiDengPai"",""BoneName"":""m_Bip01_Head"",""Position"":""0,0,25"",""Rotation"":""90,0,0"",""Scale"":""1,1,1"",""UseAdditiveShader"":""false""}},{""Tag"":""Woman"",""Attributes"":{""Model"":""top_2024ChongWuGaiShiDengPai"",""BoneName"":""w_Bip01_Head"",""Position"":""0,0,25"",""Rotation"":""90,0,0"",""Scale"":""1,1,1"",""UseAdditiveShader"":""false""}}]"
32,CharFashionOrnament,32,,TopDecorate2_7,Head,,"[{""Tag"":""Man"",""Attributes"":{""Model"":""top_2024DaHuaHuan"",""BoneName"":""m_Bip01_Head"",""Position"":""0,0,24"",""Rotation"":""90,0,0"",""Scale"":""1,1,1"",""UseAdditiveShader"":""false""}},{""Tag"":""Woman"",""Attributes"":{""Model"":""top_2024DaHuaHuan"",""BoneName"":""w_Bip01_Head"",""Position"":""0,0,24"",""Rotation"":""90,0,0"",""Scale"":""1,1,1"",""UseAdditiveShader"":""false""}}]"
33,CharFashionOrnament,33,,TopDecorate2_8,Head,,"[{""Tag"":""Man"",""Attributes"":{""Model"":""top_2024ErTongJieWanJuMao"",""BoneName"":""m_Bip01_Headm_Bip01_Head"",""Position"":""0,0,24"",""Rotation"":""90,0,0"",""Scale"":""1,1,1"",""UseAdditiveShader"":""false""}},{""Tag"":""Woman"",""Attributes"":{""Model"":""top_2024ErTongJieWanJuMao"",""BoneName"":""w_Bip01_Head"",""Position"":""0,0,24"",""Rotation"":""90,0,0"",""Scale"":""1,1,1"",""UseAdditiveShader"":""false""}}]"
34,CharFashionOrnament,34,,TopDecorate2_9,Head,,"[{""Tag"":""Man"",""Attributes"":{""Model"":""top_2023DaBaiTu"",""BoneName"":""m_Bip01_Head"",""Position"":""0,0,25"",""Rotation"":""90,0,0"",""Scale"":""1,1,1"",""UseAdditiveShader"":""false""}},{""Tag"":""Woman"",""Attributes"":{""Model"":""top_2023DaBaiTu"",""BoneName"":""w_Bip01_Head"",""Position"":""0,0,26"",""Rotation"":""90,0,0"",""Scale"":""1,1,1"",""UseAdditiveShader"":""false""}}]"
35,CharFashionOrnament,35,,TopDecorate2_10,Head,,"[{""Tag"":""Man"",""Attributes"":{""Model"":""top_2024LuJiao"",""BoneName"":""m_Bip01_Head"",""Position"":""0,0,25"",""Rotation"":""90,0,0"",""Scale"":""1,1,1"",""UseAdditiveShader"":""false""}},{""Tag"":""Woman"",""Attributes"":{""Model"":""top_2024LuJiao"",""BoneName"":""w_Bip01_Head"",""Position"":""0,0,25.5"",""Rotation"":""90,0,0"",""Scale"":""1,1,1"",""UseAdditiveShader"":""false""}}]"
36,CharFashionOrnament,36,,TopDecorate2_11,Head,,"[{""Tag"":""Man"",""Attributes"":{""Model"":""top_2024TangSeng"",""BoneName"":""m_Bip01_Head"",""Position"":""0,0,24"",""Rotation"":""90,0,0"",""Scale"":""1,1,1"",""UseAdditiveShader"":""false""}},{""Tag"":""Woman"",""Attributes"":{""Model"":""top_2024TangSeng"",""BoneName"":""w_Bip01_Head"",""Position"":""0,0,24"",""Rotation"":""90,0,0"",""Scale"":""1,1,1"",""UseAdditiveShader"":""false""}}]"
37,CharFashionOrnament,37,,BackDecorate1_8,Back,,"[{""Tag"":""Man"",""Attributes"":{""Model"":""back_2024YueGuangBaoHe"",""BoneName"":""m_Bip01_Spine1"",""Position"":""0,30,10"",""Rotation"":""90,0,0"",""Scale"":""1,1,1"",""UseAdditiveShader"":""false""}},{""Tag"":""Woman"",""Attributes"":{""Model"":""back_2024YueGuangBaoHe"",""BoneName"":""w_Bip01_Spine1"",""Position"":""0,30,10"",""Rotation"":""110,0,0"",""Scale"":""1,1,1"",""UseAdditiveShader"":""false""}}]"
38,CharFashionOrnament,38,,TopDecorate2_12,Head,,"[{""Tag"":""Man"",""Attributes"":{""Model"":""top_2024MuDanHuaHuanNan"",""BoneName"":""m_Bip01_Head"",""Position"":""0,0,28"",""Rotation"":""90,0,0"",""Scale"":""1,1,1"",""UseAdditiveShader"":""false""}},{""Tag"":""Woman"",""Attributes"":{""Model"":""top_2024MuDanHuaHuan"",""BoneName"":""w_Bip01_Head"",""Position"":""0,0,29"",""Rotation"":""90,0,0"",""Scale"":""1,1,1"",""UseAdditiveShader"":""false""}}]"
39,CharFashionOrnament,39,,TopDecorate2_13,Head,,"[{""Tag"":""Man"",""Attributes"":{""Model"":""top_2024ZuiJingDeZiDengPai"",""BoneName"":""m_Bip01_Head"",""Position"":""0,0,25.5"",""Rotation"":""90,0,0"",""Scale"":""1,1,1"",""UseAdditiveShader"":""false""}},{""Tag"":""Woman"",""Attributes"":{""Model"":""top_2024ZuiJingDeZiDengPai"",""BoneName"":""w_Bip01_Head"",""Position"":""0,0,25.5"",""Rotation"":""90,0,0"",""Scale"":""1,1,1"",""UseAdditiveShader"":""false""}}]"
40,CharFashionOrnament,40,,TopDecorate2_14,Head,,"[{""Tag"":""Man"",""Attributes"":{""Model"":""top_2024RouJiaMo"",""BoneName"":""m_Bip01_Head"",""Position"":""0,0,28"",""Rotation"":""90,0,0"",""Scale"":""1,1,1"",""UseAdditiveShader"":""false""}},{""Tag"":""Woman"",""Attributes"":{""Model"":""top_2024RouJiaMo"",""BoneName"":""w_Bip01_Head"",""Position"":""0,0,28"",""Rotation"":""90,0,0"",""Scale"":""1,1,1"",""UseAdditiveShader"":""false""}}]"
41,CharFashionOrnament,41,,BackDecorate1_9,Back,,"[{""Tag"":""Man"",""Attributes"":{""Model"":""back_2024BingFengQiShui"",""BoneName"":""m_Bip01_Spine1"",""Position"":""0,30,10"",""Rotation"":""90,0,0"",""Scale"":""1,1,1"",""UseAdditiveShader"":""false""}},{""Tag"":""Woman"",""Attributes"":{""Model"":""back_2024BingFengQiShui"",""BoneName"":""w_Bip01_Spine1"",""Position"":""0,25,10"",""Rotation"":""110,0,0"",""Scale"":""1,1,1"",""UseAdditiveShader"":""false""}}]"
42,CharFashionOrnament,42,,TopDecorate2_15,Head,,"[{""Tag"":""Man"",""Attributes"":{""Model"":""top_2024HuDieJie"",""BoneName"":""m_Bip01_Head"",""Position"":""0,0,23"",""Rotation"":""90,0,0"",""Scale"":""1,1,1"",""UseAdditiveShader"":""false""}},{""Tag"":""Woman"",""Attributes"":{""Model"":""top_2024HuDieJie"",""BoneName"":""w_Bip01_Head"",""Position"":""0,0,24"",""Rotation"":""90,0,0"",""Scale"":""1,1,1"",""UseAdditiveShader"":""false""}}]"
43,CharFashionOrnament,43,,BackDecorate1_10,Back,,"[{""Tag"":""Man"",""Attributes"":{""Model"":""back_2024DongLi"",""BoneName"":""m_Bip01_Spine1"",""Position"":""0,30,0"",""Rotation"":""90,0,0"",""Scale"":""1,1,1"",""UseAdditiveShader"":""false""}},{""Tag"":""Woman"",""Attributes"":{""Model"":""back_2024DongLi"",""BoneName"":""w_Bip01_Spine1"",""Position"":""0,30,0"",""Rotation"":""120,0,0"",""Scale"":""1,1,1"",""UseAdditiveShader"":""false""}}]"
44,CharFashionOrnament,44,,TopDecorate2_16,Head,,"[{""Tag"":""Man"",""Attributes"":{""Model"":""top_2024XueRenWanOuTouTao"",""BoneName"":""m_Bip01_Head"",""Position"":""0,0,24"",""Rotation"":""90,0,0"",""Scale"":""1,1,1"",""UseAdditiveShader"":""false""}},{""Tag"":""Woman"",""Attributes"":{""Model"":""top_2024XueRenWanOuTouTao"",""BoneName"":""w_Bip01_Head"",""Position"":""0,0,30"",""Rotation"":""90,0,0"",""Scale"":""1,1,1"",""UseAdditiveShader"":""false""}}]"
45,CharFashionOrnament,45,,TopDecorate3_1,Head,,"[{""Tag"":""Man"",""Attributes"":{""Model"":""top_2024LeiFengMaoNan"",""BoneName"":""m_Bip01_Head"",""Position"":""0,0,29"",""Rotation"":""90,0,0"",""Scale"":""1,1,1"",""UseAdditiveShader"":""false""}},{""Tag"":""Woman"",""Attributes"":{""Model"":""top_2024LeiFengMao"",""BoneName"":""w_Bip01_Head"",""Position"":""0,0,27"",""Rotation"":""90,0,0"",""Scale"":""1,1,1"",""UseAdditiveShader"":""false""}}]"
46,CharFashionOrnament,46,,TopDecorate3_2,Head,,"[{""Tag"":""Man"",""Attributes"":{""Model"":""top_2024ZiDingYiMaoMiTouShi"",""BoneName"":""m_Bip01_Head"",""Position"":""0,-3,23"",""Rotation"":""90,0,0"",""Scale"":""1,1,1"",""UseAdditiveShader"":""false""}},{""Tag"":""Woman"",""Attributes"":{""Model"":""top_2024ZiDingYiMaoMiTouShi"",""BoneName"":""w_Bip01_Head"",""Position"":""0,-3.5,23"",""Rotation"":""90,0,0"",""Scale"":""1,1,1"",""UseAdditiveShader"":""false""}}]"
47,CharFashionOrnament,47,,BackDecorate1_13,Back,,"[{""Tag"":""Man"",""Attributes"":{""Model"":""back_2025FengQiWuTong"",""BoneName"":""m_Bip01_Spine1"",""Position"":""0,30,0"",""Rotation"":""90,0,0"",""Scale"":""1,1,1"",""UseAdditiveShader"":""false""}},{""Tag"":""Woman"",""Attributes"":{""Model"":""back_2025FengQiWuTong"",""BoneName"":""w_Bip01_Spine1"",""Position"":""0,30,0"",""Rotation"":""120,0,0"",""Scale"":""1,1,1"",""UseAdditiveShader"":""false""}}]"
48,CharFashionOrnament,48,,TopDecorate3_3,Head,,"[{""Tag"":""Man"",""Attributes"":{""Model"":""top_2025FaCaiSheTouShi"",""BoneName"":""m_Bip01_Head"",""Position"":""0,0,24"",""Rotation"":""90,0,0"",""Scale"":""1,1,1"",""UseAdditiveShader"":""false""}},{""Tag"":""Woman"",""Attributes"":{""Model"":""top_2025FaCaiSheTouShi"",""BoneName"":""w_Bip01_Head"",""Position"":""0,0,24"",""Rotation"":""90,0,0"",""Scale"":""1,1,1"",""UseAdditiveShader"":""false""}}]"
49,CharFashionOrnament,49,,,Back,,"[{""Tag"":""Man"",""Attributes"":{""Model"":""back_2025YinLangBeiShi"",""BoneName"":""m_Bip01_Spine1"",""Position"":""0,30,0"",""Rotation"":""90,0,0"",""Scale"":""1,1,1"",""UseAdditiveShader"":""false""}},{""Tag"":""Woman"",""Attributes"":{""Model"":""back_2025YinLangBeiShi"",""BoneName"":""w_Bip01_Spine1"",""Position"":""0,30,0"",""Rotation"":""120,0,0"",""Scale"":""1,1,1"",""UseAdditiveShader"":""false""}}]"
50,CharFashionOrnament,50,,TopDecorate3_4,Head,,"[{""Tag"":""Man"",""Attributes"":{""Model"":""top_2024ManFenLianRenDengPai"",""BoneName"":""m_Bip01_Head"",""Position"":""0,0,27"",""Rotation"":""90,0,0"",""Scale"":""1,1,1"",""UseAdditiveShader"":""false""}},{""Tag"":""Woman"",""Attributes"":{""Model"":""top_2024ManFenLianRenDengPai"",""BoneName"":""w_Bip01_Head"",""Position"":""0,0,27"",""Rotation"":""90,0,0"",""Scale"":""1,1,1"",""UseAdditiveShader"":""false""}}]"
51,CharFashionOrnament,51,,,Head,,"[{""Tag"":""Man"",""Attributes"":{""Model"":""top_2025QingRenJieYinLangMianJu"",""BoneName"":""m_Bip01_Head"",""Position"":""0,0,0"",""Rotation"":""120,0,0"",""Scale"":""1,1,1"",""UseAdditiveShader"":""false""}},{""Tag"":""Woman"",""Attributes"":{""Model"":""top_2025QingRenJieYinLangMianJu"",""BoneName"":""w_Bip01_Head"",""Position"":""0,0,0"",""Rotation"":""120,0,0"",""Scale"":""1,1,1"",""UseAdditiveShader"":""false""}}]"
52,CharFashionOrnament,52,,TopDecorate3_6,Head,,"[{""Tag"":""Man"",""Attributes"":{""Model"":""top_2024BaiHeHuaHuaHuanNan"",""BoneName"":""m_Bip01_Head"",""Position"":""0,0,25"",""Rotation"":""90,0,0"",""Scale"":""1,1,1"",""UseAdditiveShader"":""false""}},{""Tag"":""Woman"",""Attributes"":{""Model"":""top_2024BaiHeHuaHuaHuan"",""BoneName"":""w_Bip01_Head"",""Position"":""0,0,25"",""Rotation"":""90,0,0"",""Scale"":""1,1,1"",""UseAdditiveShader"":""false""}}]"
53,CharFashionOrnament,53,,TopDecorate3_7,Head,,"[{""Tag"":""Man"",""Attributes"":{""Model"":""top_2025TuErDuoHuDieJie"",""BoneName"":""m_Bip01_Head"",""Position"":""0,0,25"",""Rotation"":""90,0,0"",""Scale"":""1,1,1"",""UseAdditiveShader"":""false""}},{""Tag"":""Woman"",""Attributes"":{""Model"":""top_2025TuErDuoHuDieJie"",""BoneName"":""w_Bip01_Head"",""Position"":""0,0,25"",""Rotation"":""90,0,0"",""Scale"":""1,1,1"",""UseAdditiveShader"":""false""}}]"
54,CharFashionOrnament,54,,TopDecorate3_8,Head,,"[{""Tag"":""Man"",""Attributes"":{""Model"":""top_2024ShengRiKuaiLe"",""BoneName"":""m_Bip01_Head"",""Position"":""0,0,25"",""Rotation"":""90,0,0"",""Scale"":""1,1,1"",""UseAdditiveShader"":""false""}},{""Tag"":""Woman"",""Attributes"":{""Model"":""top_2024ShengRiKuaiLe"",""BoneName"":""w_Bip01_Head"",""Position"":""0,0,25"",""Rotation"":""90,0,0"",""Scale"":""1,1,1"",""UseAdditiveShader"":""false""}}]"
55,CharFashionOrnament,55,,TopDecorate3_9,Head,,"[{""Tag"":""Man"",""Attributes"":{""Model"":""top_2025XiaoHuXian"",""BoneName"":""m_Bip01_Head"",""Position"":""0,0,25"",""Rotation"":""90,0,0"",""Scale"":""1,1,1"",""UseAdditiveShader"":""false""}},{""Tag"":""Woman"",""Attributes"":{""Model"":""top_2025XiaoHuXian"",""BoneName"":""w_Bip01_Head"",""Position"":""0,0,25"",""Rotation"":""90,0,0"",""Scale"":""1,1,1"",""UseAdditiveShader"":""false""}}]"
56,CharFashionOrnament,56,,,Back,,"[{""Tag"":""Man"",""Attributes"":{""Model"":""back_2025ZhouNianQingJianXia"",""BoneName"":""m_Bip01_Spine1"",""Position"":""0,30,0"",""Rotation"":""90,0,0"",""Scale"":""1,1,1"",""UseAdditiveShader"":""false""}},{""Tag"":""Woman"",""Attributes"":{""Model"":""back_2025ZhouNianQingJianXia"",""BoneName"":""w_Bip01_Spine1"",""Position"":""0,0,0"",""Rotation"":""120,0,0"",""Scale"":""1,1,1"",""UseAdditiveShader"":""false""}}]"
57,CharFashionOrnament,57,,BackDecorate1_14,Back,,"[{""Tag"":""Man"",""Attributes"":{""Model"":""back_2025ZhouNianQingJianXia01"",""BoneName"":""m_Bip01_Spine1"",""Position"":""0,30,0"",""Rotation"":""90,0,0"",""Scale"":""1,1,1"",""UseAdditiveShader"":""false""}},{""Tag"":""Woman"",""Attributes"":{""Model"":""back_2025ZhouNianQingJianXia01"",""BoneName"":""w_Bip01_Spine1"",""Position"":""0,0,0"",""Rotation"":""120,0,0"",""Scale"":""1,1,1"",""UseAdditiveShader"":""false""}}]"
58,CharFashionOrnament,58,Tinh Bàn,BackDecorate1_2,Back,,"[{""Tag"":""Man"",""Attributes"":{""Model"":""back_2022ZSliu"",""BoneName"":""m_Bip01_Head"",""Position"":""0,45,-85"",""Rotation"":""100,0,0"",""Scale"":""0.4,0.4,0.4"",""UseAdditiveShader"":""false""}},{""Tag"":""Woman"",""Attributes"":{""Model"":""back_2022ZSliu"",""BoneName"":""w_Bip01_Head"",""Position"":""0,45,-85"",""Rotation"":""100,0,0"",""Scale"":""0.4,0.4,0.4"",""UseAdditiveShader"":""false""}}]"
59,CharFashionOrnament,59,Băng Hỏa Bàn,BackDecorate1_2,Back,,"[{""Tag"":""Man"",""Attributes"":{""Model"":""back_2025FengHuangSiJi"",""BoneName"":""m_Bip01_Head"",""Position"":""0,-25,-220"",""Rotation"":""85,0,0"",""Scale"":""0.6,0.6,0.6"",""UseAdditiveShader"":""false""}},{""Tag"":""Woman"",""Attributes"":{""Model"":""back_2025FengHuangSiJi"",""BoneName"":""w_Bip01_Head"",""Position"":""0,-25,-220"",""Rotation"":""85,0,0"",""Scale"":""0.6,0.6,0.6"",""UseAdditiveShader"":""false""}}]"
60,CharFashionOrnament,60,Sinh Tử Bàn,BackDecorate1_2,Back,,"[{""Tag"":""Man"",""Attributes"":{""Model"":""back_2025FengHuangWuJi"",""BoneName"":""m_Bip01_Head"",""Position"":""0,-25,-240"",""Rotation"":""85,0,0"",""Scale"":""0.6,0.6,0.6"",""UseAdditiveShader"":""false""}},{""Tag"":""Woman"",""Attributes"":{""Model"":""back_2025FengHuangWuJi"",""BoneName"":""w_Bip01_Head"",""Position"":""0,-25,-240"",""Rotation"":""85,0,0"",""Scale"":""0.6,0.6,0.6"",""UseAdditiveShader"":""false""}}]"
61,CharFashionOrnament,61,Sắc Nguyệt Bàn,BackDecorate1_2,Back,,"[{""Tag"":""Man"",""Attributes"":{""Model"":""back_2025Yue"",""BoneName"":""m_Bip01_Head"",""Position"":""0,20,-50"",""Rotation"":""80,0,0"",""Scale"":""0.4,0.4,0.4"",""UseAdditiveShader"":""false""}},{""Tag"":""Woman"",""Attributes"":{""Model"":""back_2025Yue"",""BoneName"":""w_Bip01_Head"",""Position"":""0,20,-50"",""Rotation"":""80,0,0"",""Scale"":""0.4,0.4,0.4"",""UseAdditiveShader"":""false""}}]"
