RowIndex,Tag,ID,Name,ResName,LifeSkillID,LifeSkillLevel,LifeSkillExp,RequireQuestID,CollectTicks,Text,ChildrenJSON
1,GrowPoint,0,Vật phẩm rơi,Pocket,-1,-1,-1,-1,-1,,
2,GrowPoint,1,Mỏ đồng,CaoYaoKuangShiTongKuangShi,10,1,10,-1,10000,,
3,GrowPoint,2,Mỏ sắt,CaoYaoKuangShiTieKuangShi,10,2,20,-1,10000,,
4,GrowPoint,3,Mỏ bạc,CaoYaoKuangShiYinKuangShi,10,3,30,-1,10000,,
5,GrowPoint,4,Mỏ hàn thiết,CaoYaoKuangShiHanTieKuangShi,10,4,40,-1,10000,,
6,GrowPoint,5,Mỏ Vàng,CaoYaoKuangShiJinKuangShi,10,5,50,-1,10000,,
7,GrowPoint,6,Mỏ huyền thiết,CaoYaoKuangShiXuanTieKuangShi,10,6,60,-1,10000,,
8,GrowPoint,7,Mỏ pha lê,CaoYaoKuangShiShuiJingKuangShi,10,7,70,-1,10000,,
9,GrowPoint,8,Mỏ phỉ thúy,CaoYaoKuangShiFeiCuiKuangShi,10,8,80,-1,10000,,
10,GrowPoint,9,Mỏ Chân Vũ,CaoYaoKuangShiZhenWuKuangShi,10,9,90,-1,10000,,
11,GrowPoint,10,Mỏ Long Huyết,CaoYaoKuangShiLongXieKuangShi,10,10,100,-1,10000,,
12,GrowPoint,11,Mỏ Phụng Huyết,CaoYaoKuangShiFengXieKuangShi,10,10,110,-1,10000,,
13,GrowPoint,12,Nữ Oa Thạch,CaoYaoKuangShiNuWaShi,10,10,120,-1,10000,,
14,GrowPoint,13,Côn sơn khoáng ngọc,CaoYaoKuangShiKunShanKuangYu,10,10,130,-1,10000,,
15,GrowPoint,14,Chúng sinh khoáng thạch,CaoYaoKuangShiZhongShengKuangShi,10,10,140,-1,10000,,
16,GrowPoint,15,Mỏ Chân Vũ,CaoYaoKuangShiZhenWuKuangShi,10,10,150,-1,10000,,
17,GrowPoint,16,Mỏ Long Huyết,CaoYaoKuangShiLongXieKuangShi,10,10,160,-1,10000,,
18,GrowPoint,31,Biển hiệu trồng trọt,0WuPinTieHuangZi,-1,-1,-1,-1,5000,,
19,GrowPoint,32,Tiểu Mạch,0GuanMuXiaoGuan1,-1,-1,-1,-1,5000,,
20,GrowPoint,33,Lúa mì chín,0GuanMuDaGuan1,-1,-1,-1,-1,5000,,
21,GrowPoint,34,Bình nước xuất quỷ,0WuPinShuiGang1,-1,-1,-1,-1,5000,,
22,GrowPoint,35,Bầy cá,XiaoDongWuYuQun02,-1,-1,-1,-1,5000,,
23,GrowPoint,36,Chỗ chôn bảo vật,0WuPinShuiGang1,-1,-1,-1,-1,5000,,
24,GrowPoint,49,Rương bảo vật của Bạch Lang đại vương,0WuPinBiaoXiang,-1,-1,-1,-1,5000,,
25,GrowPoint,50,Phong Hỏa đài,0WuPinBiaoXiang,-1,-1,-1,-1,5000,,
26,GrowPoint,51,Lục Phẩm Diệp Nhân Sâm,ChangBaiShanRenCan2,-1,-1,-1,-1,5000,,
27,GrowPoint,93,Củi Tản Mát,ShiMenRenWuMuChai,-1,-1,-1,-1,5000,,
28,GrowPoint,94,Nấm Tản Mát,ShiMenRenWuMoGu,-1,-1,-1,-1,5000,,
29,GrowPoint,95,Quả Tùng Tản Mát,ShiMenRenWuSongGuo,-1,-1,-1,-1,5000,,
30,GrowPoint,96,Mãn Nguyệt,ShiMenRenWuManYue,-1,-1,-1,-1,5000,,
31,GrowPoint,97,Nhãn Nhi Mị,ShiMenRenWuYanErMei,-1,-1,-1,-1,5000,,
32,GrowPoint,98,Hồng Trang Tố Khoả,ShiMenRenWuHongZhuangSuGuo,-1,-1,-1,-1,5000,,
33,GrowPoint,99,Xé rách mặt mỹ nhân,0WuPinXianLianZi,-1,-1,-1,-1,5000,,
34,GrowPoint,101,Bạch Anh,CaoYaoKuangShiHongHua,11,1,10,-1,10000,,
35,GrowPoint,102,Bồ Hoàng,CaoYaoKuangShiQingXie,11,1,10,-1,10000,,
36,GrowPoint,103,Xuyên Bối,CaoYaoKuangShiChuanBei,11,2,20,-1,10000,,
37,GrowPoint,104,Nguyên Hồ,CaoYaoKuangShiYuanHu,11,2,20,-1,10000,,
38,GrowPoint,105,Tỳ Bà,CaoYaoKuangShiPiPa,11,3,30,-1,10000,,
39,GrowPoint,106,Cam Thảo,CaoYaoKuangShiGanCao,11,3,30,-1,10000,,
40,GrowPoint,107,Kim Ngân Hoa,CaoYaoKuangShiGouQiZi,11,3,30,-1,10000,,
41,GrowPoint,108,Hoàng Cầm,CaoYaoKuangShiHuangQin,11,4,40,-1,10000,,
42,GrowPoint,109,Câu Kỷ,CaoYaoKuangShiGouQiZi,11,4,40,-1,10000,,
43,GrowPoint,110,Trầm Hương,CaoYaoKuangShiPiPa,11,4,40,-1,10000,,
44,GrowPoint,111,Đỗ Trọng,CaoYaoKuangShiDuZhong,11,5,50,-1,10000,,
45,GrowPoint,112,Thương Thuật,CaoYaoKuangShiCangZhu,11,5,50,-1,10000,,
46,GrowPoint,113,Phục Linh,CaoYaoKuangShiFuLing,11,5,50,-1,10000,,
47,GrowPoint,114,Phòng Phong,CaoYaoKuangShiFangFeng,11,6,60,-1,10000,,
48,GrowPoint,115,Hương Nhu,CaoYaoKuangShiXiangRu,11,6,60,-1,10000,,
49,GrowPoint,116,Hoàng Liên,CaoYaoKuangShiYuanHu,11,6,60,-1,10000,,
50,GrowPoint,117,Đương Qui,CaoYaoKuangShiQingXie,11,7,70,-1,10000,,
51,GrowPoint,118,Quế Tâm,CaoYaoKuangShiShuangHua,11,7,70,-1,10000,,
52,GrowPoint,119,Hương Phụ,CaoYaoKuangShiWeiZi,11,7,70,-1,10000,,
53,GrowPoint,120,Hoắc Hương,CaoYaoKuangShiCangZhu,11,8,80,-1,10000,,
54,GrowPoint,121,Hồi Thần Thảo,CaoYaoKuangShiXiangRu,11,8,80,-1,10000,,
55,GrowPoint,122,Thủ Ô,CaoYaoKuangShiYuanHu,11,8,80,-1,10000,,
56,GrowPoint,123,Đông Trùng Hạ Thảo,CaoYaoKuangShiHongHua,11,9,90,-1,10000,,
57,GrowPoint,124,Long Quì Tử,CaoYaoKuangShiHuangQin,11,9,90,-1,10000,,
58,GrowPoint,125,Tượng Bối,CaoYaoKuangShiPiPa,11,10,100,-1,10000,,
59,GrowPoint,126,Nhân Sâm,CaoYaoKuangShiChuanBei,11,10,100,-1,10000,,
60,GrowPoint,127,Linh Chi,CaoYaoKuangShiFangFeng,11,10,110,-1,10000,,
61,GrowPoint,128,Tuân Thảo,CaoYaoKuangShiFuLing,11,10,110,-1,10000,,
62,GrowPoint,129,Liên Tử,CaoYaoKuangShiGanCao,11,10,120,-1,10000,,
63,GrowPoint,130,Khô Mộc Xuân,CaoYaoKuangShiGouQiZi,11,10,120,-1,10000,,
64,GrowPoint,201,Thảo Ngư,XiaoDongWuYuQun03,12,1,10,-1,3600000,,
65,GrowPoint,202,Tức Ngư,XiaoDongWuYuQun03,12,2,20,-1,3600000,,
66,GrowPoint,203,Liên Ngư,XiaoDongWuYuQun03,12,3,30,-1,3600000,,
67,GrowPoint,204,Bình Ngư,XiaoDongWuYuQun03,12,4,40,-1,3600000,,
68,GrowPoint,205,Thiện Ngư,XiaoDongWuYuQun03,12,5,50,-1,3600000,,
69,GrowPoint,206,Hắc Ngư,XiaoDongWuYuQun03,12,6,60,-1,3600000,,
70,GrowPoint,207,Đấu Ngư,XiaoDongWuYuQun03,12,7,70,-1,3600000,,
71,GrowPoint,208,Xương Ngư,XiaoDongWuYuQun03,12,8,80,-1,3600000,,
72,GrowPoint,209,Ngân Ngư,XiaoDongWuYuQun03,12,9,90,-1,3600000,,
73,GrowPoint,210,Khuê Ngư,XiaoDongWuYuQun03,12,10,100,-1,3600000,,
74,GrowPoint,211,Cốt Thiệt Ngư,XiaoDongWuYuQun03,12,10,110,-1,3600000,,
75,GrowPoint,212,Lục Tuyến Ngư,XiaoDongWuYuQun03,12,10,120,-1,3600000,,
76,GrowPoint,213,Thanh Ngư,XiaoDongWuYuQun04,12,1,10,-1,3600000,,
77,GrowPoint,214,Tiễn Ngư,XiaoDongWuYuQun04,12,2,20,-1,3600000,,
78,GrowPoint,215,Lư Ngư,XiaoDongWuYuQun04,12,3,30,-1,3600000,,
79,GrowPoint,216,Biển Đầu Ngư,XiaoDongWuYuQun04,12,4,40,-1,3600000,,
80,GrowPoint,217,Đầu Lực Ngư,XiaoDongWuYuQun04,12,5,50,-1,3600000,,
81,GrowPoint,218,Thu Đao Ngư,XiaoDongWuYuQun04,12,6,60,-1,3600000,,
82,GrowPoint,219,Soa Ngư,XiaoDongWuYuQun04,12,7,70,-1,3600000,,
83,GrowPoint,220,Quang Bối Ngư,XiaoDongWuYuQun04,12,8,80,-1,3600000,,
84,GrowPoint,221,Câu Ngư,XiaoDongWuYuQun04,12,9,90,-1,3600000,,
85,GrowPoint,222,Bãi Kỳ Ngư,XiaoDongWuYuQun04,12,10,100,-1,3600000,,
86,GrowPoint,223,Trân Châu Ngư,XiaoDongWuYuQun04,12,10,110,-1,3600000,,
87,GrowPoint,224,Văn Xương Ngư,XiaoDongWuYuQun04,12,10,120,-1,3600000,,
88,GrowPoint,225,Thảo Ngư,XiaoDongWuYuQun01,12,1,10,-1,3600000,,
89,GrowPoint,226,Tức Ngư,XiaoDongWuYuQun01,12,2,20,-1,3600000,,
90,GrowPoint,227,Liên Ngư,XiaoDongWuYuQun01,12,3,30,-1,3600000,,
91,GrowPoint,228,Bình Ngư,XiaoDongWuYuQun01,12,4,40,-1,3600000,,
92,GrowPoint,229,Thiện Ngư,XiaoDongWuYuQun01,12,5,50,-1,3600000,,
93,GrowPoint,230,Hắc Ngư,XiaoDongWuYuQun01,12,6,60,-1,3600000,,
94,GrowPoint,231,Đấu Ngư,XiaoDongWuYuQun01,12,7,70,-1,3600000,,
95,GrowPoint,232,Xương Ngư,XiaoDongWuYuQun01,12,8,80,-1,3600000,,
96,GrowPoint,233,Ngân Ngư,XiaoDongWuYuQun01,12,9,90,-1,3600000,,
97,GrowPoint,234,Khuê Ngư,XiaoDongWuYuQun01,12,10,100,-1,3600000,,
98,GrowPoint,235,Cốt Thiệt Ngư,XiaoDongWuYuQun01,12,10,110,-1,3600000,,
99,GrowPoint,236,Lục Tuyến Ngư,XiaoDongWuYuQun01,12,10,120,-1,3600000,,
100,GrowPoint,237,Thanh Ngư,XiaoDongWuYuQun02,12,1,10,-1,3600000,,
101,GrowPoint,238,Tiễn Ngư,XiaoDongWuYuQun02,12,2,20,-1,3600000,,
102,GrowPoint,239,Lư Ngư,XiaoDongWuYuQun02,12,3,30,-1,3600000,,
103,GrowPoint,240,Biển Đầu Ngư,XiaoDongWuYuQun02,12,4,40,-1,3600000,,
104,GrowPoint,241,Đầu Lực Ngư,XiaoDongWuYuQun02,12,5,50,-1,3600000,,
105,GrowPoint,242,Thu Đao Ngư,XiaoDongWuYuQun02,12,6,60,-1,3600000,,
106,GrowPoint,243,Soa Ngư,XiaoDongWuYuQun02,12,7,70,-1,3600000,,
107,GrowPoint,244,Quang Bối Ngư,XiaoDongWuYuQun02,12,8,80,-1,3600000,,
108,GrowPoint,245,Câu Ngư,XiaoDongWuYuQun02,12,9,90,-1,3600000,,
109,GrowPoint,246,Bãi Kỳ Ngư,XiaoDongWuYuQun02,12,10,100,-1,3600000,,
110,GrowPoint,247,Trân Châu Ngư,XiaoDongWuYuQun02,12,10,110,-1,3600000,,
111,GrowPoint,248,Văn Xương Ngư,XiaoDongWuYuQun02,12,10,120,-1,3600000,,
112,GrowPoint,249,Yên Chi Ngư,XiaoDongWuYuQun02,12,10,130,-1,3600000,,
113,GrowPoint,250,Thất Tinh Ngư,XiaoDongWuYuQun01,12,10,140,-1,3600000,,
114,GrowPoint,251,Trường Vẫn Ngư,XiaoDongWuYuQun01,12,10,150,-1,3600000,,
115,GrowPoint,252,Đa Kỳ Ngư,XiaoDongWuYuQun01,12,10,160,-1,3600000,,
116,GrowPoint,253,Kiều chủy hồng bạc,XiaoDongWuYuQun02,-1,-1,-1,-1,5000,,
117,GrowPoint,254,Thu bạch khuê,XiaoDongWuYuQun01,-1,-1,-1,-1,5000,,
118,GrowPoint,255,Điệp kỳ ngư,XiaoDongWuYuQun01,-1,-1,-1,-1,5000,,
119,GrowPoint,256,Văn diêu ngư,XiaoDongWuYuQun01,-1,-1,-1,-1,5000,,
120,GrowPoint,501,Lúa mì sản xuất sớm (còn non),ChongZhiXiaoMaiXiao,-1,-1,-1,-1,5000,,
121,GrowPoint,502,Lúa mì sản xuất sớm (đang lớn),ChongZhiXiaoMaiZhong,-1,-1,-1,-1,5000,,
122,GrowPoint,503,Lúa mì sản xuất sớm,ChongZhiXiaoMaiDa,-1,-1,-1,-1,5000,,
123,GrowPoint,504,Gạo sản xuất sớm (còn non),ChongZhiDaMiXiao,-1,-1,-1,-1,5000,,
124,GrowPoint,505,Gạo sản xuất sớm (đang lớn),ChongZhiDaMiZhong,-1,-1,-1,-1,5000,,
125,GrowPoint,506,Gạo sản xuất sớm,ChongZhiDaMiDa,-1,-1,-1,-1,5000,,
126,GrowPoint,507,Ngô sản xuất sớm (còn non),ChongZhiChongZhiYuMiXiao,-1,-1,-1,-1,5000,,
127,GrowPoint,508,Ngô sản xuất sớm (đang lớn),ChongZhiChongZhiYuMiZhong,-1,-1,-1,-1,5000,,
128,GrowPoint,509,Ngô sản xuất sớm,ChongZhiChongZhiYuMiDa,-1,-1,-1,-1,5000,,
129,GrowPoint,510,Đậu phụng sản xuất sớm (còn non),ChongZhiHuaShengXiao,-1,-1,-1,-1,5000,,
130,GrowPoint,511,Đậu phụng sản xuất sớm (đang lớn),ChongZhiHuaShengZhong,-1,-1,-1,-1,5000,,
131,GrowPoint,512,Đậu phụng sản xuất sớm,ChongZhiHuaShengDa,-1,-1,-1,-1,5000,,
132,GrowPoint,513,Khoai lang sản xuất sớm (còn non),ChongZhiHongShuXiao,-1,-1,-1,-1,5000,,
133,GrowPoint,514,Khoai lang sản xuất sớm (đang lớn),ChongZhiHongShuZhong,-1,-1,-1,-1,5000,,
134,GrowPoint,515,Khoai lang sản xuất sớm,ChongZhiHongShuDa,-1,-1,-1,-1,5000,,
135,GrowPoint,516,Cao lương sản xuất sớm (còn non),ChongZhiGaoLiangXiao,-1,-1,-1,-1,5000,,
136,GrowPoint,517,Cao lương sản xuất sớm (đang lớn),ChongZhiGaoLiangZhong,-1,-1,-1,-1,5000,,
137,GrowPoint,518,Cao lương sản xuất sớm,ChongZhiGaoLiangDa,-1,-1,-1,-1,5000,,
138,GrowPoint,519,Mè sản xuất sớm (còn non),ChongZhiZhiMaXiao,-1,-1,-1,-1,5000,,
139,GrowPoint,520,Mè sản xuất sớm (đang lớn),ChongZhiZhiMaZhong,-1,-1,-1,-1,5000,,
140,GrowPoint,521,Mè sản xuất sớm,ChongZhiZhiMaDa,-1,-1,-1,-1,5000,,
141,GrowPoint,522,Đâu xanh sản xuất sớm (còn non),ChongZhiLuDouXiao,-1,-1,-1,-1,5000,,
142,GrowPoint,523,Đậu xanh sản xuất sớm (đang lớn),ChongZhiLuDouZhong,-1,-1,-1,-1,5000,,
143,GrowPoint,524,Đậu xanh sản xuất sớm,ChongZhiLuDouDa,-1,-1,-1,-1,5000,,
144,GrowPoint,525,Đậu nành sản xuất sớm (còn non),ChongZhiHuangDouXiao,-1,-1,-1,-1,5000,,
145,GrowPoint,526,Đậu nành sản xuất sớm (đang lớn),ChongZhiHuangDouZhong,-1,-1,-1,-1,5000,,
146,GrowPoint,527,Đậu nành sản xuất sớm,ChongZhiHuangDouDa,-1,-1,-1,-1,5000,,
147,GrowPoint,528,Đậu tằm sản xuất sớm (còn non),ChongZhiTianDouXiao,-1,-1,-1,-1,5000,,
148,GrowPoint,529,Đậu tằm sản xuất sớm (đang lớn),ChongZhiTianDouZhong,-1,-1,-1,-1,5000,,
149,GrowPoint,530,Đậu tằm sản xuất sớm,ChongZhiTianDouDa,-1,-1,-1,-1,5000,,
150,GrowPoint,531,Khoai tây sản xuất sớm (còn non),ChongZhiTuDouXiao,-1,-1,-1,-1,5000,,
151,GrowPoint,532,Khoai tây sản xuất sớm (đang lớn),ChongZhiTuDouZhong,-1,-1,-1,-1,5000,,
152,GrowPoint,533,Khoai tây sản xuất sớm,ChongZhiTuDouDa,-1,-1,-1,-1,5000,,
153,GrowPoint,534,Khoai môn sản xuất sớm (còn non),ChongZhiYuTouXiao,-1,-1,-1,-1,5000,,
154,GrowPoint,535,Khoai môn sản xuất sớm (đang lớn),ChongZhiYuTouZhong,-1,-1,-1,-1,5000,,
155,GrowPoint,536,Khoai môn sản xuất sớm,ChongZhiYuTouDa,-1,-1,-1,-1,5000,,
156,GrowPoint,537,Trữ Ma thu hoạch sớm (còn non),ChongZhiXiaoMaiXiao,-1,-1,-1,-1,5000,,
157,GrowPoint,538,Trữ Ma thu hoạch sớm (Đang sinh trưởng),ChongZhiXiaoMaiZhong,-1,-1,-1,-1,5000,,
158,GrowPoint,539,Trữ Ma thu hoạch sớm,ChongZhiXiaoMaiDa,-1,-1,-1,-1,5000,,
159,GrowPoint,540,Thảo Miên thu hoạch sớm (còn non),ChongZhiXiaoMaiXiao,-1,-1,-1,-1,5000,,
160,GrowPoint,541,Thảo Miên thu hoạch sớm (Đang sinh trưởng),ChongZhiXiaoMaiZhong,-1,-1,-1,-1,5000,,
161,GrowPoint,542,Thảo Miên thu hoạch sớm,ChongZhiXiaoMaiDa,-1,-1,-1,-1,5000,,
162,GrowPoint,543,Á Ma thu hoạch sớm (còn non),ChongZhiXiaoMaiXiao,-1,-1,-1,-1,5000,,
163,GrowPoint,544,Á Ma thu hoạch sớm (Đang sinh trưởng),ChongZhiXiaoMaiZhong,-1,-1,-1,-1,5000,,
164,GrowPoint,545,Á Ma thu hoạch sớm,ChongZhiXiaoMaiDa,-1,-1,-1,-1,5000,,
165,GrowPoint,546,Mộc Miên thu hoạch sớm (còn non),ChongZhiXiaoMaiXiao,-1,-1,-1,-1,5000,,
166,GrowPoint,547,Mộc Miên thu hoạch sớm (Đang sinh trưởng),ChongZhiXiaoMaiZhong,-1,-1,-1,-1,5000,,
167,GrowPoint,548,Mộc Miên thu hoạch sớm,ChongZhiXiaoMaiDa,-1,-1,-1,-1,5000,,
168,GrowPoint,549,Hoàng Ma thu hoạch sớm (còn non),ChongZhiXiaoMaiXiao,-1,-1,-1,-1,5000,,
169,GrowPoint,550,Hoàng Ma thu hoạch sớm (Đang sinh trưởng),ChongZhiXiaoMaiZhong,-1,-1,-1,-1,5000,,
170,GrowPoint,551,Hoàng Ma thu hoạch sớm,ChongZhiXiaoMaiDa,-1,-1,-1,-1,5000,,
171,GrowPoint,552,Vân Miên thu hoạch sớm (còn non),ChongZhiXiaoMaiXiao,-1,-1,-1,-1,5000,,
172,GrowPoint,553,Vân Miên thu hoạch sớm (Đang sinh trưởng),ChongZhiXiaoMaiZhong,-1,-1,-1,-1,5000,,
173,GrowPoint,554,Vân Miên thu hoạch sớm,ChongZhiXiaoMaiDa,-1,-1,-1,-1,5000,,
174,GrowPoint,555,Cẩn Ma thu hoạch sớm (còn non),ChongZhiXiaoMaiXiao,-1,-1,-1,-1,5000,,
175,GrowPoint,556,Cẩn Ma thu hoạch sớm (Đang sinh trưởng),ChongZhiXiaoMaiZhong,-1,-1,-1,-1,5000,,
176,GrowPoint,557,Cẩn Ma thu hoạch sớm,ChongZhiXiaoMaiDa,-1,-1,-1,-1,5000,,
177,GrowPoint,558,Nhung Miên thu hoạch sớm (còn non),ChongZhiXiaoMaiXiao,-1,-1,-1,-1,5000,,
178,GrowPoint,559,Nhung Miên thu hoạch sớm (Đang sinh trưởng),ChongZhiXiaoMaiZhong,-1,-1,-1,-1,5000,,
179,GrowPoint,560,Nhung Miên thu hoạch sớm,ChongZhiXiaoMaiDa,-1,-1,-1,-1,5000,,
180,GrowPoint,561,Thanh Ma thu hoạch sớm (còn non),ChongZhiXiaoMaiXiao,-1,-1,-1,-1,5000,,
181,GrowPoint,562,Thanh Ma thu hoạch sớm (Đang sinh trưởng),ChongZhiXiaoMaiZhong,-1,-1,-1,-1,5000,,
182,GrowPoint,563,Thanh Ma thu hoạch sớm,ChongZhiXiaoMaiDa,-1,-1,-1,-1,5000,,
183,GrowPoint,564,Thái Miên thu hoạch sớm (còn non),ChongZhiXiaoMaiXiao,-1,-1,-1,-1,5000,,
184,GrowPoint,565,Thái Miên thu hoạch sớm (Đang sinh trưởng),ChongZhiXiaoMaiZhong,-1,-1,-1,-1,5000,,
185,GrowPoint,566,Thái Miên thu hoạch sớm,ChongZhiXiaoMaiDa,-1,-1,-1,-1,5000,,
186,GrowPoint,567,La Bố Ma thu hoạch sớm (còn non),ChongZhiXiaoMaiXiao,-1,-1,-1,-1,5000,,
187,GrowPoint,568,La Bố Ma thu hoạch sớm (Đang sinh trưởng),ChongZhiXiaoMaiZhong,-1,-1,-1,-1,5000,,
188,GrowPoint,569,La Bố Ma thu hoạch sớm,ChongZhiXiaoMaiDa,-1,-1,-1,-1,5000,,
189,GrowPoint,570,Lục Địa Miên thu hoạch sớm (còn non),ChongZhiXiaoMaiXiao,-1,-1,-1,-1,5000,,
190,GrowPoint,571,Lục Địa Miên thu hoạch sớm (Đang sinh trưởng),ChongZhiXiaoMaiZhong,-1,-1,-1,-1,5000,,
191,GrowPoint,572,Lục Địa Miên thu hoạch sớm,ChongZhiXiaoMaiDa,-1,-1,-1,-1,5000,,
192,GrowPoint,573,Bảo vật phân tán,ShiMenRenWuBaoXiang,-1,-1,-1,-1,5000,,
193,GrowPoint,574,Tiểu Thanh Xà,RenWuShe1,-1,-1,-1,-1,5000,,
194,GrowPoint,575,Tiểu Bạch Xà,RenWuShe2,-1,-1,-1,-1,5000,,
195,GrowPoint,576,Tiểu Hoàng Xà,RenWuShe3,-1,-1,-1,-1,5000,,
196,GrowPoint,577,Ký Hiệu Quân Tống,ShiMenRenWuXiang,-1,-1,-1,-1,5000,,
197,GrowPoint,578,Ký Hiệu Ba Tư,ShiMenRenWuPingZi4,-1,-1,-1,-1,5000,,
198,GrowPoint,579,Ký Hiệu Quân Liêu,ShiMenRenWuMiKuang,-1,-1,-1,-1,5000,,
199,GrowPoint,580,Võ Đang Linh Chi,ShiMenRenWuLingZhi,-1,-1,-1,-1,5000,,
200,GrowPoint,581,Võ Đang Thủ Ô,ShiMenRenWuHeShouWu,-1,-1,-1,-1,5000,,
201,GrowPoint,582,Võ Đang Nhân Sâm ,ShiMenRenWuRenCan2,-1,-1,-1,-1,5000,,
202,GrowPoint,583,Linh Kiện Mộc Chế,ShiMenRenWuGuiLeiZhongYangMoZu,-1,-1,-1,-1,5000,,
203,GrowPoint,584,Linh Kiện Thạch Chế,ShiMenRenWuGuiLeiShuJuCunChuQi,-1,-1,-1,-1,5000,,
204,GrowPoint,585,Linh Kiện Đồng Chế,ShiMenRenWuGuiLeiCiPanQuDongQi,-1,-1,-1,-1,5000,,
205,GrowPoint,586,Tiểu hoàng hầu,RenWuHouZi1,-1,-1,-1,-1,5000,,
206,GrowPoint,587,Tiều hắc hầu,RenWuHouZi2,-1,-1,-1,-1,5000,,
207,GrowPoint,588,Tiểu bạch hầu,RenWuHouZi3,-1,-1,-1,-1,5000,,
208,GrowPoint,589,Độc Ngô Công ,RenWuWuGong,-1,-1,-1,-1,5000,,
209,GrowPoint,590,Độc Thiềm Thừ ,RenWuChanChu,-1,-1,-1,-1,5000,,
210,GrowPoint,591,Độc Tri Thù ,RenWuZhiZhu,-1,-1,-1,-1,5000,,
211,GrowPoint,592,Bồ Đào Can ,ShiMenRenWuPuTaoGan,-1,-1,-1,-1,5000,,
212,GrowPoint,593,Tuyết Liên Hoa ,ShiMenRenWuXueLianHua,-1,-1,-1,-1,5000,,
213,GrowPoint,594,Dưa Cáp Mật ,ShiMenRenWuHaMiGua,-1,-1,-1,-1,5000,,
214,GrowPoint,595,Rương bảo vật,ShiMenRenWuBaoXiang,-1,-1,-1,-1,5000,,
215,GrowPoint,596,Bảo vật phân tán,ShiMenRenWuBaoXiang,-1,-1,-1,-1,5000,,
216,GrowPoint,597,Bảo vật phân tán,ShiMenRenWuBaoXiang,-1,-1,-1,-1,5000,,
217,GrowPoint,598,Bảo vật phân tán,ShiMenRenWuBaoXiang,-1,-1,-1,-1,5000,,
218,GrowPoint,599,Bảo vật phân tán,ShiMenRenWuBaoXiang,-1,-1,-1,-1,5000,,
219,GrowPoint,600,Bảo vật phân tán,ShiMenRenWuBaoXiang,-1,-1,-1,-1,5000,,
220,GrowPoint,601,Bảo vật phân tán,ShiMenRenWuBaoXiang,-1,-1,-1,-1,5000,,
221,GrowPoint,602,Bảo vật phân tán,ShiMenRenWuBaoXiang,-1,-1,-1,-1,5000,,
222,GrowPoint,603,Bảo vật phân tán,ShiMenRenWuBaoXiang,-1,-1,-1,-1,5000,,
223,GrowPoint,604,Bảo vật phân tán,ShiMenRenWuBaoXiang,-1,-1,-1,-1,5000,,
224,GrowPoint,605,Bảo vật phân tán,ShiMenRenWuBaoXiang,-1,-1,-1,-1,5000,,
225,GrowPoint,606,Bảo vật phân tán,ShiMenRenWuBaoXiang,-1,-1,-1,-1,5000,,
226,GrowPoint,607,Bảo vật phân tán,ShiMenRenWuBaoXiang,-1,-1,-1,-1,5000,,
227,GrowPoint,608,Bảo vật phân tán,ShiMenRenWuBaoXiang,-1,-1,-1,-1,5000,,
228,GrowPoint,609,Bảo vật phân tán,ShiMenRenWuBaoXiang,-1,-1,-1,-1,5000,,
229,GrowPoint,610,Bảo vật phân tán,ShiMenRenWuBaoXiang,-1,-1,-1,-1,5000,,
230,GrowPoint,611,Bảo vật phân tán,ShiMenRenWuBaoXiang,-1,-1,-1,-1,5000,,
231,GrowPoint,612,Bảo vật phân tán,ShiMenRenWuBaoXiang,-1,-1,-1,-1,5000,,
232,GrowPoint,613,Bảo vật phân tán,ShiMenRenWuBaoXiang,-1,-1,-1,-1,5000,,
233,GrowPoint,614,Bảo vật phân tán,ShiMenRenWuBaoXiang,-1,-1,-1,-1,5000,,
234,GrowPoint,615,Bảo vật phân tán,ShiMenRenWuBaoXiang,-1,-1,-1,-1,5000,,
235,GrowPoint,616,Bảo vật phân tán,ShiMenRenWuBaoXiang,-1,-1,-1,-1,5000,,
236,GrowPoint,617,Bảo vật phân tán,ShiMenRenWuBaoXiang,-1,-1,-1,-1,5000,,
237,GrowPoint,618,Bảo vật phân tán,ShiMenRenWuBaoXiang,-1,-1,-1,-1,5000,,
238,GrowPoint,619,Bảo vật phân tán,ShiMenRenWuBaoXiang,-1,-1,-1,-1,5000,,
239,GrowPoint,620,Bảo vật phân tán,ShiMenRenWuBaoXiang,-1,-1,-1,-1,5000,,
240,GrowPoint,621,Bảo vật phân tán,ShiMenRenWuBaoXiang,-1,-1,-1,-1,5000,,
241,GrowPoint,622,Bảo vật phân tán,ShiMenRenWuBaoXiang,-1,-1,-1,-1,5000,,
242,GrowPoint,623,Bảo vật phân tán,ShiMenRenWuBaoXiang,-1,-1,-1,-1,5000,,
243,GrowPoint,624,Bảo vật phân tán,ShiMenRenWuBaoXiang,-1,-1,-1,-1,5000,,
244,GrowPoint,625,Bảo vật phân tán,ShiMenRenWuBaoXiang,-1,-1,-1,-1,5000,,
245,GrowPoint,701,Lúa mì sản xuất muộn (còn non),ChongZhiXiaoMaiXiao,-1,-1,-1,-1,5000,,
246,GrowPoint,702,Lúa mì sản xuất muộn (đang lớn),ChongZhiXiaoMaiZhong,-1,-1,-1,-1,5000,,
247,GrowPoint,703,Lúa mì sản xuất muộn,ChongZhiXiaoMaiDa,-1,-1,-1,-1,5000,,
248,GrowPoint,704,Gạo sản xuất muộn (còn non),ChongZhiDaMiXiao,-1,-1,-1,-1,5000,,
249,GrowPoint,705,Gạo sản xuất muộn (đang lớn),ChongZhiDaMiZhong,-1,-1,-1,-1,5000,,
250,GrowPoint,706,Gạo sản xuất muộn,ChongZhiDaMiDa,-1,-1,-1,-1,5000,,
251,GrowPoint,707,Ngô sản xuất muộn (còn non),ChongZhiChongZhiYuMiXiao,-1,-1,-1,-1,5000,,
252,GrowPoint,708,Ngô sản xuất muộn (đang lớn),ChongZhiChongZhiYuMiZhong,-1,-1,-1,-1,5000,,
253,GrowPoint,709,Ngô sản xuất muộn,ChongZhiChongZhiYuMiDa,-1,-1,-1,-1,5000,,
254,GrowPoint,710,Đậu phụng sản xuất muộn (còn non),ChongZhiHuaShengXiao,-1,-1,-1,-1,5000,,
255,GrowPoint,711,Đậu phụng sản xuất muộn (đang lớn),ChongZhiHuaShengZhong,-1,-1,-1,-1,5000,,
256,GrowPoint,712,Đâu phụng sản xuất muộn,ChongZhiHuaShengDa,-1,-1,-1,-1,5000,,
257,GrowPoint,713,Khoai lang sản xuất muộn (còn non),ChongZhiHongShuXiao,-1,-1,-1,-1,5000,,
258,GrowPoint,714,Khoai lang sản xuất muộn (đang lớn),ChongZhiHongShuZhong,-1,-1,-1,-1,5000,,
259,GrowPoint,715,Khoai lang sản xuất muộn,ChongZhiHongShuDa,-1,-1,-1,-1,5000,,
260,GrowPoint,716,Cao lương sản xuất muộn (còn non),ChongZhiGaoLiangXiao,-1,-1,-1,-1,5000,,
261,GrowPoint,717,Cao lương sản xuất muộn (đang lớn),ChongZhiGaoLiangZhong,-1,-1,-1,-1,5000,,
262,GrowPoint,718,Cao lương sản xuất muộn,ChongZhiGaoLiangDa,-1,-1,-1,-1,5000,,
263,GrowPoint,719,Mè sản xuất muộn (còn non),ChongZhiZhiMaXiao,-1,-1,-1,-1,5000,,
264,GrowPoint,720,Mè sản xuất muộn (đang lớn),ChongZhiZhiMaZhong,-1,-1,-1,-1,5000,,
265,GrowPoint,721,Mè sản xuất muộn,ChongZhiZhiMaDa,-1,-1,-1,-1,5000,,
266,GrowPoint,722,Đậu xanh sản xuất muộn (còn non),ChongZhiLuDouXiao,-1,-1,-1,-1,5000,,
267,GrowPoint,723,Đậu xanh sản xuất muộn (đang lớn),ChongZhiLuDouZhong,-1,-1,-1,-1,5000,,
268,GrowPoint,724,Đậu xanh sản xuất muộn,ChongZhiLuDouDa,-1,-1,-1,-1,5000,,
269,GrowPoint,725,Đậu nành sản xuất muộn (còn non),ChongZhiHuangDouXiao,-1,-1,-1,-1,5000,,
270,GrowPoint,726,Đậu nành sản xuất muộn (đang lớn),ChongZhiHuangDouZhong,-1,-1,-1,-1,5000,,
271,GrowPoint,727,Đậu nành sản xuất muộn,ChongZhiHuangDouDa,-1,-1,-1,-1,5000,,
272,GrowPoint,728,Đậu tằm sản xuất muộn (còn non),ChongZhiTianDouXiao,-1,-1,-1,-1,5000,,
273,GrowPoint,729,Đậu tằm sản xuất muộn (đang lớn),ChongZhiTianDouZhong,-1,-1,-1,-1,5000,,
274,GrowPoint,730,Đậu tằm sản xuất muộn,ChongZhiTianDouDa,-1,-1,-1,-1,5000,,
275,GrowPoint,731,Khoai tây sản xuất muộn (còn non),ChongZhiTuDouXiao,-1,-1,-1,-1,5000,,
276,GrowPoint,732,Khoai tây sản xuất muộn (đang lớn),ChongZhiTuDouZhong,-1,-1,-1,-1,5000,,
277,GrowPoint,733,Khoai tây sản xuất muộn,ChongZhiTuDouDa,-1,-1,-1,-1,5000,,
278,GrowPoint,734,Khoai môn sản xuất muộn (còn non),ChongZhiYuTouXiao,-1,-1,-1,-1,5000,,
279,GrowPoint,735,Khoai môn sản xuất muộn (đang lớn),ChongZhiYuTouZhong,-1,-1,-1,-1,5000,,
280,GrowPoint,736,Khoai môn sản xuất muộn,ChongZhiYuTouDa,-1,-1,-1,-1,5000,,
281,GrowPoint,737,Trữ Ma thu hoạch muộn (còn non),ChongZhiXiaoMaiXiao,-1,-1,-1,-1,5000,,
282,GrowPoint,738,Trữ Ma thu hoạch muộn (Đang sinh trưởng),ChongZhiXiaoMaiZhong,-1,-1,-1,-1,5000,,
283,GrowPoint,739,Trữ Ma thu hoạch muộn,ChongZhiXiaoMaiDa,-1,-1,-1,-1,5000,,
284,GrowPoint,740,Thảo Miên thu hoạch muộn (còn non),ChongZhiXiaoMaiXiao,-1,-1,-1,-1,5000,,
285,GrowPoint,741,Thảo Miên thu hoạch muộn (Đang sinh trưởng),ChongZhiXiaoMaiZhong,-1,-1,-1,-1,5000,,
286,GrowPoint,742,Thảo Miên thu hoạch muộn,ChongZhiXiaoMaiDa,-1,-1,-1,-1,5000,,
287,GrowPoint,743,Á Ma thu hoạch muộn (còn non),ChongZhiXiaoMaiXiao,-1,-1,-1,-1,5000,,
288,GrowPoint,744,Á Ma thu hoạch muộn (Đang sinh trưởng),ChongZhiXiaoMaiZhong,-1,-1,-1,-1,5000,,
289,GrowPoint,745,Á Ma thu hoạch muộn,ChongZhiXiaoMaiDa,-1,-1,-1,-1,5000,,
290,GrowPoint,746,Mộc Miên thu hoạch muộn (còn non),ChongZhiXiaoMaiXiao,-1,-1,-1,-1,5000,,
291,GrowPoint,747,Mộc Miên thu hoạch muộn (Đang sinh trưởng),ChongZhiXiaoMaiZhong,-1,-1,-1,-1,5000,,
292,GrowPoint,748,Mộc Miên thu hoạch muộn,ChongZhiXiaoMaiDa,-1,-1,-1,-1,5000,,
293,GrowPoint,749,Hoàng Ma thu hoạch muộn (còn non),ChongZhiXiaoMaiXiao,-1,-1,-1,-1,5000,,
294,GrowPoint,750,Hoàng Ma thu hoạch muộn (Đang sinh trưởng),ChongZhiXiaoMaiZhong,-1,-1,-1,-1,5000,,
295,GrowPoint,751,Hoàng Ma thu hoạch muộn,ChongZhiXiaoMaiDa,-1,-1,-1,-1,5000,,
296,GrowPoint,752,Vân Miên thu hoạch muộn (còn non),ChongZhiXiaoMaiXiao,-1,-1,-1,-1,5000,,
297,GrowPoint,753,Vân Miên thu hoạch muộn (Đang sinh trưởng),ChongZhiXiaoMaiZhong,-1,-1,-1,-1,5000,,
298,GrowPoint,754,Vân Miên thu hoạch muộn,ChongZhiXiaoMaiDa,-1,-1,-1,-1,5000,,
299,GrowPoint,755,Cẩn Ma thu hoạch muộn (còn non),ChongZhiXiaoMaiXiao,-1,-1,-1,-1,5000,,
300,GrowPoint,756,Cẩn Ma thu hoạch muộn (Đang sinh trưởng),ChongZhiXiaoMaiZhong,-1,-1,-1,-1,5000,,
301,GrowPoint,757,Cẩn Ma thu hoạch muộn,ChongZhiXiaoMaiDa,-1,-1,-1,-1,5000,,
302,GrowPoint,758,Nhung Miên thu hoạch muộn (còn non),ChongZhiXiaoMaiXiao,-1,-1,-1,-1,5000,,
303,GrowPoint,759,Nhung Miên thu hoạch muộn (Đang sinh trưởng),ChongZhiXiaoMaiZhong,-1,-1,-1,-1,5000,,
304,GrowPoint,760,Nhung Miên thu hoạch muộn,ChongZhiXiaoMaiDa,-1,-1,-1,-1,5000,,
305,GrowPoint,761,Thanh Ma thu hoạch muộn (còn non),ChongZhiXiaoMaiXiao,-1,-1,-1,-1,5000,,
306,GrowPoint,762,Thanh Ma thu hoạch muộn (Đang sinh trưởng),ChongZhiXiaoMaiZhong,-1,-1,-1,-1,5000,,
307,GrowPoint,763,Thanh Ma thu hoạch muộn,ChongZhiXiaoMaiDa,-1,-1,-1,-1,5000,,
308,GrowPoint,764,Thái Miên thu hoạch muộn (còn non),ChongZhiXiaoMaiXiao,-1,-1,-1,-1,5000,,
309,GrowPoint,765,Thái Miên thu hoạch muộn (Đang sinh trưởng),ChongZhiXiaoMaiZhong,-1,-1,-1,-1,5000,,
310,GrowPoint,766,Thái Miên thu hoạch muộn,ChongZhiXiaoMaiDa,-1,-1,-1,-1,5000,,
311,GrowPoint,767,La Bố Ma thu hoạch muộn (còn non),ChongZhiXiaoMaiXiao,-1,-1,-1,-1,5000,,
312,GrowPoint,768,La Bố Ma thu hoạch muộn (Đang sinh trưởng),ChongZhiXiaoMaiZhong,-1,-1,-1,-1,5000,,
313,GrowPoint,769,La Bố Ma thu hoạch muộn,ChongZhiXiaoMaiDa,-1,-1,-1,-1,5000,,
314,GrowPoint,770,Lục Địa Miên thu hoạch muộn (còn non),ChongZhiXiaoMaiXiao,-1,-1,-1,-1,5000,,
315,GrowPoint,771,Lục Địa Miên thu hoạch muộn (Đang sinh trưởng),ChongZhiXiaoMaiZhong,-1,-1,-1,-1,5000,,
316,GrowPoint,772,Lục Địa Miên thu hoạch muộn,ChongZhiXiaoMaiDa,-1,-1,-1,-1,5000,,
317,GrowPoint,773,Kẹo hỉ thông thường,XiBaoPuTongXiBao,-1,-1,-1,-1,5000,,
318,GrowPoint,774,Kẹo hỉ cao cấp,XiBaoGaoJiXiBao,-1,-1,-1,-1,5000,,
319,GrowPoint,775,Kẹo hỉ thượng hạng,XiBaoHaoHuaXiBao,-1,-1,-1,-1,5000,,
320,GrowPoint,776,Kính Hồ Thiên Niên Thảo,CaoYaoKuangShiXianDanLingYao,-1,-1,-1,-1,5000,,
321,GrowPoint,777,Đom Đóm,CaoYaoKuangShiYingHuoChong,-1,-1,-1,-1,5000,,
322,GrowPoint,778,Đồi tuyết ,0WuPinnpcXueDui,-1,-1,-1,-1,5000,,
323,GrowPoint,779,Bảo rương giáng sinh,XiBaoHaoHuaXiBao,-1,-1,-1,-1,5000,,
324,GrowPoint,780,Niên Thú Bảo Rương,XiBaoHaoHuaXiBao,-1,-1,-1,-1,5000,,
325,GrowPoint,781,Niên Thú Bảo Rương,XiBaoGaoJiXiBao,-1,-1,-1,-1,5000,,
326,GrowPoint,782,Khổng Minh Đăng,CaoYaoKuangShiKongMingDeng1,-1,-1,-1,-1,5000,,
327,GrowPoint,783,Khổng Minh Đăng,CaoYaoKuangShiKongMingDeng2,-1,-1,-1,-1,5000,,
328,GrowPoint,784,Khổng Minh Đăng,CaoYaoKuangShiKongMingDeng3,-1,-1,-1,-1,5000,,
329,GrowPoint,785,Hương Huân,CaoYaoKuangShiXiangRu,-1,-1,-1,-1,5000,,
330,GrowPoint,786,Chi Tử,CaoYaoKuangShiWeiZi,-1,-1,-1,-1,5000,,
331,GrowPoint,787,Song Hoa,CaoYaoKuangShiShuangHua,-1,-1,-1,-1,5000,,
332,GrowPoint,788,Thanh Diệp,CaoYaoKuangShiQingXie,-1,-1,-1,-1,5000,,
333,GrowPoint,789,Hồng Hoa,CaoYaoKuangShiHongHua,-1,-1,-1,-1,5000,,
334,GrowPoint,790,Từ bích khoáng thạch,CaoYaoKuangShiZiBiKuangShi,7,1,-1,-1,5000,,
335,GrowPoint,791,Lịch Thạch,CaoYaoKuangShiGuangHuaDeShiTou,-1,-1,-1,-1,5000,,
336,GrowPoint,792,Nhạn Linh,CaoYaoKuangShiDaYanYuMao,-1,-1,-1,-1,5000,,
337,GrowPoint,793,Thất Diệp Liên,CaoYaoKuangShiQiXieLian,-1,-1,-1,-1,5000,,
338,GrowPoint,794,Bạch Hổ Thạch,CaoYaoKuangShikvkBaiHuShi,-1,-1,-1,-1,5000,,
339,GrowPoint,795,Bàn Cổ Thạch,CaoYaoKuangShikvkNuWaShi,-1,-1,-1,-1,5000,,
340,GrowPoint,796,Thanh Long Thạch,CaoYaoKuangShikvkQingLongShi,-1,-1,-1,-1,5000,,
341,GrowPoint,797,Huyền Vũ Thạch,CaoYaoKuangShikvkXuanWuShi,-1,-1,-1,-1,5000,,
342,GrowPoint,798,Chu Tước Thạch,CaoYaoKuangShikvkZhuQueShi,-1,-1,-1,-1,5000,,
343,GrowPoint,799,Hứa Nguyện Lễ Bao,XiBaoHaoHuaXiBao,-1,-1,-1,-1,5000,,
344,GrowPoint,800,Hy Hữu Hoa Bồn,0WuPinnpc20091111MoLiHuaPen,-1,-1,-1,-1,5000,,
345,GrowPoint,801,Bách Hợp Hoa,0WuPinnpc20091111MoLiHua,-1,-1,-1,-1,5000,,
346,GrowPoint,803,Khôi Giáp Thất Lạc,ShiMenRenWunpcSanLuoDeKaiJia100113,-1,-1,-1,-1,5000,,
347,GrowPoint,804,Thuẫn Bài Thất Lạc,ShiMenRenWunpcSanLuoDeDunPai100113,-1,-1,-1,-1,5000,,
348,GrowPoint,805,Binh Khí Thất Lạc,ShiMenRenWunpcSanLuoDeBingQi100113,-1,-1,-1,-1,5000,,
349,GrowPoint,806,Rương bảo vật,ShiMenRenWuBaiYanSeBaoXiang,-1,-1,-1,-1,5000,,
350,GrowPoint,807,Lễ Hộp Cầu Phúc,XiBaoHaoHuaXiBao,-1,-1,-1,-1,5000,,
351,GrowPoint,808,Hộp Dưa Hấu,XiBaoHaoHuaXiBao,-1,-1,-1,-1,5000,,
352,GrowPoint,809,Đồi tuyết ,0WuPinnpcXueDui,-1,-1,-1,-1,5000,,
353,GrowPoint,810,Thiên Mạch Huyền Tinh,CaoYaoKuangShinpc2022tianmaixuanjingB,54,1,-1,-1,5000,,
354,GrowPoint,811,Thiên Mạch Huyền Tinh,CaoYaoKuangShinpc2022tianmaixuanjingS,54,1,-1,-1,5000,,
355,GrowPoint,812,Tân lạc dương tuần du bảo rương,ShiMenRenWuBaoXiang,-1,-1,-1,-1,5000,,
356,GrowPoint,813,Long Diên Thảo,CaoYaoKuangShiLongDanCao110224,-1,-1,-1,-1,5000,,
357,GrowPoint,814,Vân Giang Lư,CaoYaoKuangShinpcDiaoYuDian01,-1,-1,-1,-1,5000,,
358,GrowPoint,815,Phụng Huyết Khoáng (Test),CaoYaoKuangShiFengXieKuangShi,7,1,-1,-1,5000,,
359,GrowPoint,816,Thiên Mạch Huyền Tinh,CaoYaoKuangShinpc2022tianmaixuanjingS,54,1,-1,-1,5000,,
360,GrowPoint,817,Thiên Mạch Huyền Tinh,CaoYaoKuangShinpc2022tianmaixuanjingS,54,1,-1,-1,5000,,
361,GrowPoint,818,Vinh Thảo,CaoYaoKuangShiXiaGuCao110224,-1,-1,-1,-1,5000,,
362,GrowPoint,819,Dao Thảo,CaoYaoKuangShiJinQianCao110224,-1,-1,-1,-1,5000,,
363,GrowPoint,820,Cá Thanh Giang,CaoYaoKuangShinpcDiaoYuDian02,-1,-1,-1,-1,5000,,
364,GrowPoint,821,Lươn,CaoYaoKuangShinpcDiaoYuDian03,-1,-1,-1,-1,5000,,
365,GrowPoint,822,Mộc Vương Tri Thù,ShiMenRenWu_ShanZhu1,-1,-1,-1,-1,5000,,
366,GrowPoint,823,Mộc Nhân phá hoại,ShiMenRenWu_YiQiMuRen,-1,-1,-1,-1,5000,,
367,GrowPoint,824,Ác Viên huân đảo,ShiMenRenWu_ShuDaoHeiYuan,-1,-1,-1,-1,5000,,
368,GrowPoint,825,Uất Kết Tâm Ma,ShiMenRenWu_JingHuHuaYao,-1,-1,-1,-1,5000,,
369,GrowPoint,826,Yêu Ma Khôi Lỗi,ShiMenRenWu_YiQiTongRen,-1,-1,-1,-1,5000,,
370,GrowPoint,827,Tuyết Quái Định Trụ,ShiMenRenWu_XueRen,-1,-1,-1,-1,5000,,
371,GrowPoint,828,Hoa Thạch Khôi Lỗi,ShiMenRenWu_ShiRen,-1,-1,-1,-1,5000,,
372,GrowPoint,829,Nữ Tặc Khóc Lóc,ShiMenRenWu_npcGuaiGuSuMenPaiQingGongFeiZei20091229,-1,-1,-1,-1,5000,,
373,GrowPoint,830,Thâu Tửu Hầu Tử,ShiMenRenWu_GaoShanBaiYuan,-1,-1,-1,-1,5000,,
374,GrowPoint,831,Mật Thám Huân Đảo,ShiMenRenWu_QinJiaZhaiTanZi,-1,-1,-1,-1,5000,,
375,GrowPoint,832,Cây Ngải,0WuPinAiHao,-1,-1,-1,-1,5000,,
376,GrowPoint,833,Vân Trấm Linh,ShiMenRenWuYunHeXiang,-1,-1,-1,-1,5000,,
377,GrowPoint,834,Thanh Đồng,ShiMenRenWuQingTong,-1,-1,-1,-1,5000,,
378,GrowPoint,835,Hàn Tuyết Đoàn Thạch,ShiMenRenWuHanXueDuanShi,-1,-1,-1,-1,5000,,
379,GrowPoint,836,Tu Hành Khôi Lỗi,ShiMenRenWuNPCDunXiaDeTangMenXiuXingGuiLei130701,-1,-1,-1,-1,5000,,
380,GrowPoint,837,Dung Thi Thảo,0GuanMunpcRongShiCao20130917,-1,-1,-1,-1,5000,,
381,GrowPoint,838,Dưỡng Tâm Thảo,CaoYaoKuangShinpcYangXinCao20130917,-1,-1,-1,-1,5000,,
382,GrowPoint,839,Tình Nhân Thảo,CaoYaoKuangShinpcYangXinCao20130917,-1,-1,-1,-1,5000,,
383,GrowPoint,840,Hoàng Hoa Tử Cận,CaoYaoKuangShinpcXinHuangHuaZiJin130924,-1,-1,-1,-1,5000,,
384,GrowPoint,841,Nhân Sâm Thiên Niên,CaoYaoKuangShinpcXinQianNianRenCan130924,-1,-1,-1,-1,5000,,
385,GrowPoint,842,Kim Ti Hồ Lô,CaoYaoKuangShinpcJinSiHuLu130925,-1,-1,-1,-1,5000,,
386,GrowPoint,843,Linh Mộc Hoa Quế,CaoYaoKuangShinpcLingMuGuiHua130924,-1,-1,-1,-1,5000,,
387,GrowPoint,844,Đông Trùng Hạ Thảo,CaoYaoKuangShinpcDongChongXiaCao130924,-1,-1,-1,-1,5000,,
388,GrowPoint,845,Nhất Điểm Hồng,CaoYaoKuangShinpcXinDianHong130924,-1,-1,-1,-1,5000,,
389,GrowPoint,846,Thất Diệp Liên,CaoYaoKuangShinpcXinQiXieLian130924,-1,-1,-1,-1,5000,,
390,GrowPoint,847,Nhập Địa Kim Ngưu,CaoYaoKuangShinpcXinRuDiJinNiu130924,-1,-1,-1,-1,5000,,
391,GrowPoint,848,Giấy Màu,CaoYaoKuangShinpc20150708CaiZhi,-1,-1,-1,-1,5000,,
392,GrowPoint,849,Ảo Trận Huyền Đàn,ShiMenRenWunpc160831GuiGuHuanZhenXuanTan,-1,-1,-1,-1,5000,,
393,GrowPoint,850,Bát Quái Kính,ShiMenRenWunpc160901GuiGuBaGuaJing,-1,-1,-1,-1,5000,,
394,GrowPoint,851,Lệnh Kỳ,ShiMenRenWunpc160906GuiGuLingQi,-1,-1,-1,-1,5000,,
395,GrowPoint,852,Lục Diện Pháp „n,ShiMenRenWunpc160906GuiGuFaYin,-1,-1,-1,-1,5000,,
396,GrowPoint,853,Ly Nhân Khinh Giáp,npcTaoHuaDaoYinZhiChiRenJia20190821,-1,-1,-1,-1,5000,,
397,GrowPoint,854,Dẫn Phách Chung,npcTaoHuaDaoYinPoZhong20190821,-1,-1,-1,-1,5000,,
398,GrowPoint,855,Ảo Hải Trầm Hương,HuanHaiChenXiangShu,-1,-1,-1,-1,5000,,
399,GrowPoint,856,Hoa Vong Ưu,npcTaoHuaDaoWangYouHua20190821,-1,-1,-1,-1,5000,,
400,GrowPoint,857,Mộc Bản,XinTianWaiCaiJiMuCai,-1,-1,-1,-1,5000,,
401,GrowPoint,858,Toái Thạch Đôi,XinTianWaiCaiJiShiTou,-1,-1,-1,-1,5000,,
402,GrowPoint,859,Kinh Cúc,XinTianWaiCaiJiHuaDuo,-1,-1,-1,-1,5000,,
403,GrowPoint,860,Bia Đá Đao Hình,npcCongRenDaoXingShiBei,-1,-1,-1,-1,5000,,
404,GrowPoint,861,Ô Vũ,npcCongRenWuYu,-1,-1,-1,-1,5000,,
405,GrowPoint,862,Phong Đàn,npcCongRenFengTan,-1,-1,-1,-1,5000,,
406,GrowPoint,863,Đá Lưu Ly,npcCongRenLiuLiShi,-1,-1,-1,-1,5000,,
407,GrowPoint,864,Tứ Tuyệt Chung,npcSiJueZhuangSiJueZhong2010012,-1,-1,-1,-1,5000,,
