RowIndex,Tag,ID,Model,ManActionSet,WomanActionSet,SubManActionSet,SubWomanActionSet,Addative,Text,ChildrenJSON
1,Mount,0,Hu,NanZhuJiao_LuWu,NuZhuJiao_LuWu,,,false,,
2,Mount,1,HuangPiaoMa,NanZhuJiao_LuWu,NuZhuJiao_LuWu,,,false,,
3,Mount,2,HuiLang,NanZhuJiao_LuWu,NuZhuJiao_LuWu,,,false,,
4,Mount,3,Diao,NanZhuJiao_Diao,NuZhuJiao_Diao,,,false,,
5,Mount,4,Lu,NanZhuJiao_Xiong,NuZhuJiao_Xiong,,,false,,
6,Mount,5,He,NanZhuJiao_He,NuZhuJiao_He,,,false,,
7,Mount,6,QingFeng,NanZhuJiao_Feng,NuZhuJiao_Feng,,,false,,
8,Mount,7,LuoTuo,NanZhuJiao_LuoTuo,NuZhuJiao_LuoTuo,,,false,,
9,Mount,8,MaoNiu,NanZhuJiao_Xiong,NuZhuJiao_Xiong,,,false,,
10,Mount,9,BaiHu,NanZhuJiao_LuWu,NuZhuJiao_LuWu,,,false,,
11,Mount,10,QingBaiCongMa,NanZhuJiao_LuWu,NuZhuJiao_LuWu,,,false,,
12,Mount,11,BaiLang,NanZhuJiao_LuWu,NuZhuJiao_LuWu,,,false,,
13,Mount,12,BaiDiao,NanZhuJiao_BaiDiao,NuZhuJiao_BaiDiao,,,false,,
14,Mount,13,BaiLu,NanZhuJiao_LuWu,NuZhuJiao_LuWu,,,false,,
15,Mount,14,JinYiHe,NanZhuJiao_JinYiHe,NuZhuJiao_JinYiHe,,,false,,
16,Mount,15,HongBaiFeng,NanZhuJiao_HongBaiFeng,NuZhuJiao_HongBaiFeng,,,false,,
17,Mount,16,BaiLuoTuo,NanZhuJiao_BaiLuoTuo,NuZhuJiao_BaiLuoTuo,,,false,,
18,Mount,17,BaiMaoNiu,NanZhuJiao_Xiong,NuZhuJiao_Xiong,,,false,,
19,Mount,18,ShiZi,NanZhuJiao_LuWu,NuZhuJiao_LuWu,,,false,,
20,Mount,19,BaiShi,NanZhuJiao_LuWu,NuZhuJiao_LuWu,,,false,,
21,Mount,21,ZouDiao,NanZhuJiao_ZouDiao,NuZhuJiao_ZouDiao,,,false,,
22,Mount,22,ZouBaiDiao,NanZhuJiao_ZouBaiDiao,NuZhuJiao_ZouBaiDiao,,,false,,
23,Mount,23,Xiang,NanZhuJiao_XiNiu,NuZhuJiao_XiNiu,,,false,,
24,Mount,24,BaiXiang,NanZhuJiao_XiNiu,NuZhuJiao_XiNiu,,,false,,
25,Mount,25,JiaoTongGongJu_Ying,NanZhuJiao_JiaoTongGongJu_Ying,NuZhuJiao_JiaoTongGongJu_Ying,,,false,,
26,Mount,26,QiChengLuWu,NanZhuJiao_LuWu,NuZhuJiao_LuWu,,,false,,
27,Mount,27,QiChengMuNiuLiuMa,NanZhuJiao_Xiong,NuZhuJiao_Xiong,,,false,,
28,Mount,28,QiChengTuoNiao,NanZhuJiao_XiNiu,NuZhuJiao_XiNiu,,,false,,
29,Mount,29,QiChengXiNiu,NanZhuJiao_XiNiu,NuZhuJiao_XiNiu,NanZhuJiao_XiNiu,NuZhuJiao_XiNiu,false,,
30,Mount,30,QiChengXiong,NanZhuJiao_Xiong,NuZhuJiao_Xiong,,,false,,
31,Mount,31,QiChengXuanGui,NanZhuJiao_XuanGui,NuZhuJiao_XuanGui,,,false,,
32,Mount,32,QiChengZhiZhu,NanZhuJiao_LuWu,NuZhuJiao_LuWu,,,false,,
33,Mount,33,QiChengHeMa,NanZhuJiao_XiNiu,NuZhuJiao_XiNiu,,,false,,
34,Mount,34,QiChengMaChe,NanZhuJiao_MaChe,NuZhuJiao_MaChe,,,false,,
35,Mount,35,QiChengTianMa,NanZhuJiao_Xiong,NuZhuJiao_Xiong,,,false,,
36,Mount,36,QiChengTuZi,NanZhuJiao_XuanGui,NuZhuJiao_XuanGui,,,false,,
37,Mount,37,QiChengWuShi,NanZhuJiao_XiNiu,NuZhuJiao_XiNiu,,,false,,
38,Mount,38,QiChengXunLu,NanZhuJiao_Xiong,NuZhuJiao_Xiong,,,false,,
39,Mount,39,TianShiChiBang,NanZhuJiao_TianShiChiBang,NuZhuJiao_TianShiChiBang,,,false,,
40,Mount,40,QiChengJuRen,NanZhuJiao_XuanGui,NuZhuJiao_XuanGui,,,false,,
41,Mount,41,ShuangRenQiChengDaLuLong,NanZhuJiao_XiNiu,NuZhuJiao_XiNiu,,,false,,
42,Mount,42,QiChengMiLuXueQiao,NanZhuJiao_MaChe,NuZhuJiao_MaChe,NanZhuJiao_MaChe,NuZhuJiao_MaChe,false,,
43,Mount,43,PanShenQiCheng,NanZhuJiao_XiNiu,NuZhuJiao_XiNiu,,,false,,
44,Mount,44,EMoChiBang,NanZhuJiao_TianShiChiBang,NuZhuJiao_TianShiChiBang,,,false,,
45,Mount,45,QiChengChunJieBaiXiong,NanZhuJiao_Xiong,NuZhuJiao_Xiong,,,false,,
46,Mount,46,QiChengBiShuiJinJingShou,NanZhuJiao_XiNiu,NuZhuJiao_XiNiu,,,false,,
47,Mount,47,ShengDanJieQiCheng,NanZhuJiao_XiNiu,NuZhuJiao_XiNiu,NanZhuJiao_XiNiu,NuZhuJiao_XiNiu,false,,
48,Mount,48,QiChengChunJieNianShou,NanZhuJiao_LuWu,NuZhuJiao_LuWu,,,false,,
49,Mount,49,QiChengQingRenJieHuaChe1,NanZhuJiao_XuanGui,NuZhuJiao_XuanGui,,,false,,
50,Mount,50,QiChengBaiBao,NanZhuJiao_XiNiu,NuZhuJiao_XiNiu,,,false,,
51,Mount,51,QiChengHeiBao,NanZhuJiao_XiNiu,NuZhuJiao_XiNiu,,,false,,
52,Mount,52,QiChengJuYuan,NanZhuJiao_XuanGui,NuZhuJiao_XuanGui,,,false,,
53,Mount,53,JiuDaMenPaiQiChengDiao,NanZhuJiao_Diao,NuZhuJiao_Diao,,,false,,
54,Mount,54,JiuDaMenPaiQiChengFengHuang,NanZhuJiao_HongBaiFeng,NanZhuJiao_HongBaiFeng,,,false,,
55,Mount,55,JiuDaMenPaiQiChengHe,NanZhuJiao_XuanGui,NuZhuJiao_XuanGui,,,false,,
56,Mount,56,JiuDaMenPaiQiChengHu,NanZhuJiao_LuWu,NuZhuJiao_LuWu,,,false,,
57,Mount,57,JiuDaMenPaiQiChengLang,NanZhuJiao_LuWu,NuZhuJiao_LuWu,,,false,,
58,Mount,58,JiuDaMenPaiQiChengLu,NanZhuJiao_Xiong,NuZhuJiao_Xiong,,,false,,
59,Mount,59,JiuDaMenPaiQiChengMa,NanZhuJiao_Xiong,NuZhuJiao_Xiong,,,false,,
60,Mount,60,JiuDaMenPaiQiChengMaoNiu,NanZhuJiao_Xiong,NuZhuJiao_Xiong,,,false,,
61,Mount,61,JiuDaMenPaiQiChengShiZi,NanZhuJiao_LuWu,NuZhuJiao_LuWu,,,false,,
62,Mount,62,KaPeiChiBang,NanZhuJiao_TianShiChiBang,NuZhuJiao_TianShiChiBang,,,false,,
63,Mount,63,QiChengSongShu,NanZhuJiao_Xiong,NuZhuJiao_Xiong,,,false,,
64,Mount,64,QiChengHuDieChiBang090812,NanZhuJiao_TianShiChiBang,NuZhuJiao_TianShiChiBang,,,false,,
65,Mount,65,QiChengChunJieHu091026,NanZhuJiao_XiNiu,NuZhuJiao_XiNiu,,,false,,
66,Mount,66,GuSuMuRongQiChengYeShanYang1,NanZhuJiao_Xiong,NuZhuJiao_Xiong,,,false,,
67,Mount,67,GuSuMuRongQiChengYeShanYang2,NanZhuJiao_Xiong,NuZhuJiao_Xiong,,,false,,
68,Mount,68,GuSuMuRongQiChengYeShanYang3,NanZhuJiao_Xiong,NuZhuJiao_Xiong,,,false,,
69,Mount,69,QiCheng20090112FeiLongYi,NanZhuJiao_XuanGui,NuZhuJiao_XuanGui,,,false,,
70,Mount,70,QiChengSongShuBianSe,NanZhuJiao_Xiong,NuZhuJiao_Xiong,,,false,,
71,Mount,71,QiChengXiongMao100115,NanZhuJiao_XiNiu,NuZhuJiao_XiNiu,,,false,,
72,Mount,72,QiChengKongJuMoZheng100329,NanZhuJiao_XiNiu,NuZhuJiao_XiNiu,,,false,,
73,Mount,73,QiChengBeiMeiXinZuoQi100201,NanZhuJiao_XiNiu,NuZhuJiao_XiNiu,,,false,,
74,Mount,74,QiChengAnYingZuoQi100201,NanZhuJiao_XiNiu,NuZhuJiao_XiNiu,,,false,,
75,Mount,75,QiChengZiYingZuoQi100201,NanZhuJiao_XiNiu,NuZhuJiao_XiNiu,,,false,,
76,Mount,76,QiChengShuGuiLei100407,NanZhuJiao_XuanGui,NuZhuJiao_XuanGui,,,false,,
77,Mount,77,QiCheng20100423YanShou,NanZhuJiao_LuWu,NuZhuJiao_LuWu,,,false,,
78,Mount,78,QiCheng100528XuanYuanLeiShou,NanZhuJiao_LuWu,NuZhuJiao_LuWu,,,false,,
79,Mount,79,QiChengDuoRenLong20100809,NanZhuJiao_XiNiu,NuZhuJiao_XiNiu,,,false,,
80,Mount,80,QiChengTuZi20100908,NanZhuJiao_XuanGui,NuZhuJiao_XuanGui,,,false,,
81,Mount,81,QiChengSongJunMa20100913,NanZhuJiao_XiNiu,NuZhuJiao_XiNiu,,,false,,
82,Mount,82,QiChengLiaoJunMa100923,NanZhuJiao_XiNiu,NuZhuJiao_XiNiu,,,false,,
83,Mount,83,QiCheng100733JuanZhou3,NanZhuJiao_XuanGui,NuZhuJiao_XuanGui,,,false,,
84,Mount,84,QiChengHuoQiLin20100407,NanZhuJiao_LuWu,NuZhuJiao_LuWu,,,false,,
85,Mount,85,QiChengZhongJiaZhanMa101119,NanZhuJiao_XiNiu,NuZhuJiao_XiNiu,,,false,,
86,Mount,86,QiChengQiLinJinYu,NanZhuJiao_XiNiu,NuZhuJiao_XiNiu,,,false,,
87,Mount,87,QiChengCangShu,NanZhuJiao_XuanGui,NuZhuJiao_XuanGui,,,false,,
88,Mount,88,QiChengLuXingNiao,NanZhuJiao_XiNiu,NuZhuJiao_XiNiu,,,false,,
89,Mount,89,QiChengJinLinWuShi101202,NanZhuJiao_XiNiu,NuZhuJiao_XiNiu,,,false,,
90,Mount,90,QiChengShuangRenJiJuXie100830,NanZhuJiao_XuanGui,NuZhuJiao_XuanGui,,,false,,
91,Mount,91,QiChengChunJieHuaChe101229,NanZhuJiao_XuanGui,NuZhuJiao_XuanGui,,,false,,
92,Mount,92,QiCheng101221XianLing02,NanZhuJiao_XiNiu,NuZhuJiao_XiNiu,,,false,,
93,Mount,93,QiCheng101221XianLing01,NanZhuJiao_XiNiu,NuZhuJiao_XiNiu,,,false,,
94,Mount,94,QiChengJinChi100728,NanZhuJiao_XiNiu,NuZhuJiao_XiNiu,,,false,,
95,Mount,95,QiChengJinChi100728,NanZhuJiao_XiNiu,NuZhuJiao_XiNiu,,,false,,
96,Mount,96,QiCheng100915LiuRenMaChe,NanZhuJiao_XuanGui,NuZhuJiao_XuanGui,,,false,,
97,Mount,97,QiCheng100733JuanZhou3,NanZhuJiao_XuanGui,NuZhuJiao_XuanGui,,,false,,
98,Mount,98,QiChengLieYanKuangXi20110321,NanZhuJiao_XiNiu,NuZhuJiao_XiNiu,,,false,,
99,Mount,99,QiChengTongZiTai20101101,NanZhuJiao_XuanGui,NuZhuJiao_XuanGui,,,false,,
100,Mount,100,QiChengYueBaiJiaoMa110316,NanZhuJiao_Xiong,NuZhuJiao_Xiong,,,false,,
101,Mount,102,QiChengChunJieNianShoub,NanZhuJiao_LuWu,NuZhuJiao_LuWu,,,false,,
102,Mount,103,QiChengChunJieNianShou,NanZhuJiao_LuWu,NuZhuJiao_LuWu,,,false,,
103,Mount,104,QiChengChunJieNianShoua,NanZhuJiao_LuWu,NuZhuJiao_LuWu,,,false,,
104,Mount,151,ShengJiBanShuangRenQiChengDaLuLong,NanZhuJiao_XiNiu,NuZhuJiao_XiNiu,,,false,,
105,Mount,152,ShengJiBanShuangRenQiChengDaLuLong,NanZhuJiao_XiNiu,NuZhuJiao_XiNiu,,,false,,
106,Mount,153,QiChengJinChiLanSe100728,NanZhuJiao_XiNiu,NuZhuJiao_XiNiu,,,false,,
107,Mount,154,QiChengJinChiQingSe100728,NanZhuJiao_XiNiu,NuZhuJiao_XiNiu,,,false,,
108,Mount,155,QiChengJinChiLanSe100728,NanZhuJiao_XiNiu,NuZhuJiao_XiNiu,,,false,,
109,Mount,156,QiChengJinChiQingSe100728,NanZhuJiao_XiNiu,NuZhuJiao_XiNiu,,,false,,
110,Mount,157,QiChengXueShiWang110406,NanZhuJiao_XiNiu,NuZhuJiao_XiNiu,,,false,,
111,Mount,158,QiChengKuaFuZhengBaSaiJi20110712,NanZhuJiao_XiNiu,NuZhuJiao_XiNiu,,,false,,
112,Mount,159,QiChengKuaFuZhengBaSaiJi20110712,NanZhuJiao_XiNiu,NuZhuJiao_XiNiu,,,false,,
113,Mount,160,QiChengKuaFuZhengBaSaiSanJi20110706,NanZhuJiao_XiNiu,NuZhuJiao_XiNiu,,,false,,
114,Mount,161,QiChengKuaFuZhengBaSaiSanJi20110706,NanZhuJiao_XiNiu,NuZhuJiao_XiNiu,,,false,,
115,Mount,162,QiChengKuaFuZhengBaSaiErJi20110713,NanZhuJiao_XiNiu,NuZhuJiao_XiNiu,,,false,,
116,Mount,163,QiChengKuaFuZhengBaSaiErJi20110713,NanZhuJiao_XiNiu,NuZhuJiao_XiNiu,,,false,,
117,Mount,164,QiChengLingHe111121,NanZhuJiao_Xiong,NuZhuJiao_Xiong,,,false,,
118,Mount,165,QiChengShuangRenXunLu120109HuaChe,NanZhuJiao_XuanGui,NuZhuJiao_XuanGui,,,false,,
119,Mount,166,QiChengJinYu101009,NanZhuJiao_TianShiChiBang,NuZhuJiao_TianShiChiBang,,,false,,
120,Mount,167,QiChengZhanZhengJuShou120221,NanZhuJiao_XiNiu,NuZhuJiao_XiNiu,,,false,,
121,Mount,168,QiChengJuYuan20120209,NanZhuJiao_XuanGui,NuZhuJiao_XuanGui,,,false,,
122,Mount,169,QiChengShiLang110926,NanZhuJiao_XiNiu,NuZhuJiao_XiNiu,,,false,,
123,Mount,170,TiMoQiCheng,NanZhuJiao_XiNiu,NuZhuJiao_XiNiu,,,false,,
124,Mount,171,QiChengZiYu101009,NanZhuJiao_TianShiChiBang,NuZhuJiao_TianShiChiBang,,,false,,
125,Mount,172,QiChengQiXiXiQueb120801,NanZhuJiao_XuanGui,NuZhuJiao_XuanGui,,,false,,
126,Mount,173,QiChengBiShuiJinJingShouBaiSe,NanZhuJiao_XiNiu,NuZhuJiao_XiNiu,,,false,,
127,Mount,174,QiChengHeiTianMa,NanZhuJiao_Xiong,NuZhuJiao_Xiong,,,false,,
128,Mount,175,QiChengFenHaiMa20120918,NanZhuJiao_XiNiu,NuZhuJiao_XiNiu,,,false,,
129,Mount,176,QiChengLanHaiMa20120918,NanZhuJiao_XiNiu,NuZhuJiao_XiNiu,,,false,,
130,Mount,177,QiChengQiongQiHeiSe120919,NanZhuJiao_XiNiu,NuZhuJiao_XiNiu,,,false,,
131,Mount,178,QiChengQiongQiBaiSe120919,NanZhuJiao_XiNiu,NuZhuJiao_XiNiu,,,false,,
132,Mount,179,QiChengShengDanFangZhou121120,NanZhuJiao_XuanGui,NuZhuJiao_XuanGui,NanZhuJiao_XuanGui,NuZhuJiao_XuanGui,false,,
133,Mount,180,QiChengChunJieFuShouShiZi130105,NanZhuJiao_XiNiu,NuZhuJiao_XiNiu,,,false,,
134,Mount,181,QiChengBanTouXiong20130312,NanZhuJiao_Xiong,NuZhuJiao_Xiong,,,false,,
135,Mount,182,QiChengLuXingHe130227,NanZhuJiao_XiNiu,NuZhuJiao_XiNiu,,,false,,
136,Mount,183,QiChengTangMenMenPaiZuoQiChuJi130418,NanZhuJiao_Xiong,NuZhuJiao_Xiong,,,false,,
137,Mount,184,QiChengTangMenMenPaiZuoQiZhongJi130425,NanZhuJiao_Xiong,NuZhuJiao_Xiong,,,false,,
138,Mount,185,QiChengTangMenMenPaiZuoQiGaoJi130509,NanZhuJiao_Xiong,NuZhuJiao_Xiong,,,false,,
139,Mount,186,QiChengXieYu101009,NanZhuJiao_TianShiChiBang,NuZhuJiao_TianShiChiBang,,,false,,
140,Mount,187,QiChengXiaRiBingLong130527,NanZhuJiao_XiNiu,NuZhuJiao_XiNiu,,,true,,
141,Mount,188,QiChengHeiMeiGui130729,NanZhuJiao_Xiong,NuZhuJiao_Xiong,,,false,,
142,Mount,189,QiChengCangZuTao2012062,NanZhuJiao_MaoNiu,NuZhuJiao_MaoNiu,,,false,,
143,Mount,190,QiChengShuiMa20131028,NanZhuJiao_Ma,NuZhuJiao_Ma,,,false,,
144,Mount,191,QiChengJiJieZuoQi131017,NanZhuJiao_XuanGui,NuZhuJiao_XuanGui,,,false,,
145,Mount,192,QiCheng20131128ShengDanQiCheng,NanZhuJiao_MaChe,NuZhuJiao_MaChe,,,false,,
146,Mount,193,QiCheng131107XinNianShenMaFuYun,NanZhuJiao_XiNiu,NuZhuJiao_XiNiu,,,false,,
147,Mount,194,QiCheng20140102QingRenJieQiCheng,NanZhuJiao_MaChe,NuZhuJiao_MaChe,,,false,,
148,Mount,195,QiCheng140210HuoYanMa,NanZhuJiao_Xiong,NuZhuJiao_Xiong,,,false,,
149,Mount,196,QiCheng140416XianGui,NanZhuJiao_Xiong,NuZhuJiao_Xiong,,,false,,
150,Mount,197,QiCheng140507HaiLong,NanZhuJiao_Xiong,NuZhuJiao_Xiong,,,false,,
151,Mount,198,QiCheng140903ShengLingWuYa,NanZhuJiao_TianShiChiBang,NuZhuJiao_TianShiChiBang,,,false,,
152,Mount,199,QiCheng140903ShengLingWuYaFenHong,NanZhuJiao_TianShiChiBang,NuZhuJiao_TianShiChiBang,,,false,,
153,Mount,200,QiCheng2014QingRenJieQingLuYang,NanZhuJiao_MaChe,NuZhuJiao_MaChe,,,false,,
154,Mount,201,QiCheng141008GuFengHeHua,NanZhuJiao_MaChe,NuZhuJiao_MaChe,,,false,,
155,Mount,202,QiCheng141113LianYuFengHuang,NanZhuJiao_XuanGui,NuZhuJiao_XuanGui,,,false,,
156,Mount,203,QiCheng141113LieHaiMoLongQiCheng,NanZhuJiao_LuWu,NuZhuJiao_LuWu,,,false,,
157,Mount,204,QiCheng141113ShiHunHuaYaoZuoQi,NanZhuJiao_XuanGui,NuZhuJiao_XuanGui,,,false,,
158,Mount,205,QiCheng140428FengZhenga,NanZhuJiao_TianShiChiBang,NuZhuJiao_TianShiChiBang,,,false,,
159,Mount,206,QiCheng140428FengZhengb,NanZhuJiao_XuanGui,NuZhuJiao_XuanGui,,,false,,
160,Mount,207,QiCheng150302GangZongZuoQi,NanZhuJiao_Hu,NuZhuJiao_Hu,,,false,,
161,Mount,208,QiCheng1503109LongZhou,NanZhuJiao_XuanGui,NuZhuJiao_XuanGui,NanZhuJiao_XuanGui,NuZhuJiao_XuanGui,false,,
162,Mount,209,QiCheng150515XiongBaTianXia1,NanZhuJiao_Xiong,NuZhuJiao_Xiong,,,false,,
163,Mount,210,QiCheng150515XiongBaTianXia2,NanZhuJiao_XuanGui,NuZhuJiao_XuanGui,,,false,,
164,Mount,211,QiCheng150621LongRenQiCheng,NanZhuJiao_XiNiu,NuZhuJiao_XiNiu,,,false,,
165,Mount,212,QiCheng150403QiXiZuoQiLan,NanZhuJiao_XiNiu,NuZhuJiao_XiNiu,,,false,,
166,Mount,213,QiCheng150403QiXiZuoQi,NanZhuJiao_XiNiu,NuZhuJiao_XiNiu,,,false,,
167,Mount,214,QiCheng20150611TianEHuaChe,NanZhuJiao_MaChe,NuZhuJiao_MaChe,,,false,,
168,Mount,215,QiCheng150410BanRenMaBai,NanZhuJiao_XiNiu,NuZhuJiao_XiNiu,,,false,,
169,Mount,216,QiCheng150914BaiMaoa,NanZhuJiao_XiNiu,NuZhuJiao_XiNiu,,,false,,
170,Mount,217,QiCheng150914BaiMao,NanZhuJiao_XiNiu,NuZhuJiao_XiNiu,,,false,,
171,Mount,218,QiCheng150420ShengDanBaiXiong,NanZhuJiao_XiNiu,NuZhuJiao_XiNiu,,,false,,
172,Mount,219,QiCheng151218AoJiaoGongZhuZuoQi,NanZhuJiao_MaChe,NuZhuJiao_MaChe,,,false,,
173,Mount,220,QiCheng151218AoJiaoGongZhuZuoQiZiSe,NanZhuJiao_MaChe,NuZhuJiao_MaChe,,,false,,
174,Mount,221,QiCheng160114MoYou,NanZhuJiao_TianShiChiBang,NuZhuJiao_TianShiChiBang,,,false,,
175,Mount,222,QiCheng160114ZiYu,NanZhuJiao_TianShiChiBang,NuZhuJiao_TianShiChiBang,,,false,,
176,Mount,223,QiCheng140903ShengLingWuYaJinSe,NanZhuJiao_TianShiChiBang,NuZhuJiao_TianShiChiBang,,,false,,
177,Mount,224,QiChengXiongMao100115JiuZhouNian,NanZhuJiao_XiNiu,NuZhuJiao_XiNiu,,,false,,
178,Mount,225,ZuoQi160426NiuMoWang,NanZhuJiao_XiNiu,NuZhuJiao_XiNiu,,,false,,
179,Mount,226,QiCheng160612DanGao,NanZhuJiao_MaChe,NuZhuJiao_MaChe,,,false,,
180,Mount,228,QiCheng160602GuiGuHuLi01,NanZhuJiao_XiNiu,NuZhuJiao_XiNiu,,,false,,
181,Mount,229,QiCheng160602GuiGuHuLi02,NanZhuJiao_XiNiu,NuZhuJiao_XiNiu,,,false,,
182,Mount,230,QiCheng160602GuiGuHuLi03,NanZhuJiao_BaiLuoTuo,NuZhuJiao_BaiLuoTuo,,,false,,
183,Mount,231,QiCheng160516BaiLang,NanZhuJiao_BaiLang,NuZhuJiao_BaiLang,,,false,,
184,Mount,232,QiChengHuDieChiBang160918,NanZhuJiao_TianShiChiBang,NuZhuJiao_TianShiChiBang,,,false,,
185,Mount,233,QiCheng160916BingXueXunLu,NanZhuJiao_MaChe,NuZhuJiao_MaChe,,,false,,
186,Mount,234,QiCheng161207Long,NanZhuJiao_XiNiu,NuZhuJiao_XiNiu,,,false,,
187,Mount,235,QiCheng170605ShuangTouLong,NanZhuJiao_XiNiu,NuZhuJiao_XiNiu,,,false,,
188,Mount,236,QiCheng170605ShuangTouLong,NanZhuJiao_XiNiu,NuZhuJiao_XiNiu,,,false,,
189,Mount,237,QiCheng20170726XiYingShou01,NanZhuJiao_XiNiu,NuZhuJiao_XiNiu,,,false,,
190,Mount,238,QiCheng20170726XiYingShou02,NanZhuJiao_TianShiChiBang,NuZhuJiao_TianShiChiBang,,,false,,
191,Mount,239,QiCheng171120BingXue,NanZhuJiao_MaChe,NuZhuJiao_MaChe,,,false,,
192,Mount,240,npc180804TianLongXiShouXingTaoShu,NanZhuJiao_MaChe,NuZhuJiao_MaChe,,,false,,
193,Mount,242,QiCheng180116ChiBang,NanZhuJiao_TianShiChiBang,NuZhuJiao_TianShiChiBang,,,false,,
194,Mount,243,QiCheng180504KongQue,NanZhuJiao_XiNiu,NuZhuJiao_XiNiu,,,false,,
195,Mount,244,QiCheng180527PiPa,NanZhuJiao_XuanGui,NuZhuJiao_XuanGui,,,false,,
196,Mount,245,QiCheng180516QiXiYuMao,NanZhuJiao_XuanGui,NuZhuJiao_XuanGui,,,false,,
197,Mount,246,QiCheng180516QiXiYuMaoLan,NanZhuJiao_XuanGui,NuZhuJiao_XuanGui,,,false,,
198,Mount,247,QiCheng180804TuZiYueLiang,NanZhuJiao_MaChe,NuZhuJiao_MaChe,,,false,,
199,Mount,248,QiCheng180925FeiJian,NanZhuJiao_XuanGui,NuZhuJiao_XuanGui,,,false,,
200,Mount,249,QiCheng181207FengHuangZuoQi,NanZhuJiao_MaChe,NuZhuJiao_MaChe,,,false,,
201,Mount,250,QiCheng190328RuiHeTuHeiJinJuanZhou,NanZhuJiao_XuanGui,NuZhuJiao_XuanGui,,,false,,
202,Mount,251,QiCheng190328RuiHeTuHeiJinJuanZhou,NanZhuJiao_XuanGui,NuZhuJiao_XuanGui,,,false,,
203,Mount,252,QiCheng190823TaoHuaDaoDiJi,NanZhuJiao_Diao,NuZhuJiao_Diao,,,false,,
204,Mount,253,QiCheng190829TaoHuaDaoZhongJi,NanZhuJiao_Diao,NuZhuJiao_Diao,,,false,,
205,Mount,254,QiCheng190828TaoHuaDaoGaoJi,NanZhuJiao_Diao,NuZhuJiao_Diao,,,false,,
206,Mount,256,TaoZhou,NanZhuJiao_ChengChuan,NuZhuJiao_ChengChuan,,,false,,
207,Mount,257,QiCheng191008ShenMiZhuTiHeiMa,NanZhuJiao_Ma,NuZhuJiao_Ma,,,false,,
208,Mount,258,QiCheng191231KongMingDeng,NanZhuJiao_XuanGui,NuZhuJiao_XuanGui,,,false,,
209,Mount,259,npcHuaDengYouChuan,NanZhuJiao_HuaChuan,NuZhuJiao_HuaChuan,,,false,,
210,Mount,260,QiCheng20200414HeHuaJinYu,NanZhuJiao_XuanGui,NuZhuJiao_XuanGui,,,false,,
211,Mount,261,QiCheng200304ChunJiTengManXianZi,NanZhuJiao_XuanGui,NuZhuJiao_XuanGui,,,false,,
212,Mount,262,QiCheng190515HaiYang,NanZhuJiao_XuanGui,NuZhuJiao_XuanGui,,,false,,
213,Mount,263,QiCheng200714QiXiBingDiLian,NanZhuJiao_MaChe,NuZhuJiao_MaChe,,,false,,
214,Mount,264,QiCheng200714QiXiBingDiLianLanSe,NanZhuJiao_BingDiLian,NuZhuJiao_BingDiLian,,,false,,
215,Mount,265,QiChengGongGongBaiMa20201105,NanZhuJiao_XinMa,NuZhuJiao_XinMa,,,false,,
216,Mount,266,QiChengGongGongHeiMa20201105,NanZhuJiao_XinMa,NuZhuJiao_XinMa,,,false,,
217,Mount,267,QiCheng201012FengShouMaiSuiMa,NanZhuJiao_XinMa,NuZhuJiao_XinMa,,,false,,
218,Mount,268,ChunJieZuoQi20201228,NanZhuJiao_XinMaDa,NuZhuJiao_XinMaDa,,,false,,
219,Mount,269,QiChengNiChangYuYiBaiLuan201218,NanZhuJiao_MaChe,NuZhuJiao_MaChe,,,false,,
220,Mount,270,bossNianShou151217,NanZhuJiao_XuanGui,NuZhuJiao_XuanGui,,,false,,
221,Mount,271,QiChengLiChunFengZheng210111,NanZhuJiao_XuanGui,NuZhuJiao_XuanGui,,,false,,
222,Mount,272,QiChengLiChunFengZheng210111,NanZhuJiao_XuanGui,NuZhuJiao_XuanGui,,,false,,
223,Mount,273,ZhenShou131106vipMa7a,NanZhuJiao_Ma,NuZhuJiao_Ma,,,false,,
224,Mount,274,ZhenShou161112VIPFengHuang08a,NanZhuJiao_Diao,NuZhuJiao_Diao,,,false,,
225,Mount,275,boss140227LuWua,NanZhuJiao_XiNiu,NuZhuJiao_XiNiu,,,false,,
226,Mount,276,ride_2021lanhuazhuti,NanZhuJiao_YuMao,NuZhuJiao_YuMao,,,false,,
227,Mount,277,ride_2021hehuachuan,NanZhuJiao_XuanGui,NuZhuJiao_XuanGui,,,false,,
228,Mount,278,ride_CR_2021wuya1,NanZhuJiao_Diao,NuZhuJiao_Diao,,,false,,
229,Mount,279,ride_CR_2021wuya2,NanZhuJiao_Diao,NuZhuJiao_Diao,,,false,,
230,Mount,280,ride_CR_2021wuya3,NanZhuJiao_Diao,NuZhuJiao_Diao,,,false,,
231,Mount,281,ride_CR_2021huaxiangyi1,BaiDi,BaiDi,,,false,,
232,Mount,282,ride_CR_2021huaxiangyi2,BaiDi,BaiDi,,,false,,
233,Mount,283,ride_2021xuexiong,NanZhuJiao_XuanGui,NuZhuJiao_XuanGui,,,false,,
234,Mount,284,ride_2021jianzhi,NanZhuJiao_MaChe,NuZhuJiao_MaChe,,,false,,
235,Mount,285,QiCheng20191217ShangYuanJieDaHuaDeng,NanZhuJiao_MaChe,NuZhuJiao_MaChe,,,false,,
236,Mount,286,ride_2021baijinchibang,NanZhuJiao_TianShiChiBang,NuZhuJiao_TianShiChiBang,,,false,,
237,Mount,287,ride_2021baijinchibang01,NanZhuJiao_TianShiChiBang,NuZhuJiao_TianShiChiBang,,,false,,
238,Mount,288,QiCheng20191217ShangYuanJieDaHuaDeng,NanZhuJiao_MaChe,NuZhuJiao_MaChe,,,false,,
239,Mount,289,ride_2022huachaojielanseBianSe01,NanZhuJiao_YuMao,NuZhuJiao_YuMao,,,false,,
240,Mount,290,ride_2022huachaojielanse,NanZhuJiao_YuMao,NuZhuJiao_YuMao,,,false,,
241,Mount,291,ride_2022xiongmao,NanZhuJiao_MaChe,NuZhuJiao_MaChe,,,false,,
242,Mount,292,ride_2022xmzhuye,NanZhuJiao_MaChe,NuZhuJiao_MaChe,,,false,,
243,Mount,293,ride_2021qingluan,NanZhuJiao_Feng,NuZhuJiao_Feng,,,false,,
244,Mount,294,ride_2021qingluan,NanZhuJiao_Feng,NuZhuJiao_Feng,,,false,,
245,Mount,295,ride_2022feibao,NanZhuJiao_XinMaDa,NuZhuJiao_XinMaDa,,,false,,
246,Mount,296,ride_2022feibao,NanZhuJiao_XinMaDa,NuZhuJiao_XinMaDa,,,false,,
247,Mount,297,ride_2022mgyzhanma,NanZhuJiao_XinMaDa,NuZhuJiao_XinMaDa,,,false,,
248,Mount,298,ride_2022mgyzhanma01,NanZhuJiao_XinMaDa,NuZhuJiao_XinMaDa,,,false,,
249,Mount,299,QiCheng220215KongQue,NanZhuJiao_MaChe,NuZhuJiao_MaChe,,,false,,
250,Mount,300,QiCheng220916HeiJinLong,NanZhuJiao_XiNiu,NuZhuJiao_XiNiu,,,false,,
251,Mount,301,ride_2022huachaojieC,NanZhuJiao_MaChe,NuZhuJiao_MaChe,,,false,,
252,Mount,302,ride_2022fuchunshanju,NanZhuJiao_XuanGui,NuZhuJiao_XuanGui,,,false,,
253,Mount,303,ride_2022fuchunshanju,NanZhuJiao_XuanGui,NuZhuJiao_XuanGui,,,false,,
254,Mount,304,ride_2022qrjma,NanZhuJiao_XinMa,NuZhuJiao_XinMa,,,false,,
255,Mount,305,ride_2022qrjmacheM,NanZhuJiao_MaChe,NuZhuJiao_MaChe,,,false,,
256,Mount,306,ride_2022qrjmacheM,NanZhuJiao_MaChe,NuZhuJiao_MaChe,,,false,,
257,Mount,307,ride_2022qrjma,NanZhuJiao_XinMa,NuZhuJiao_XinMa,,,false,,
258,Mount,308,QiCheng210430BingMaYongHunTiMa,NanZhuJiao_XinMa,NuZhuJiao_XinMa,,,false,,
259,Mount,309,ride_2023jianghuma01,NanZhuJiao_Xiong,NanZhuJiao_Xiong,,,false,,
260,Mount,310,QiCheng201006TianMaBaiZi,NanZhuJiao_Xiong,NuZhuJiao_Xiong,,,false,,
261,Mount,311,QiCheng201006TianMaBaiZi,NanZhuJiao_Xiong,NuZhuJiao_Xiong,,,false,,
262,Mount,312,ride_2023beigutuzi,NanZhuJiao_XuanGui,NuZhuJiao_XuanGui,,,false,,
263,Mount,313,ride_2023fengqiuhuangFeng,NanZhuJiao_Feng,NuZhuJiao_Feng,,,false,,
264,Mount,314,ride_2023fengqiuhuangFengb,NanZhuJiao_Feng,NuZhuJiao_Feng,,,false,,
265,Mount,315,ride_2023fengqiuhuangHuang,NanZhuJiao_FengQiuHuang,NuZhuJiao_FengQiuHuang,,,false,,
266,Mount,316,ride_2023fengqiuhuangHuang,NanZhuJiao_FengQiuHuang,NuZhuJiao_FengQiuHuang,,,false,,
267,Mount,317,ride_2023zhengbasai01,NanZhuJiao_XiNiu,NuZhuJiao_XiNiu,,,false,,
268,Mount,318,ride_2023zhengbasai01,NanZhuJiao_XiNiu,NuZhuJiao_XiNiu,,,false,,
269,Mount,319,ride_2023zhengbasai02,NanZhuJiao_XiNiu,NuZhuJiao_XiNiu,,,false,,
270,Mount,320,ride_2023zhengbasai02,NanZhuJiao_XiNiu,NuZhuJiao_XiNiu,,,false,,
271,Mount,321,ride_2023zhengbasai03,NanZhuJiao_XiNiu,NuZhuJiao_XiNiu,,,false,,
272,Mount,322,ride_2023zhengbasai03,NanZhuJiao_XiNiu,NuZhuJiao_XiNiu,,,false,,
273,Mount,323,ride_ZM_2023laohu,NanZhuJiao_XinMaDa,NuZhuJiao_XinMaDa,,,false,,
274,Mount,324,ride_ZM_2023shizi,NanZhuJiao_Xiong,NuZhuJiao_Xiong,,,false,,
275,Mount,325,ride_ZM_2023lang,NanZhuJiao_Xiong,NuZhuJiao_Xiong,,,false,,
276,Mount,326,ride_ZM_2023he,NanZhuJiao_He,NuZhuJiao_He,,,false,,
277,Mount,327,ride_ZM_2023fenghuang,NanZhuJiao_Feng,NuZhuJiao_Feng,,,false,,
278,Mount,328,ride_ZM_2023niu,NanZhuJiao_Xiong,NuZhuJiao_Xiong,,,false,,
279,Mount,329,ride_ZM_2023baima,NanZhuJiao_LuWu,NuZhuJiao_LuWu,,,false,,
280,Mount,330,ride_ZM_2023diao,NanZhuJiao_BaiDiao,NuZhuJiao_BaiDiao,,,false,,
281,Mount,331,ride_ZM_2023lu,NanZhuJiao_Xiong,NuZhuJiao_Xiong,,,false,,
282,Mount,332,ride_ZM_2023yang,NanZhuJiao_Xiong,NuZhuJiao_Xiong,,,false,,
283,Mount,333,ride_ZM_2023heibao,NanZhuJiao_Xiong,NuZhuJiao_Xiong,,,false,,
284,Mount,334,ride_ZM_2023huli,NanZhuJiao_Xiong,NuZhuJiao_Xiong,,,false,,
285,Mount,335,ride_ZM_2023jiqiniao,NanZhuJiao_Diao,NuZhuJiao_Diao,,,false,,
286,Mount,336,ride_ZM_2023wuya,NanZhuJiao_Diao,NuZhuJiao_Diao,,,false,,
287,Mount,337,ride_2023KeJiQuan,NanZhuJiao_XinMaDa,NuZhuJiao_XinMaDa,,,false,,
288,Mount,338,QiCheng210430BingMaYongHunTiMaJin,NanZhuJiao_XinMa,NuZhuJiao_XinMa,,,false,,
289,Mount,339,ride_2023jingjichibang,NanZhuJiao_TianShiChiBang,NuZhuJiao_TianShiChiBang,,,false,,
290,Mount,340,ride_2023jingjichibang,NanZhuJiao_TianShiChiBang,NuZhuJiao_TianShiChiBang,,,false,,
291,Mount,341,ride_2023jingjichibang01,NanZhuJiao_TianShiChiBang,NuZhuJiao_TianShiChiBang,,,false,,
292,Mount,342,ride_2023jingjichibang01,NanZhuJiao_TianShiChiBang,NuZhuJiao_TianShiChiBang,,,false,,
293,Mount,343,ride_2023NianShou,NanZhuJiao_XiNiu,NuZhuJiao_XiNiu,,,false,,
294,Mount,344,ride_2023NianShou,NanZhuJiao_XiNiu,NuZhuJiao_XiNiu,,,false,,
295,Mount,345,ride_2024DanDanJi,NanZhuJiao_MaChe,NuZhuJiao_MaChe,,,false,,
296,Mount,346,ride_2024ZhanJiaMa,NanZhuJiao_XinMa,NuZhuJiao_XinMa,,,false,,
297,Mount,347,QiCheng240415DuanWuLanLong,NanZhuJiao_Xiong,NuZhuJiao_Xiong,,,false,,
298,Mount,348,QiCheng240415DuanWuLanLong,NanZhuJiao_Xiong,NuZhuJiao_Xiong,,,false,,
299,Mount,349,HJ_QiChengHongXiong17,NanZhuJiao_XiNiu,NuZhuJiao_XiNiu,,,false,,
300,Mount,350,ride_2024QiCaiXiangYun,NanZhuJiao_XuanGui,NuZhuJiao_XuanGui,,,false,,
301,Mount,351,ride_2024QiCaiXiangYun,NanZhuJiao_XuanGui,NuZhuJiao_XuanGui,,,false,,
302,Mount,352,ride_2024JinDouYunXin,NanZhuJiao_XuanGui,NuZhuJiao_XuanGui,,,false,,
303,Mount,353,ride_2024JinDouYunXin,NanZhuJiao_XuanGui,NuZhuJiao_XuanGui,,,false,,
304,Mount,354,QiChengXiaoLaoHu,NanZhuJiao_XinMaDa,NuZhuJiao_XinMaDa,,,false,,
305,Mount,355,ride_2024ZhengBaSaiDiMing,NanZhuJiao_XiNiu,NuZhuJiao_XiNiu,,,false,,
306,Mount,356,ride_2024ZhengBaSaiDiMing,NanZhuJiao_XiNiu,NuZhuJiao_XiNiu,,,false,,
307,Mount,357,ride_2024ZhengBaSaiDiErMing,NanZhuJiao_XiNiu,NuZhuJiao_XiNiu,,,false,,
308,Mount,358,ride_2024ZhengBaSaiDiErMing,NanZhuJiao_XiNiu,NuZhuJiao_XiNiu,,,false,,
309,Mount,359,ride_2024ZhengBaSaiDiSanMing,NanZhuJiao_XiNiu,NuZhuJiao_XiNiu,,,false,,
310,Mount,360,ride_2024ZhengBaSaiDiSanMing,NanZhuJiao_XiNiu,NuZhuJiao_XiNiu,,,false,,
311,Mount,361,ride_ERG_2024SheLiChuJi,NanZhuJiao_XiNiu,NuZhuJiao_XiNiu,,,false,,
312,Mount,362,ride_ERG_2024SheLiZhongJi,NanZhuJiao_XiNiu,NuZhuJiao_XiNiu,,,false,,
313,Mount,363,ride_ERG_2024SheLiGaoJi,NanZhuJiao_XiNiu,NuZhuJiao_XiNiu,,,false,,
314,Mount,364,ride_ZM_2024SheLi,NanZhuJiao_XiNiu,NuZhuJiao_XiNiu,,,false,,
315,Mount,365,ride_2024ALaSiJia,NanZhuJiao_XinMaDa,NuZhuJiao_XinMaDa,,,false,,
316,Mount,366,ride_2025HeiJinYuHuaDeng,NanZhuJiao_XuanGui,NuZhuJiao_XuanGui,,,false,,
317,Mount,367,ride_2025HeiJinYuHuaDeng,NanZhuJiao_XuanGui,NuZhuJiao_XuanGui,,,false,,
318,Mount,368,ride_2024TianLangXiaoYue,NanZhuJiao_TianLang,NuZhuJiao_TianLang,,,false,,
319,Mount,369,ride_2024TianLangXiaoYue,NanZhuJiao_TianLang,NuZhuJiao_TianLang,,,false,,
320,Mount,370,ride_2024TianLangXiaoYue01,NanZhuJiao_TianLang,NuZhuJiao_TianLang,,,false,,
321,Mount,371,ride_2024TianLangXiaoYue01,NanZhuJiao_TianLang,NuZhuJiao_TianLang,,,false,,
322,Mount,10270,QiChengNiChangYuYiBaiLuan201218BianSe,NanZhuJiao_MaChe,NuZhuJiao_MaChe,,,false,,
323,Mount,10273,ride_2021zhanma,NanZhuJiao_XinMaDa,NuZhuJiao_XinMaDa,,,false,,
324,Mount,10274,ride_2021jiaogu,NanZhuJiao_MaChe,NuZhuJiao_MaChe,,,false,,
325,Mount,10275,ride_2021jiaogu,NanZhuJiao_MaChe,NuZhuJiao_MaChe,,,false,,
326,Mount,20099,QiCheng220719ManTuoTianEChuJi,NanZhuJiao_Feng,NuZhuJiao_Feng,,,false,,
327,Mount,20100,QiCheng220719ManTuoTianEZhongJi,NanZhuJiao_Feng,NuZhuJiao_Feng,,,false,,
328,Mount,20101,QiCheng220719ManTuoTianEGaoJi,NanZhuJiao_Feng,NuZhuJiao_Feng,,,false,,
329,Mount,20089,QiChengTianMaXingKong201230,NanZhuJiao_Xiong,NuZhuJiao_Xiong,,,false,,
330,Mount,20091,HJ_QiChengHuangHeLouChiBang17,NanZhuJiao_TianShiChiBang,NuZhuJiao_TianShiChiBang,,,false,,
331,Mount,20090,HJ_QiChengFeiBao17,NanZhuJiao_XiNiu,NuZhuJiao_XiNiu,,,false,,
332,Mount,20092,HJ_QiChengShengDanLu17,NanZhuJiao_XiNiu,NuZhuJiao_XiNiu,NanZhuJiao_XiNiu,NuZhuJiao_XiNiu,false,,
333,Mount,20084,QiCheng210309TianXiaHuiWuMa,NanZhuJiao_Xiong,NuZhuJiao_Xiong,,,false,,
334,Mount,20086,QiChengQinShiHuangMaChe17,NanZhuJiao_XuanGui,NuZhuJiao_XuanGui,,,false,,
335,Mount,20087,QiCheng20210628QiXiChuan,NanZhuJiaoYouChuanZhanLi,NuZhuJiaoYouChuanZhanLi,NanZhuJiao_XuanGui,NuZhuJiao_XuanGui,false,,
336,Mount,20093,QiCheng20211123ChunJieGu,NanZhuJiao_XuanGui,NuZhuJiao_XuanGui,,,false,,
337,Mount,20094,QiCheng211202BuSiNiao,NanZhuJiao_QingRenJieBuSiNiao,NuZhuJiao_QingRenJieBuSiNiao,,,false,,
338,Mount,20096,QiCheng220510YanMenGuan,NanZhuJiaoYanMenGuanZuoZi,NuZhuJiaoYanMenGuanZuoZi,,,false,,
339,Mount,20097,QiCheng220524QiXiYueGongQueQiao,NanZhuJiaoQiXiQiCheng,NuZhuJiaoQiXiQiCheng,NanZhuJiaoQiXiQiCheng,NuZhuJiaoQiXiQiCheng,false,,
340,Mount,20103,QiCheng220328XueYuan,NanZhuJiao_XiNiu,NuZhuJiao_XiNiu,,,false,,
341,Mount,20111,QiCheng220909ShengDanXueZi,NanZhuJiao_XiNiu,NuZhuJiao_XiNiu,,,false,,
342,Mount,20114,QiCheng2201027HunShaChiBang,NanZhuJiao_TianShiChiBang,NuZhuJiao_TianShiChiBang,,,false,,
343,Mount,20115,QiCheng221108BaiHuChiBang,NanZhuJiao_TianShiChiBang,NuZhuJiao_TianShiChiBang,,,false,,
344,Mount,20116,QiCheng220523XiuQiuZhuTi,NanZhuJiao_MaChe,NuZhuJiao_MaChe,,,false,,
345,Mount,20118,QiCheng230505MuDanChe,NanZhuJiao_XuanGui,NuZhuJiao_XuanGui,,,false,,
346,Mount,20173,QiCheng220321YangTuo,NanZhuJiao_Xiong,NuZhuJiao_Xiong,,,false,,
347,Mount,20117,QiCheng230504XiaRiQingLiangMa,NanZhuJiao_Xiong,NuZhuJiao_Xiong,,,false,,
348,Mount,20121,QiCheng230706BiWuZhaoQinHongBaiMaGao,NanZhuJiao_Xiong,NuZhuJiao_Xiong,,,false,,
349,Mount,20123,QiCheng230816ZhouNianQingHongSeZhanMa,NanZhuJiao_Xiong,NuZhuJiao_Xiong,,,false,,
350,Mount,20125,QiCheng230927ShengDanXunLu,NanZhuJiao_XiNiu,NuZhuJiao_XiNiu,,,false,,
351,Mount,20128,QiCheng240222HaiYangShuiMuChe,NanZhuJiao_XuanGui,NuZhuJiao_XuanGui,,,false,,
352,Mount,20130,QiCheng220323HeiJinKaiJiaHu,NanZhuJiao_XiNiu,NuZhuJiao_XiNiu,,,false,,
353,Mount,20174,QiCheng240326HuangJinMa_Hong,NanZhuJiao_Xiong,NuZhuJiao_Xiong,,,false,,
354,Mount,20175,QiCheng240326HuangJinMa_Jin,NanZhuJiao_Xiong,NuZhuJiao_Xiong,,,false,,
355,Mount,20176,QiCheng240326HuangJinMa_Lan,NanZhuJiao_Xiong,NuZhuJiao_Xiong,,,false,,
356,Mount,20177,QiCheng240326HuangJinMa_Zi,NanZhuJiao_Xiong,NuZhuJiao_Xiong,,,false,,
357,Mount,20178,QiCheng240326HeiBaiMa,NanZhuJiao_Xiong,NuZhuJiao_Xiong,,,false,,
358,Mount,20131,QiCheng240517HuaZhaoJieShuRanSe,NanZhuJiao_YuMao,NuZhuJiao_YuMao,,,false,,
359,Mount,20132,QiCheng240520YiYuLuoTuo,NanZhuJiao_Xiong,NuZhuJiao_Xiong,,,false,,
360,Mount,20190,QiCheng240715MoQiLin,NanZhuJiao_Xiong,NuZhuJiao_Xiong,,,false,,
361,Mount,20194,ride_2025YiLiShaBaiMao,NanZhuJiao_XinMa,NuZhuJiao_XinMa,,,false,,
