RowIndex,Tag,ID,Sex,Icon,Text,ChildrenJSON
1,Avarta,1,0,GirlProtagonist_1,,
2,Avarta,2,0,GirlProtagonist_2,,
3,Avarta,3,0,GirlProtagonist_3,,
4,Avarta,4,0,GirlProtagonist_4,,
5,Avarta,5,0,GirlProtagonist_5,,
6,Avarta,6,0,GirlProtagonist_6,,
7,Avarta,7,0,GirlProtagonist_7,,
8,Avarta,8,0,GirlProtagonist_8,,
9,Avarta,9,0,GirlProtagonist_9,,
10,Avarta,10,0,GirlProtagonist_10,,
11,Avarta,11,0,GirlProtagonist_11,,
12,Avarta,12,0,GirlProtagonist_12,,
13,Avarta,13,0,GirlProtagonist_13,,
14,Avarta,14,0,GirlProtagonist_14,,
15,Avarta,15,0,GirlProtagonist_15,,
16,Avarta,16,0,GirlProtagonist_16,,
17,Avarta,17,0,GirlProtagonist_17,,
18,Avarta,18,0,GirlProtagonist_18,,
19,Avarta,19,0,GirlProtagonist_19,,
20,Avarta,20,0,GirlProtagonist_20,,
21,Avarta,21,0,GirlProtagonist_21,,
22,Avarta,22,0,GirlProtagonist_22,,
23,Avarta,23,0,GirlProtagonist_23,,
24,Avarta,24,0,GirlProtagonist_24,,
25,Avarta,25,0,GirlProtagonist_25,,
26,Avarta,26,0,GirlProtagonist1_1,,
27,Avarta,27,0,GirlProtagonist1_2,,
28,Avarta,28,0,GirlProtagonist1_3,,
29,Avarta,29,0,GirlProtagonist1_4,,
30,Avarta,30,0,GirlProtagonist1_5,,
31,Avarta,31,0,GirlProtagonist1_6,,
32,Avarta,32,0,GirlProtagonist1_7,,
33,Avarta,33,0,GirlProtagonist1_8,,
34,Avarta,34,0,GirlProtagonist1_9,,
35,Avarta,35,0,GirlProtagonist1_10,,
36,Avarta,36,0,GirlProtagonist1_11,,
37,Avarta,37,0,GirlProtagonist1_12,,
38,Avarta,38,0,GirlProtagonist1_13,,
39,Avarta,39,0,GirlProtagonist1_14,,
40,Avarta,40,0,GirlProtagonist1_15,,
41,Avarta,41,0,GirlProtagonist1_16,,
42,Avarta,42,0,GirlProtagonist1_17,,
43,Avarta,43,0,GirlProtagonist1_18,,
44,Avarta,44,0,GirlProtagonist1_19,,
45,Avarta,45,0,GirlProtagonist1_20,,
46,Avarta,46,0,GirlProtagonist1_21,,
47,Avarta,47,0,GirlProtagonist1_22,,
48,Avarta,48,0,GirlProtagonist1_23,,
49,Avarta,49,0,GirlProtagonist1_24,,
50,Avarta,50,0,GirlProtagonist1_25,,
51,Avarta,51,0,GirlProtagonist2_1,,
52,Avarta,52,0,GirlProtagonist2_2,,
53,Avarta,53,0,GirlProtagonist2_3,,
54,Avarta,54,0,GirlProtagonist2_4,,
55,Avarta,55,0,GirlProtagonist2_5,,
56,Avarta,56,0,GirlProtagonist2_6,,
57,Avarta,57,0,GirlProtagonist2_7,,
58,Avarta,58,0,GirlProtagonist2_8,,
59,Avarta,59,0,GirlProtagonist2_9,,
60,Avarta,60,0,GirlProtagonist2_10,,
61,Avarta,61,0,GirlProtagonist2_11,,
62,Avarta,62,0,GirlProtagonist2_12,,
63,Avarta,63,0,GirlProtagonist2_13,,
64,Avarta,64,0,GirlProtagonist2_14,,
65,Avarta,65,0,GirlProtagonist2_15,,
66,Avarta,66,0,GirlProtagonist2_16,,
67,Avarta,67,0,GirlProtagonist2_17,,
68,Avarta,68,0,GirlProtagonist2_18,,
69,Avarta,69,0,GirlProtagonist2_19,,
70,Avarta,70,0,GirlProtagonist2_20,,
71,Avarta,71,0,GirlProtagonist2_21,,
72,Avarta,72,0,GirlProtagonist2_22,,
73,Avarta,73,0,GirlProtagonist2_23,,
74,Avarta,74,0,GirlProtagonist2_24,,
75,Avarta,75,0,GirlProtagonist2_25,,
76,Avarta,10000,0,Woman_hair1_1,,
77,Avarta,10001,0,Woman_hair1_2,,
78,Avarta,10002,0,Woman_hair1_3,,
79,Avarta,10003,0,Woman_hair1_4,,
80,Avarta,10004,0,Woman_hair1_5,,
81,Avarta,10005,0,Woman_hair1_6,,
82,Avarta,10006,0,Woman_hair1_7,,
83,Avarta,10007,0,Woman_hair1_8,,
84,Avarta,10008,0,Woman_hair1_9,,
85,Avarta,10009,0,Woman_hair1_10,,
86,Avarta,10010,0,Woman_hair1_11,,
87,Avarta,10011,0,Woman_hair1_12,,
88,Avarta,10012,0,Woman_hair1_13,,
89,Avarta,10013,0,Woman_hair1_14,,
90,Avarta,10014,0,Woman_hair1_15,,
91,Avarta,10015,0,Woman_hair1_16,,
92,Avarta,10016,0,Woman_hair2_1,,
93,Avarta,10017,0,Woman_hair2_2,,
94,Avarta,10018,0,Woman_hair2_3,,
95,Avarta,10019,0,Woman_hair2_4,,
96,Avarta,10020,0,Woman_hair2_5,,
97,Avarta,10021,0,Woman_hair2_6,,
98,Avarta,10022,0,Woman_hair2_7,,
99,Avarta,10023,0,Woman_hair2_8,,
100,Avarta,10024,0,Woman_hair2_9,,
101,Avarta,10025,0,Woman_hair2_10,,
102,Avarta,10026,0,Woman_hair2_11,,
103,Avarta,10027,0,Woman_hair2_12,,
104,Avarta,10028,0,Woman_hair2_13,,
105,Avarta,10029,0,Woman_hair2_14,,
106,Avarta,10030,0,Woman_hair2_15,,
107,Avarta,10031,0,Woman_hair2_16,,
108,Avarta,10032,0,Woman_hair3_1,,
109,Avarta,10033,0,Woman_hair3_2,,
110,Avarta,10034,0,Woman_hair3_3,,
111,Avarta,10035,0,Woman_hair3_4,,
112,Avarta,10036,0,Woman_hair3_5,,
113,Avarta,10037,0,Woman_hair3_6,,
114,Avarta,10038,0,Woman_hair3_7,,
115,Avarta,10039,0,Woman_hair3_8,,
116,Avarta,10040,0,Woman_hair3_9,,
117,Avarta,10041,0,Woman_hair3_10,,
118,Avarta,10042,0,Woman_hair3_11,,
119,Avarta,10043,0,Woman_hair3_12,,
120,Avarta,10044,0,Woman_hair3_13,,
121,Avarta,10045,0,Woman_hair3_14,,
122,Avarta,10046,0,Woman_hair3_15,,
123,Avarta,10047,0,Woman_hair3_16,,
124,Avarta,10048,0,Woman_hair4_1,,
125,Avarta,10049,0,Woman_hair4_2,,
126,Avarta,10050,0,Woman_hair4_3,,
127,Avarta,10051,0,Woman_hair4_4,,
128,Avarta,10052,0,Woman_hair4_5,,
129,Avarta,10053,0,Woman_hair4_6,,
130,Avarta,10054,0,Woman_hair4_7,,
131,Avarta,10055,0,Woman_hair4_8,,
132,Avarta,10056,0,Woman_hair4_9,,
133,Avarta,10057,0,Woman_hair4_10,,
134,Avarta,10058,0,Woman_hair4_11,,
135,Avarta,10059,0,Woman_hair4_12,,
136,Avarta,10060,0,Woman_hair4_13,,
137,Avarta,10061,0,Woman_hair4_14,,
138,Avarta,10062,0,Woman_hair4_15,,
139,Avarta,10063,0,Woman_hair4_16,,
140,Avarta,10064,0,Woman_hair5_1,,
141,Avarta,10065,0,Woman_hair5_2,,
142,Avarta,10066,0,Woman_hair5_3,,
143,Avarta,10067,0,Woman_hair5_4,,
144,Avarta,10068,0,Woman_hair5_5,,
145,Avarta,10069,0,Woman_hair5_6,,
146,Avarta,10070,0,Woman_hair5_7,,
147,Avarta,10071,0,Woman_hair5_8,,
148,Avarta,10072,0,Woman_hair5_9,,
149,Avarta,10073,0,Woman_hair5_10,,
150,Avarta,10074,0,Woman_hair5_11,,
151,Avarta,10075,0,Woman_hair5_12,,
152,Avarta,10076,0,Woman_hair5_13,,
153,Avarta,10077,0,Woman_hair5_14,,
154,Avarta,10078,0,Woman_hair5_15,,
155,Avarta,10079,0,Woman_hair5_16,,
156,Avarta,10080,0,Woman_hair6_1,,
157,Avarta,10081,0,Woman_hair6_2,,
158,Avarta,10082,0,Woman_hair6_3,,
159,Avarta,10083,0,Woman_hair6_4,,
160,Avarta,10084,0,Woman_hair6_5,,
161,Avarta,10085,0,Woman_hair6_6,,
162,Avarta,10086,0,Woman_hair6_7,,
163,Avarta,10087,0,Woman_hair6_8,,
164,Avarta,10088,0,Woman_hair6_9,,
165,Avarta,10089,0,Woman_hair6_10,,
166,Avarta,10090,0,Woman_hair6_11,,
167,Avarta,10091,0,Woman_hair6_12,,
168,Avarta,10092,0,Woman_hair6_13,,
169,Avarta,10093,0,Woman_hair6_14,,
170,Avarta,10094,0,Woman_hair6_15,,
171,Avarta,10095,0,Woman_hair6_16,,
172,Avarta,10096,0,Woman_hair7_1,,
173,Avarta,10097,0,Woman_hair7_2,,
174,Avarta,10098,0,Woman_hair7_3,,
175,Avarta,10099,0,Woman_hair7_4,,
176,Avarta,10100,0,Woman_hair7_5,,
177,Avarta,10101,0,Woman_hair7_6,,
178,Avarta,10102,0,Woman_hair7_7,,
179,Avarta,10103,0,Woman_hair7_8,,
180,Avarta,10104,0,Woman_hair7_9,,
181,Avarta,10105,0,Woman_hair7_10,,
182,Avarta,10106,0,Woman_hair7_11,,
183,Avarta,10107,0,Woman_hair7_12,,
184,Avarta,10108,0,Woman_hair7_13,,
185,Avarta,10109,0,Woman_hair7_14,,
186,Avarta,10110,0,Woman_hair7_15,,
187,Avarta,10111,0,Woman_hair7_16,,
188,Avarta,10112,0,Woman_hair8_1,,
189,Avarta,10113,0,Woman_hair8_2,,
190,Avarta,10114,0,Woman_hair8_3,,
191,Avarta,10115,0,Woman_hair8_4,,
192,Avarta,10116,0,Woman_hair8_5,,
193,Avarta,10117,0,Woman_hair8_6,,
194,Avarta,10118,0,Woman_hair8_7,,
195,Avarta,10119,0,Woman_hair8_8,,
196,Avarta,10120,0,Woman_hair8_9,,
197,Avarta,10121,0,Woman_hair8_10,,
198,Avarta,10122,0,Woman_hair8_11,,
199,Avarta,10123,0,Woman_hair8_12,,
200,Avarta,10124,0,Woman_hair8_13,,
201,Avarta,10125,0,Woman_hair8_14,,
202,Avarta,10126,0,Woman_hair8_15,,
203,Avarta,10127,0,Woman_hair8_16,,
204,Avarta,10128,0,Woman_hair9_1,,
205,Avarta,10129,0,Woman_hair9_2,,
206,Avarta,10130,0,Woman_hair9_3,,
207,Avarta,10131,0,Woman_hair9_4,,
208,Avarta,10132,0,Woman_hair9_5,,
209,Avarta,10133,0,Woman_hair9_6,,
210,Avarta,10134,0,Woman_hair9_7,,
211,Avarta,10135,0,Woman_hair9_8,,
212,Avarta,10136,0,Woman_hair9_9,,
213,Avarta,10137,0,Woman_hair9_10,,
214,Avarta,10138,0,Woman_hair9_11,,
215,Avarta,10139,0,Woman_hair9_12,,
216,Avarta,10140,0,Woman_hair9_13,,
217,Avarta,10141,0,Woman_hair9_14,,
218,Avarta,10142,0,Woman_hair9_15,,
219,Avarta,10143,0,Woman_hair9_16,,
220,Avarta,10144,0,Woman_hair10_1,,
221,Avarta,10145,0,Woman_hair10_2,,
222,Avarta,10146,0,Woman_hair10_3,,
223,Avarta,10147,0,Woman_hair10_4,,
224,Avarta,10148,0,Woman_hair10_5,,
225,Avarta,10149,0,Woman_hair10_6,,
226,Avarta,10150,0,Woman_hair10_7,,
227,Avarta,10151,0,Woman_hair10_8,,
228,Avarta,10152,0,Woman_hair10_9,,
229,Avarta,10153,0,Woman_hair10_10,,
230,Avarta,10154,0,Woman_hair10_11,,
231,Avarta,10155,0,Woman_hair10_12,,
232,Avarta,10156,0,Woman_hair10_13,,
233,Avarta,10157,0,Woman_hair10_14,,
234,Avarta,10158,0,Woman_hair10_15,,
235,Avarta,10159,0,Woman_hair10_16,,
236,Avarta,10160,0,Woman_hair11_1,,
237,Avarta,10161,0,Woman_hair11_2,,
238,Avarta,10162,0,Woman_hair11_3,,
239,Avarta,10163,0,Woman_hair11_4,,
240,Avarta,10164,0,Woman_hair11_5,,
241,Avarta,10165,0,Woman_hair11_6,,
242,Avarta,10166,0,Woman_hair11_7,,
243,Avarta,10167,0,Woman_hair11_8,,
244,Avarta,10168,0,Woman_hair11_9,,
245,Avarta,10169,0,Woman_hair11_10,,
246,Avarta,10170,0,Woman_hair11_11,,
247,Avarta,10171,0,Woman_hair11_12,,
248,Avarta,10172,0,Woman_hair11_13,,
249,Avarta,10173,0,Woman_hair11_14,,
250,Avarta,10174,0,Woman_hair11_15,,
251,Avarta,10175,0,Woman_hair11_16,,
252,Avarta,10176,0,Woman_hair12_1,,
253,Avarta,10177,0,Woman_hair12_2,,
254,Avarta,10178,0,Woman_hair12_3,,
255,Avarta,10179,0,Woman_hair12_4,,
256,Avarta,10180,0,Woman_hair12_5,,
257,Avarta,10181,0,Woman_hair12_6,,
258,Avarta,10182,0,Woman_hair12_7,,
259,Avarta,10183,0,Woman_hair12_8,,
260,Avarta,10184,0,Woman_hair12_9,,
261,Avarta,10185,0,Woman_hair12_10,,
262,Avarta,10186,0,Woman_hair12_11,,
263,Avarta,10187,0,Woman_hair12_12,,
264,Avarta,10188,0,Woman_hair12_13,,
265,Avarta,10189,0,Woman_hair12_14,,
266,Avarta,10190,0,Woman_hair12_15,,
267,Avarta,10191,0,Woman_hair12_16,,
268,Avarta,10192,0,Woman_hair13_1,,
269,Avarta,10193,0,Woman_hair13_2,,
270,Avarta,10194,0,Woman_hair13_3,,
271,Avarta,10195,0,Woman_hair13_4,,
272,Avarta,10196,0,Woman_hair13_5,,
273,Avarta,10197,0,Woman_hair13_6,,
274,Avarta,10198,0,Woman_hair13_7,,
275,Avarta,10199,0,Woman_hair13_8,,
276,Avarta,10200,0,Woman_hair13_9,,
277,Avarta,10201,0,Woman_hair13_10,,
278,Avarta,10202,0,Woman_hair13_11,,
279,Avarta,10203,0,Woman_hair13_12,,
280,Avarta,10204,0,Woman_hair13_13,,
281,Avarta,10205,0,Woman_hair13_14,,
282,Avarta,10206,0,Woman_hair13_15,,
283,Avarta,10207,0,Woman_hair13_16,,
284,Avarta,10208,0,Woman_hair14_1,,
285,Avarta,10209,0,Woman_hair14_2,,
286,Avarta,10210,0,Woman_hair14_3,,
287,Avarta,10211,0,Woman_hair14_4,,
288,Avarta,10212,0,Woman_hair14_5,,
289,Avarta,10213,0,Woman_hair14_6,,
290,Avarta,10214,0,Woman_hair14_7,,
291,Avarta,10215,0,Woman_hair14_8,,
292,Avarta,10216,0,Woman_hair14_9,,
293,Avarta,10217,0,Woman_hair14_10,,
294,Avarta,10218,0,Woman_hair14_11,,
295,Avarta,10219,0,Woman_hair14_12,,
296,Avarta,10220,0,Woman_hair14_13,,
297,Avarta,10221,0,Woman_hair14_14,,
298,Avarta,10222,0,Woman_hair14_15,,
299,Avarta,10223,0,Woman_hair14_16,,
300,Avarta,10224,0,Woman_hair15_1,,
301,Avarta,10225,0,Woman_hair15_2,,
302,Avarta,10226,0,Woman_hair15_3,,
303,Avarta,10227,0,Woman_hair15_4,,
304,Avarta,10228,0,Woman_hair15_5,,
305,Avarta,10229,0,Woman_hair15_6,,
306,Avarta,10230,0,Woman_hair15_7,,
307,Avarta,10231,0,Woman_hair15_8,,
308,Avarta,10232,0,Woman_hair15_9,,
309,Avarta,10233,0,Woman_hair15_10,,
310,Avarta,10234,0,Woman_hair15_11,,
311,Avarta,10235,0,Woman_hair15_12,,
312,Avarta,10236,0,Woman_hair15_13,,
313,Avarta,10237,0,Woman_hair15_14,,
314,Avarta,10238,0,Woman_hair15_15,,
315,Avarta,10239,0,Woman_hair15_16,,
316,Avarta,10240,0,Woman_hair16_1,,
317,Avarta,10241,0,Woman_hair16_2,,
318,Avarta,10242,0,Woman_hair16_3,,
319,Avarta,10243,0,Woman_hair16_4,,
320,Avarta,10244,0,Woman_hair16_5,,
321,Avarta,10245,0,Woman_hair16_6,,
322,Avarta,10246,0,Woman_hair16_7,,
323,Avarta,10247,0,Woman_hair16_8,,
324,Avarta,10248,0,Woman_hair16_9,,
325,Avarta,10249,0,Woman_hair16_10,,
326,Avarta,10250,0,Woman_hair16_11,,
327,Avarta,10251,0,Woman_hair16_12,,
328,Avarta,10252,0,Woman_hair16_13,,
329,Avarta,10253,0,Woman_hair16_14,,
330,Avarta,10254,0,Woman_hair16_15,,
331,Avarta,10255,0,Woman_hair16_16,,
332,Avarta,10256,0,Woman_hair17_1,,
333,Avarta,10257,0,Woman_hair17_2,,
334,Avarta,10258,0,Woman_hair17_3,,
335,Avarta,10259,0,Woman_hair17_4,,
336,Avarta,10260,0,Woman_hair17_5,,
337,Avarta,10261,0,Woman_hair17_6,,
338,Avarta,1001,1,ManProtagonist_1,,
339,Avarta,1002,1,ManProtagonist_2,,
340,Avarta,1003,1,ManProtagonist_3,,
341,Avarta,1004,1,ManProtagonist_4,,
342,Avarta,1005,1,ManProtagonist_5,,
343,Avarta,1006,1,ManProtagonist_6,,
344,Avarta,1007,1,ManProtagonist_7,,
345,Avarta,1008,1,ManProtagonist_8,,
346,Avarta,1009,1,ManProtagonist_9,,
347,Avarta,1010,1,ManProtagonist_10,,
348,Avarta,1011,1,ManProtagonist_11,,
349,Avarta,1012,1,ManProtagonist_12,,
350,Avarta,1013,1,ManProtagonist_13,,
351,Avarta,1014,1,ManProtagonist_14,,
352,Avarta,1015,1,ManProtagonist_15,,
353,Avarta,1016,1,ManProtagonist_16,,
354,Avarta,1017,1,ManProtagonist_17,,
355,Avarta,1018,1,ManProtagonist_18,,
356,Avarta,1019,1,ManProtagonist_19,,
357,Avarta,1020,1,ManProtagonist_20,,
358,Avarta,1021,1,ManProtagonist_21,,
359,Avarta,1022,1,ManProtagonist_22,,
360,Avarta,1023,1,ManProtagonist_23,,
361,Avarta,1024,1,ManProtagonist_24,,
362,Avarta,1025,1,ManProtagonist_25,,
363,Avarta,1026,1,ManProtagonist1_1,,
364,Avarta,1027,1,ManProtagonist1_2,,
365,Avarta,1028,1,ManProtagonist1_3,,
366,Avarta,1029,1,ManProtagonist1_4,,
367,Avarta,1030,1,ManProtagonist1_5,,
368,Avarta,1031,1,ManProtagonist1_6,,
369,Avarta,1032,1,ManProtagonist1_7,,
370,Avarta,1033,1,ManProtagonist1_8,,
371,Avarta,1034,1,ManProtagonist1_9,,
372,Avarta,1035,1,ManProtagonist1_10,,
373,Avarta,1036,1,ManProtagonist1_11,,
374,Avarta,1037,1,ManProtagonist1_12,,
375,Avarta,1038,1,ManProtagonist1_13,,
376,Avarta,1039,1,ManProtagonist1_14,,
377,Avarta,1040,1,ManProtagonist1_15,,
378,Avarta,1041,1,ManProtagonist1_16,,
379,Avarta,1042,1,ManProtagonist1_17,,
380,Avarta,1043,1,ManProtagonist1_18,,
381,Avarta,1044,1,ManProtagonist1_19,,
382,Avarta,1045,1,ManProtagonist1_20,,
383,Avarta,1046,1,ManProtagonist1_21,,
384,Avarta,1047,1,ManProtagonist1_22,,
385,Avarta,1048,1,ManProtagonist1_23,,
386,Avarta,1049,1,ManProtagonist1_24,,
387,Avarta,1050,1,ManProtagonist1_25,,
388,Avarta,1051,1,ManProtagonist2_1,,
389,Avarta,1052,1,ManProtagonist2_2,,
390,Avarta,1053,1,ManProtagonist2_3,,
391,Avarta,1054,1,ManProtagonist2_4,,
392,Avarta,1055,1,ManProtagonist2_5,,
393,Avarta,1056,1,ManProtagonist2_6,,
394,Avarta,1057,1,ManProtagonist2_7,,
395,Avarta,1058,1,ManProtagonist2_8,,
396,Avarta,1059,1,ManProtagonist2_9,,
397,Avarta,1060,1,ManProtagonist2_10,,
398,Avarta,1061,1,ManProtagonist2_11,,
399,Avarta,1062,1,ManProtagonist2_12,,
400,Avarta,1063,1,ManProtagonist2_13,,
401,Avarta,1064,1,ManProtagonist2_14,,
402,Avarta,1065,1,ManProtagonist2_15,,
403,Avarta,1066,1,ManProtagonist2_16,,
404,Avarta,1067,1,ManProtagonist2_17,,
405,Avarta,1068,1,ManProtagonist2_18,,
406,Avarta,1069,1,ManProtagonist2_19,,
407,Avarta,1070,1,ManProtagonist2_20,,
408,Avarta,1071,1,ManProtagonist2_21,,
409,Avarta,1072,1,ManProtagonist2_22,,
410,Avarta,1073,1,ManProtagonist2_23,,
411,Avarta,1074,1,ManProtagonist2_24,,
412,Avarta,1075,1,ManProtagonist2_25,,
413,Avarta,20000,1,Man_hair1_1,,
414,Avarta,20001,1,Man_hair1_2,,
415,Avarta,20002,1,Man_hair1_3,,
416,Avarta,20003,1,Man_hair1_4,,
417,Avarta,20004,1,Man_hair1_5,,
418,Avarta,20005,1,Man_hair1_6,,
419,Avarta,20006,1,Man_hair1_7,,
420,Avarta,20007,1,Man_hair1_8,,
421,Avarta,20008,1,Man_hair1_9,,
422,Avarta,20009,1,Man_hair1_10,,
423,Avarta,20010,1,Man_hair1_11,,
424,Avarta,20011,1,Man_hair1_12,,
425,Avarta,20012,1,Man_hair1_13,,
426,Avarta,20013,1,Man_hair1_14,,
427,Avarta,20014,1,Man_hair1_15,,
428,Avarta,20015,1,Man_hair1_16,,
429,Avarta,20016,1,Man_hair2_1,,
430,Avarta,20017,1,Man_hair2_2,,
431,Avarta,20018,1,Man_hair2_3,,
432,Avarta,20019,1,Man_hair2_4,,
433,Avarta,20020,1,Man_hair2_5,,
434,Avarta,20021,1,Man_hair2_6,,
435,Avarta,20022,1,Man_hair2_7,,
436,Avarta,20023,1,Man_hair2_8,,
437,Avarta,20024,1,Man_hair2_9,,
438,Avarta,20025,1,Man_hair2_10,,
439,Avarta,20026,1,Man_hair2_11,,
440,Avarta,20027,1,Man_hair2_12,,
441,Avarta,20028,1,Man_hair2_13,,
442,Avarta,20029,1,Man_hair2_14,,
443,Avarta,20030,1,Man_hair2_15,,
444,Avarta,20031,1,Man_hair2_16,,
445,Avarta,20032,1,Man_hair3_1,,
446,Avarta,20033,1,Man_hair3_2,,
447,Avarta,20034,1,Man_hair3_3,,
448,Avarta,20035,1,Man_hair3_4,,
449,Avarta,20036,1,Man_hair3_5,,
450,Avarta,20037,1,Man_hair3_6,,
451,Avarta,20038,1,Man_hair3_7,,
452,Avarta,20039,1,Man_hair3_8,,
453,Avarta,20040,1,Man_hair3_9,,
454,Avarta,20041,1,Man_hair3_10,,
455,Avarta,20042,1,Man_hair3_11,,
456,Avarta,20043,1,Man_hair3_12,,
457,Avarta,20044,1,Man_hair3_13,,
458,Avarta,20045,1,Man_hair3_14,,
459,Avarta,20046,1,Man_hair3_15,,
460,Avarta,20047,1,Man_hair3_16,,
461,Avarta,20048,1,Man_hair4_1,,
462,Avarta,20049,1,Man_hair4_2,,
463,Avarta,20050,1,Man_hair4_3,,
464,Avarta,20051,1,Man_hair4_4,,
465,Avarta,20052,1,Man_hair4_5,,
466,Avarta,20053,1,Man_hair4_6,,
467,Avarta,20054,1,Man_hair4_7,,
468,Avarta,20055,1,Man_hair4_8,,
469,Avarta,20056,1,Man_hair4_9,,
470,Avarta,20057,1,Man_hair4_10,,
471,Avarta,20058,1,Man_hair4_11,,
472,Avarta,20059,1,Man_hair4_12,,
473,Avarta,20060,1,Man_hair4_13,,
474,Avarta,20061,1,Man_hair4_14,,
475,Avarta,20062,1,Man_hair4_15,,
476,Avarta,20063,1,Man_hair4_16,,
477,Avarta,20064,1,Man_hair5_1,,
478,Avarta,20065,1,Man_hair5_2,,
479,Avarta,20066,1,Man_hair5_3,,
480,Avarta,20067,1,Man_hair5_4,,
481,Avarta,20068,1,Man_hair5_5,,
482,Avarta,20069,1,Man_hair5_6,,
483,Avarta,20070,1,Man_hair5_7,,
484,Avarta,20071,1,Man_hair5_8,,
485,Avarta,20072,1,Man_hair5_9,,
486,Avarta,20073,1,Man_hair5_10,,
487,Avarta,20074,1,Man_hair5_11,,
488,Avarta,20075,1,Man_hair5_12,,
489,Avarta,20076,1,Man_hair5_13,,
490,Avarta,20077,1,Man_hair5_14,,
491,Avarta,20078,1,Man_hair5_15,,
492,Avarta,20079,1,Man_hair5_16,,
493,Avarta,20080,1,Man_hair6_1,,
494,Avarta,20081,1,Man_hair6_2,,
495,Avarta,20082,1,Man_hair6_3,,
496,Avarta,20083,1,Man_hair6_4,,
497,Avarta,20084,1,Man_hair6_5,,
498,Avarta,20085,1,Man_hair6_6,,
499,Avarta,20086,1,Man_hair6_7,,
500,Avarta,20087,1,Man_hair6_8,,
501,Avarta,20088,1,Man_hair6_9,,
502,Avarta,20089,1,Man_hair6_10,,
503,Avarta,20090,1,Man_hair6_11,,
504,Avarta,20091,1,Man_hair6_12,,
505,Avarta,20092,1,Man_hair6_13,,
506,Avarta,20093,1,Man_hair6_14,,
507,Avarta,20094,1,Man_hair6_15,,
508,Avarta,20095,1,Man_hair6_16,,
509,Avarta,20096,1,Man_hair7_1,,
510,Avarta,20097,1,Man_hair7_2,,
511,Avarta,20098,1,Man_hair7_3,,
512,Avarta,20099,1,Man_hair7_4,,
513,Avarta,20100,1,Man_hair7_5,,
514,Avarta,20101,1,Man_hair7_6,,
515,Avarta,20102,1,Man_hair7_7,,
516,Avarta,20103,1,Man_hair7_8,,
517,Avarta,20104,1,Man_hair7_9,,
518,Avarta,20105,1,Man_hair7_10,,
519,Avarta,20106,1,Man_hair7_11,,
520,Avarta,20107,1,Man_hair7_12,,
521,Avarta,20108,1,Man_hair7_13,,
522,Avarta,20109,1,Man_hair7_14,,
523,Avarta,20110,1,Man_hair7_15,,
524,Avarta,20111,1,Man_hair7_16,,
525,Avarta,20112,1,Man_hair8_1,,
526,Avarta,20113,1,Man_hair8_2,,
527,Avarta,20114,1,Man_hair8_3,,
528,Avarta,20115,1,Man_hair8_4,,
529,Avarta,20116,1,Man_hair8_5,,
530,Avarta,20117,1,Man_hair8_6,,
531,Avarta,20118,1,Man_hair8_7,,
532,Avarta,20119,1,Man_hair8_8,,
533,Avarta,20120,1,Man_hair8_9,,
534,Avarta,20121,1,Man_hair8_10,,
535,Avarta,20122,1,Man_hair8_11,,
536,Avarta,20123,1,Man_hair8_12,,
537,Avarta,20124,1,Man_hair8_13,,
538,Avarta,20125,1,Man_hair8_14,,
539,Avarta,20126,1,Man_hair8_15,,
540,Avarta,20127,1,Man_hair8_16,,
541,Avarta,20128,1,Man_hair9_1,,
542,Avarta,20129,1,Man_hair9_2,,
543,Avarta,20130,1,Man_hair9_3,,
544,Avarta,20131,1,Man_hair9_4,,
545,Avarta,20132,1,Man_hair9_5,,
546,Avarta,20133,1,Man_hair9_6,,
547,Avarta,20134,1,Man_hair9_7,,
548,Avarta,20135,1,Man_hair9_8,,
549,Avarta,20136,1,Man_hair9_9,,
550,Avarta,20137,1,Man_hair9_10,,
551,Avarta,20138,1,Man_hair9_11,,
552,Avarta,20139,1,Man_hair9_12,,
553,Avarta,20140,1,Man_hair9_13,,
554,Avarta,20141,1,Man_hair9_14,,
555,Avarta,20142,1,Man_hair9_15,,
556,Avarta,20143,1,Man_hair9_16,,
557,Avarta,20144,1,Man_hair10_1,,
558,Avarta,20145,1,Man_hair10_2,,
559,Avarta,20146,1,Man_hair10_3,,
560,Avarta,20147,1,Man_hair10_4,,
561,Avarta,20148,1,Man_hair10_5,,
562,Avarta,20149,1,Man_hair10_6,,
563,Avarta,20150,1,Man_hair10_7,,
564,Avarta,20151,1,Man_hair10_8,,
565,Avarta,20152,1,Man_hair10_9,,
566,Avarta,20153,1,Man_hair10_10,,
567,Avarta,20154,1,Man_hair10_11,,
568,Avarta,20155,1,Man_hair10_12,,
569,Avarta,20156,1,Man_hair10_13,,
570,Avarta,20157,1,Man_hair10_14,,
571,Avarta,20158,1,Man_hair10_15,,
572,Avarta,20159,1,Man_hair10_16,,
573,Avarta,20160,1,Man_hair11_1,,
574,Avarta,20161,1,Man_hair11_2,,
575,Avarta,20162,1,Man_hair11_3,,
576,Avarta,20163,1,Man_hair11_4,,
577,Avarta,20164,1,Man_hair11_5,,
578,Avarta,20165,1,Man_hair11_6,,
579,Avarta,20166,1,Man_hair11_7,,
580,Avarta,20167,1,Man_hair11_8,,
581,Avarta,20168,1,Man_hair11_9,,
582,Avarta,20169,1,Man_hair11_10,,
583,Avarta,20170,1,Man_hair11_11,,
584,Avarta,20171,1,Man_hair11_12,,
585,Avarta,20172,1,Man_hair11_13,,
586,Avarta,20173,1,Man_hair11_14,,
587,Avarta,20174,1,Man_hair11_15,,
588,Avarta,20175,1,Man_hair11_16,,
589,Avarta,20176,1,Man_hair12_1,,
590,Avarta,20177,1,Man_hair12_2,,
591,Avarta,20178,1,Man_hair12_3,,
592,Avarta,20179,1,Man_hair12_4,,
593,Avarta,20180,1,Man_hair12_5,,
594,Avarta,20181,1,Man_hair12_6,,
595,Avarta,20182,1,Man_hair12_7,,
596,Avarta,20183,1,Man_hair12_8,,
597,Avarta,20184,1,Man_hair12_9,,
598,Avarta,20185,1,Man_hair12_10,,
599,Avarta,20186,1,Man_hair12_11,,
600,Avarta,20187,1,Man_hair12_12,,
601,Avarta,20188,1,Man_hair12_13,,
602,Avarta,20189,1,Man_hair12_14,,
603,Avarta,20190,1,Man_hair12_15,,
604,Avarta,20191,1,Man_hair12_16,,
605,Avarta,20192,1,Man_hair13_1,,
606,Avarta,20193,1,Man_hair13_2,,
607,Avarta,20194,1,Man_hair13_3,,
608,Avarta,20195,1,Man_hair13_4,,
609,Avarta,20196,1,Man_hair13_5,,
610,Avarta,20197,1,Man_hair13_6,,
611,Avarta,20198,1,Man_hair13_7,,
612,Avarta,20199,1,Man_hair13_8,,
613,Avarta,20200,1,Man_hair13_9,,
614,Avarta,20201,1,Man_hair13_10,,
615,Avarta,20202,1,Man_hair13_11,,
616,Avarta,20203,1,Man_hair13_12,,
617,Avarta,20204,1,Man_hair13_13,,
618,Avarta,20205,1,Man_hair13_14,,
619,Avarta,20206,1,Man_hair13_15,,
620,Avarta,20207,1,Man_hair13_16,,
621,Avarta,20208,1,Man_hair14_1,,
622,Avarta,20209,1,Man_hair14_2,,
623,Avarta,20210,1,Man_hair14_3,,
624,Avarta,20211,1,Man_hair14_4,,
625,Avarta,20212,1,Man_hair14_5,,
626,Avarta,20213,1,Man_hair14_6,,
627,Avarta,20214,1,Man_hair14_7,,
628,Avarta,20215,1,Man_hair14_8,,
629,Avarta,20216,1,Man_hair14_9,,
630,Avarta,20217,1,Man_hair14_10,,
631,Avarta,20218,1,Man_hair14_11,,
632,Avarta,20219,1,Man_hair14_12,,
633,Avarta,20220,1,Man_hair14_13,,
634,Avarta,20221,1,Man_hair14_14,,
635,Avarta,20222,1,Man_hair14_15,,
636,Avarta,20223,1,Man_hair14_16,,
637,Avarta,20224,1,Man_hair15_1,,
638,Avarta,20225,1,Man_hair15_2,,
639,Avarta,20226,1,Man_hair15_3,,
640,Avarta,20227,1,Man_hair15_4,,
641,Avarta,20228,1,Man_hair15_5,,
642,Avarta,20229,1,Man_hair15_6,,
643,Avarta,20230,1,Man_hair15_7,,
644,Avarta,20231,1,Man_hair15_8,,
645,Avarta,20232,1,Man_hair15_9,,
646,Avarta,20233,1,Man_hair15_10,,
647,Avarta,20234,1,Man_hair15_11,,
648,Avarta,20235,1,Man_hair15_12,,
649,Avarta,20236,1,Man_hair15_13,,
650,Avarta,20237,1,Man_hair15_14,,
651,Avarta,20238,1,Man_hair15_15,,
652,Avarta,20239,1,Man_hair15_16,,
653,Avarta,20240,1,Man_hair16_1,,
654,Avarta,20241,1,Man_hair16_2,,
655,Avarta,20242,1,Man_hair16_3,,
656,Avarta,20243,1,Man_hair16_4,,
657,Avarta,20244,1,Man_hair16_5,,
658,Avarta,20245,1,Man_hair16_6,,
659,Avarta,20246,1,Man_hair16_7,,
660,Avarta,20247,1,Man_hair16_8,,
661,Avarta,20248,1,Man_hair16_9,,
662,Avarta,20249,1,Man_hair16_10,,
663,Avarta,20250,1,Man_hair16_11,,
664,Avarta,20251,1,Man_hair16_12,,
665,Avarta,20252,1,Man_hair16_13,,
666,Avarta,20253,1,Man_hair16_14,,
667,Avarta,20254,1,Man_hair16_15,,
668,Avarta,20255,1,Man_hair16_16,,
669,Avarta,20256,1,Man_hair17_1,,
670,Avarta,20257,1,Man_hair17_2,,
671,Avarta,20258,1,Man_hair17_3,,
672,Avarta,20259,1,Man_hair17_4,,
673,Avarta,20260,1,Man_hair17_5,,
674,Avarta,20261,1,Man_hair17_6,,
