RowIndex,Tag,Name,AnimationSpeed,Text,ChildrenJSON
1,Sticker,#-00,1,,"[{""Tag"":""Sprite"",""Attributes"":{""Name"":""Icon_Star""}}]"
2,Sticker,#-01,1,,"[{""Tag"":""Sprite"",""Attributes"":{""Name"":""Icon_VangKhoa""}}]"
3,Sticker,#-02,1,,"[{""Tag"":""Sprite"",""Attributes"":{""Name"":""Icon_BacKhoa""}}]"
4,Sticker,#-03,1,,"[{""Tag"":""Sprite"",""Attributes"":{""Name"":""Icon_DongKhoa""}}]"
5,Sticker,#-04,1,,"[{""Tag"":""Sprite"",""Attributes"":{""Name"":""Icon_Vang""}}]"
6,Sticker,#-05,1,,"[{""Tag"":""Sprite"",""Attributes"":{""Name"":""Icon_Bac""}}]"
7,Sticker,#-06,1,,"[{""Tag"":""Sprite"",""Attributes"":{""Name"":""Icon_Dong""}}]"
8,Sticker,#1,3,,"[{""Tag"":""Sprite"",""Attributes"":{""Name"":""0""}},{""Tag"":""Sprite"",""Attributes"":{""Name"":""1""}},{""Tag"":""Sprite"",""Attributes"":{""Name"":""2""}},{""Tag"":""Sprite"",""Attributes"":{""Name"":""3""}},{""Tag"":""Sprite"",""Attributes"":{""Name"":""4""}},{""Tag"":""Sprite"",""Attributes"":{""Name"":""5""}}]"
9,Sticker,#2,1,,"[{""Tag"":""Sprite"",""Attributes"":{""Name"":""6""}},{""Tag"":""Sprite"",""Attributes"":{""Name"":""7""}},{""Tag"":""Sprite"",""Attributes"":{""Name"":""8""}},{""Tag"":""Sprite"",""Attributes"":{""Name"":""9""}}]"
10,Sticker,#3,8,,"[{""Tag"":""Sprite"",""Attributes"":{""Name"":""10""}},{""Tag"":""Sprite"",""Attributes"":{""Name"":""11""}},{""Tag"":""Sprite"",""Attributes"":{""Name"":""12""}},{""Tag"":""Sprite"",""Attributes"":{""Name"":""13""}},{""Tag"":""Sprite"",""Attributes"":{""Name"":""14""}},{""Tag"":""Sprite"",""Attributes"":{""Name"":""15""}},{""Tag"":""Sprite"",""Attributes"":{""Name"":""16""}},{""Tag"":""Sprite"",""Attributes"":{""Name"":""17""}},{""Tag"":""Sprite"",""Attributes"":{""Name"":""18""}},{""Tag"":""Sprite"",""Attributes"":{""Name"":""19""}},{""Tag"":""Sprite"",""Attributes"":{""Name"":""20""}}]"
11,Sticker,#4,5,,"[{""Tag"":""Sprite"",""Attributes"":{""Name"":""20""}},{""Tag"":""Sprite"",""Attributes"":{""Name"":""21""}},{""Tag"":""Sprite"",""Attributes"":{""Name"":""22""}},{""Tag"":""Sprite"",""Attributes"":{""Name"":""23""}},{""Tag"":""Sprite"",""Attributes"":{""Name"":""24""}},{""Tag"":""Sprite"",""Attributes"":{""Name"":""25""}},{""Tag"":""Sprite"",""Attributes"":{""Name"":""26""}},{""Tag"":""Sprite"",""Attributes"":{""Name"":""27""}},{""Tag"":""Sprite"",""Attributes"":{""Name"":""28""}},{""Tag"":""Sprite"",""Attributes"":{""Name"":""29""}},{""Tag"":""Sprite"",""Attributes"":{""Name"":""30""}},{""Tag"":""Sprite"",""Attributes"":{""Name"":""31""}}]"
12,Sticker,#5,3,,"[{""Tag"":""Sprite"",""Attributes"":{""Name"":""32""}},{""Tag"":""Sprite"",""Attributes"":{""Name"":""33""}},{""Tag"":""Sprite"",""Attributes"":{""Name"":""34""}},{""Tag"":""Sprite"",""Attributes"":{""Name"":""35""}},{""Tag"":""Sprite"",""Attributes"":{""Name"":""36""}},{""Tag"":""Sprite"",""Attributes"":{""Name"":""37""}},{""Tag"":""Sprite"",""Attributes"":{""Name"":""38""}}]"
13,Sticker,#6,5,,"[{""Tag"":""Sprite"",""Attributes"":{""Name"":""39""}},{""Tag"":""Sprite"",""Attributes"":{""Name"":""40""}}]"
14,Sticker,#7,5,,"[{""Tag"":""Sprite"",""Attributes"":{""Name"":""41""}},{""Tag"":""Sprite"",""Attributes"":{""Name"":""42""}}]"
15,Sticker,#8,5,,"[{""Tag"":""Sprite"",""Attributes"":{""Name"":""43""}},{""Tag"":""Sprite"",""Attributes"":{""Name"":""44""}},{""Tag"":""Sprite"",""Attributes"":{""Name"":""45""}},{""Tag"":""Sprite"",""Attributes"":{""Name"":""46""}},{""Tag"":""Sprite"",""Attributes"":{""Name"":""47""}},{""Tag"":""Sprite"",""Attributes"":{""Name"":""48""}},{""Tag"":""Sprite"",""Attributes"":{""Name"":""49""}},{""Tag"":""Sprite"",""Attributes"":{""Name"":""50""}},{""Tag"":""Sprite"",""Attributes"":{""Name"":""51""}}]"
16,Sticker,#9,8,,"[{""Tag"":""Sprite"",""Attributes"":{""Name"":""52""}},{""Tag"":""Sprite"",""Attributes"":{""Name"":""53""}},{""Tag"":""Sprite"",""Attributes"":{""Name"":""54""}},{""Tag"":""Sprite"",""Attributes"":{""Name"":""55""}}]"
17,Sticker,#10,1,,"[{""Tag"":""Sprite"",""Attributes"":{""Name"":""56""}},{""Tag"":""Sprite"",""Attributes"":{""Name"":""57""}},{""Tag"":""Sprite"",""Attributes"":{""Name"":""58""}},{""Tag"":""Sprite"",""Attributes"":{""Name"":""59""}}]"
18,Sticker,#11,1,,"[{""Tag"":""Sprite"",""Attributes"":{""Name"":""60""}},{""Tag"":""Sprite"",""Attributes"":{""Name"":""61""}},{""Tag"":""Sprite"",""Attributes"":{""Name"":""62""}},{""Tag"":""Sprite"",""Attributes"":{""Name"":""63""}}]"
19,Sticker,#12,5,,"[{""Tag"":""Sprite"",""Attributes"":{""Name"":""64""}},{""Tag"":""Sprite"",""Attributes"":{""Name"":""65""}},{""Tag"":""Sprite"",""Attributes"":{""Name"":""66""}},{""Tag"":""Sprite"",""Attributes"":{""Name"":""67""}}]"
20,Sticker,#13,5,,"[{""Tag"":""Sprite"",""Attributes"":{""Name"":""68""}},{""Tag"":""Sprite"",""Attributes"":{""Name"":""69""}},{""Tag"":""Sprite"",""Attributes"":{""Name"":""70""}},{""Tag"":""Sprite"",""Attributes"":{""Name"":""71""}}]"
21,Sticker,#14,6,,"[{""Tag"":""Sprite"",""Attributes"":{""Name"":""72""}},{""Tag"":""Sprite"",""Attributes"":{""Name"":""73""}},{""Tag"":""Sprite"",""Attributes"":{""Name"":""74""}},{""Tag"":""Sprite"",""Attributes"":{""Name"":""75""}},{""Tag"":""Sprite"",""Attributes"":{""Name"":""76""}},{""Tag"":""Sprite"",""Attributes"":{""Name"":""77""}},{""Tag"":""Sprite"",""Attributes"":{""Name"":""78""}},{""Tag"":""Sprite"",""Attributes"":{""Name"":""79""}},{""Tag"":""Sprite"",""Attributes"":{""Name"":""80""}},{""Tag"":""Sprite"",""Attributes"":{""Name"":""81""}}]"
22,Sticker,#15,6,,"[{""Tag"":""Sprite"",""Attributes"":{""Name"":""82""}},{""Tag"":""Sprite"",""Attributes"":{""Name"":""83""}},{""Tag"":""Sprite"",""Attributes"":{""Name"":""84""}},{""Tag"":""Sprite"",""Attributes"":{""Name"":""85""}},{""Tag"":""Sprite"",""Attributes"":{""Name"":""86""}},{""Tag"":""Sprite"",""Attributes"":{""Name"":""87""}}]"
23,Sticker,#16,6,,"[{""Tag"":""Sprite"",""Attributes"":{""Name"":""88""}},{""Tag"":""Sprite"",""Attributes"":{""Name"":""89""}},{""Tag"":""Sprite"",""Attributes"":{""Name"":""90""}},{""Tag"":""Sprite"",""Attributes"":{""Name"":""91""}},{""Tag"":""Sprite"",""Attributes"":{""Name"":""92""}},{""Tag"":""Sprite"",""Attributes"":{""Name"":""93""}},{""Tag"":""Sprite"",""Attributes"":{""Name"":""94""}},{""Tag"":""Sprite"",""Attributes"":{""Name"":""95""}},{""Tag"":""Sprite"",""Attributes"":{""Name"":""96""}},{""Tag"":""Sprite"",""Attributes"":{""Name"":""97""}}]"
24,Sticker,#17,3,,"[{""Tag"":""Sprite"",""Attributes"":{""Name"":""98""}},{""Tag"":""Sprite"",""Attributes"":{""Name"":""99""}},{""Tag"":""Sprite"",""Attributes"":{""Name"":""100""}},{""Tag"":""Sprite"",""Attributes"":{""Name"":""101""}},{""Tag"":""Sprite"",""Attributes"":{""Name"":""102""}},{""Tag"":""Sprite"",""Attributes"":{""Name"":""103""}},{""Tag"":""Sprite"",""Attributes"":{""Name"":""104""}}]"
25,Sticker,#18,3,,"[{""Tag"":""Sprite"",""Attributes"":{""Name"":""105""}},{""Tag"":""Sprite"",""Attributes"":{""Name"":""106""}},{""Tag"":""Sprite"",""Attributes"":{""Name"":""107""}},{""Tag"":""Sprite"",""Attributes"":{""Name"":""108""}},{""Tag"":""Sprite"",""Attributes"":{""Name"":""109""}},{""Tag"":""Sprite"",""Attributes"":{""Name"":""110""}}]"
26,Sticker,#19,3,,"[{""Tag"":""Sprite"",""Attributes"":{""Name"":""111""}},{""Tag"":""Sprite"",""Attributes"":{""Name"":""112""}},{""Tag"":""Sprite"",""Attributes"":{""Name"":""113""}},{""Tag"":""Sprite"",""Attributes"":{""Name"":""114""}},{""Tag"":""Sprite"",""Attributes"":{""Name"":""115""}},{""Tag"":""Sprite"",""Attributes"":{""Name"":""116""}},{""Tag"":""Sprite"",""Attributes"":{""Name"":""117""}}]"
27,Sticker,#20,6,,"[{""Tag"":""Sprite"",""Attributes"":{""Name"":""118""}},{""Tag"":""Sprite"",""Attributes"":{""Name"":""119""}},{""Tag"":""Sprite"",""Attributes"":{""Name"":""120""}},{""Tag"":""Sprite"",""Attributes"":{""Name"":""121""}},{""Tag"":""Sprite"",""Attributes"":{""Name"":""122""}},{""Tag"":""Sprite"",""Attributes"":{""Name"":""123""}},{""Tag"":""Sprite"",""Attributes"":{""Name"":""124""}},{""Tag"":""Sprite"",""Attributes"":{""Name"":""125""}},{""Tag"":""Sprite"",""Attributes"":{""Name"":""126""}},{""Tag"":""Sprite"",""Attributes"":{""Name"":""127""}},{""Tag"":""Sprite"",""Attributes"":{""Name"":""128""}},{""Tag"":""Sprite"",""Attributes"":{""Name"":""129""}}]"
28,Sticker,#21,6,,"[{""Tag"":""Sprite"",""Attributes"":{""Name"":""130""}},{""Tag"":""Sprite"",""Attributes"":{""Name"":""131""}},{""Tag"":""Sprite"",""Attributes"":{""Name"":""132""}},{""Tag"":""Sprite"",""Attributes"":{""Name"":""133""}},{""Tag"":""Sprite"",""Attributes"":{""Name"":""134""}},{""Tag"":""Sprite"",""Attributes"":{""Name"":""135""}},{""Tag"":""Sprite"",""Attributes"":{""Name"":""136""}},{""Tag"":""Sprite"",""Attributes"":{""Name"":""137""}},{""Tag"":""Sprite"",""Attributes"":{""Name"":""138""}},{""Tag"":""Sprite"",""Attributes"":{""Name"":""139""}}]"
29,Sticker,#22,5,,"[{""Tag"":""Sprite"",""Attributes"":{""Name"":""140""}},{""Tag"":""Sprite"",""Attributes"":{""Name"":""141""}},{""Tag"":""Sprite"",""Attributes"":{""Name"":""142""}},{""Tag"":""Sprite"",""Attributes"":{""Name"":""143""}},{""Tag"":""Sprite"",""Attributes"":{""Name"":""144""}},{""Tag"":""Sprite"",""Attributes"":{""Name"":""145""}},{""Tag"":""Sprite"",""Attributes"":{""Name"":""146""}},{""Tag"":""Sprite"",""Attributes"":{""Name"":""147""}},{""Tag"":""Sprite"",""Attributes"":{""Name"":""148""}}]"
30,Sticker,#23,6,,"[{""Tag"":""Sprite"",""Attributes"":{""Name"":""149""}},{""Tag"":""Sprite"",""Attributes"":{""Name"":""150""}},{""Tag"":""Sprite"",""Attributes"":{""Name"":""151""}},{""Tag"":""Sprite"",""Attributes"":{""Name"":""152""}},{""Tag"":""Sprite"",""Attributes"":{""Name"":""153""}},{""Tag"":""Sprite"",""Attributes"":{""Name"":""154""}},{""Tag"":""Sprite"",""Attributes"":{""Name"":""155""}},{""Tag"":""Sprite"",""Attributes"":{""Name"":""156""}},{""Tag"":""Sprite"",""Attributes"":{""Name"":""157""}},{""Tag"":""Sprite"",""Attributes"":{""Name"":""158""}},{""Tag"":""Sprite"",""Attributes"":{""Name"":""159""}},{""Tag"":""Sprite"",""Attributes"":{""Name"":""160""}}]"
31,Sticker,#24,3,,"[{""Tag"":""Sprite"",""Attributes"":{""Name"":""161""}},{""Tag"":""Sprite"",""Attributes"":{""Name"":""162""}},{""Tag"":""Sprite"",""Attributes"":{""Name"":""163""}},{""Tag"":""Sprite"",""Attributes"":{""Name"":""164""}},{""Tag"":""Sprite"",""Attributes"":{""Name"":""165""}},{""Tag"":""Sprite"",""Attributes"":{""Name"":""166""}},{""Tag"":""Sprite"",""Attributes"":{""Name"":""167""}}]"
32,Sticker,#25,3,,"[{""Tag"":""Sprite"",""Attributes"":{""Name"":""177""}},{""Tag"":""Sprite"",""Attributes"":{""Name"":""178""}},{""Tag"":""Sprite"",""Attributes"":{""Name"":""179""}},{""Tag"":""Sprite"",""Attributes"":{""Name"":""180""}},{""Tag"":""Sprite"",""Attributes"":{""Name"":""181""}}]"
33,Sticker,#26,6,,"[{""Tag"":""Sprite"",""Attributes"":{""Name"":""182""}},{""Tag"":""Sprite"",""Attributes"":{""Name"":""183""}},{""Tag"":""Sprite"",""Attributes"":{""Name"":""184""}},{""Tag"":""Sprite"",""Attributes"":{""Name"":""185""}},{""Tag"":""Sprite"",""Attributes"":{""Name"":""186""}},{""Tag"":""Sprite"",""Attributes"":{""Name"":""187""}},{""Tag"":""Sprite"",""Attributes"":{""Name"":""188""}},{""Tag"":""Sprite"",""Attributes"":{""Name"":""189""}},{""Tag"":""Sprite"",""Attributes"":{""Name"":""190""}},{""Tag"":""Sprite"",""Attributes"":{""Name"":""191""}}]"
34,Sticker,#27,6,,"[{""Tag"":""Sprite"",""Attributes"":{""Name"":""192""}},{""Tag"":""Sprite"",""Attributes"":{""Name"":""193""}},{""Tag"":""Sprite"",""Attributes"":{""Name"":""194""}},{""Tag"":""Sprite"",""Attributes"":{""Name"":""195""}},{""Tag"":""Sprite"",""Attributes"":{""Name"":""196""}},{""Tag"":""Sprite"",""Attributes"":{""Name"":""197""}},{""Tag"":""Sprite"",""Attributes"":{""Name"":""198""}},{""Tag"":""Sprite"",""Attributes"":{""Name"":""199""}},{""Tag"":""Sprite"",""Attributes"":{""Name"":""200""}}]"
35,Sticker,#28,8,,"[{""Tag"":""Sprite"",""Attributes"":{""Name"":""201""}},{""Tag"":""Sprite"",""Attributes"":{""Name"":""202""}},{""Tag"":""Sprite"",""Attributes"":{""Name"":""203""}},{""Tag"":""Sprite"",""Attributes"":{""Name"":""204""}},{""Tag"":""Sprite"",""Attributes"":{""Name"":""205""}},{""Tag"":""Sprite"",""Attributes"":{""Name"":""206""}},{""Tag"":""Sprite"",""Attributes"":{""Name"":""207""}},{""Tag"":""Sprite"",""Attributes"":{""Name"":""208""}}]"
36,Sticker,#29,4,,"[{""Tag"":""Sprite"",""Attributes"":{""Name"":""209""}},{""Tag"":""Sprite"",""Attributes"":{""Name"":""210""}},{""Tag"":""Sprite"",""Attributes"":{""Name"":""211""}},{""Tag"":""Sprite"",""Attributes"":{""Name"":""212""}},{""Tag"":""Sprite"",""Attributes"":{""Name"":""213""}}]"
37,Sticker,#30,3,,"[{""Tag"":""Sprite"",""Attributes"":{""Name"":""214""}},{""Tag"":""Sprite"",""Attributes"":{""Name"":""215""}},{""Tag"":""Sprite"",""Attributes"":{""Name"":""216""}},{""Tag"":""Sprite"",""Attributes"":{""Name"":""217""}},{""Tag"":""Sprite"",""Attributes"":{""Name"":""218""}}]"
38,Sticker,#31,8,,"[{""Tag"":""Sprite"",""Attributes"":{""Name"":""219""}},{""Tag"":""Sprite"",""Attributes"":{""Name"":""220""}},{""Tag"":""Sprite"",""Attributes"":{""Name"":""221""}},{""Tag"":""Sprite"",""Attributes"":{""Name"":""222""}}]"
39,Sticker,#32,8,,"[{""Tag"":""Sprite"",""Attributes"":{""Name"":""223""}},{""Tag"":""Sprite"",""Attributes"":{""Name"":""224""}},{""Tag"":""Sprite"",""Attributes"":{""Name"":""225""}},{""Tag"":""Sprite"",""Attributes"":{""Name"":""226""}}]"
40,Sticker,#33,8,,"[{""Tag"":""Sprite"",""Attributes"":{""Name"":""227""}},{""Tag"":""Sprite"",""Attributes"":{""Name"":""228""}},{""Tag"":""Sprite"",""Attributes"":{""Name"":""229""}},{""Tag"":""Sprite"",""Attributes"":{""Name"":""230""}},{""Tag"":""Sprite"",""Attributes"":{""Name"":""231""}},{""Tag"":""Sprite"",""Attributes"":{""Name"":""232""}}]"
41,Sticker,#34,10,,"[{""Tag"":""Sprite"",""Attributes"":{""Name"":""233""}},{""Tag"":""Sprite"",""Attributes"":{""Name"":""234""}},{""Tag"":""Sprite"",""Attributes"":{""Name"":""235""}},{""Tag"":""Sprite"",""Attributes"":{""Name"":""236""}},{""Tag"":""Sprite"",""Attributes"":{""Name"":""237""}},{""Tag"":""Sprite"",""Attributes"":{""Name"":""238""}},{""Tag"":""Sprite"",""Attributes"":{""Name"":""239""}},{""Tag"":""Sprite"",""Attributes"":{""Name"":""240""}},{""Tag"":""Sprite"",""Attributes"":{""Name"":""241""}},{""Tag"":""Sprite"",""Attributes"":{""Name"":""242""}},{""Tag"":""Sprite"",""Attributes"":{""Name"":""243""}},{""Tag"":""Sprite"",""Attributes"":{""Name"":""244""}},{""Tag"":""Sprite"",""Attributes"":{""Name"":""245""}}]"
42,Sticker,#35,3,,"[{""Tag"":""Sprite"",""Attributes"":{""Name"":""246""}},{""Tag"":""Sprite"",""Attributes"":{""Name"":""247""}}]"
43,Sticker,#36,8,,"[{""Tag"":""Sprite"",""Attributes"":{""Name"":""248""}},{""Tag"":""Sprite"",""Attributes"":{""Name"":""249""}},{""Tag"":""Sprite"",""Attributes"":{""Name"":""250""}},{""Tag"":""Sprite"",""Attributes"":{""Name"":""251""}},{""Tag"":""Sprite"",""Attributes"":{""Name"":""252""}},{""Tag"":""Sprite"",""Attributes"":{""Name"":""253""}},{""Tag"":""Sprite"",""Attributes"":{""Name"":""254""}},{""Tag"":""Sprite"",""Attributes"":{""Name"":""255""}},{""Tag"":""Sprite"",""Attributes"":{""Name"":""256""}},{""Tag"":""Sprite"",""Attributes"":{""Name"":""257""}},{""Tag"":""Sprite"",""Attributes"":{""Name"":""258""}},{""Tag"":""Sprite"",""Attributes"":{""Name"":""259""}},{""Tag"":""Sprite"",""Attributes"":{""Name"":""260""}},{""Tag"":""Sprite"",""Attributes"":{""Name"":""261""}}]"
44,Sticker,#37,8,,"[{""Tag"":""Sprite"",""Attributes"":{""Name"":""262""}},{""Tag"":""Sprite"",""Attributes"":{""Name"":""263""}},{""Tag"":""Sprite"",""Attributes"":{""Name"":""264""}},{""Tag"":""Sprite"",""Attributes"":{""Name"":""265""}}]"
45,Sticker,#38,8,,"[{""Tag"":""Sprite"",""Attributes"":{""Name"":""266""}},{""Tag"":""Sprite"",""Attributes"":{""Name"":""267""}},{""Tag"":""Sprite"",""Attributes"":{""Name"":""268""}},{""Tag"":""Sprite"",""Attributes"":{""Name"":""269""}}]"
46,Sticker,#39,8,,"[{""Tag"":""Sprite"",""Attributes"":{""Name"":""270""}},{""Tag"":""Sprite"",""Attributes"":{""Name"":""271""}},{""Tag"":""Sprite"",""Attributes"":{""Name"":""272""}},{""Tag"":""Sprite"",""Attributes"":{""Name"":""273""}},{""Tag"":""Sprite"",""Attributes"":{""Name"":""274""}},{""Tag"":""Sprite"",""Attributes"":{""Name"":""275""}},{""Tag"":""Sprite"",""Attributes"":{""Name"":""276""}},{""Tag"":""Sprite"",""Attributes"":{""Name"":""277""}},{""Tag"":""Sprite"",""Attributes"":{""Name"":""278""}},{""Tag"":""Sprite"",""Attributes"":{""Name"":""279""}},{""Tag"":""Sprite"",""Attributes"":{""Name"":""280""}},{""Tag"":""Sprite"",""Attributes"":{""Name"":""281""}},{""Tag"":""Sprite"",""Attributes"":{""Name"":""282""}}]"
47,Sticker,#40,3,,"[{""Tag"":""Sprite"",""Attributes"":{""Name"":""283""}},{""Tag"":""Sprite"",""Attributes"":{""Name"":""284""}}]"
48,Sticker,#41,6,,"[{""Tag"":""Sprite"",""Attributes"":{""Name"":""285""}},{""Tag"":""Sprite"",""Attributes"":{""Name"":""286""}},{""Tag"":""Sprite"",""Attributes"":{""Name"":""287""}},{""Tag"":""Sprite"",""Attributes"":{""Name"":""288""}},{""Tag"":""Sprite"",""Attributes"":{""Name"":""289""}},{""Tag"":""Sprite"",""Attributes"":{""Name"":""290""}}]"
49,Sticker,#42,6,,"[{""Tag"":""Sprite"",""Attributes"":{""Name"":""291""}},{""Tag"":""Sprite"",""Attributes"":{""Name"":""292""}},{""Tag"":""Sprite"",""Attributes"":{""Name"":""293""}},{""Tag"":""Sprite"",""Attributes"":{""Name"":""294""}}]"
50,Sticker,#43,6,,"[{""Tag"":""Sprite"",""Attributes"":{""Name"":""295""}},{""Tag"":""Sprite"",""Attributes"":{""Name"":""296""}},{""Tag"":""Sprite"",""Attributes"":{""Name"":""297""}},{""Tag"":""Sprite"",""Attributes"":{""Name"":""298""}},{""Tag"":""Sprite"",""Attributes"":{""Name"":""299""}},{""Tag"":""Sprite"",""Attributes"":{""Name"":""300""}},{""Tag"":""Sprite"",""Attributes"":{""Name"":""301""}},{""Tag"":""Sprite"",""Attributes"":{""Name"":""302""}},{""Tag"":""Sprite"",""Attributes"":{""Name"":""303""}}]"
51,Sticker,#44,6,,"[{""Tag"":""Sprite"",""Attributes"":{""Name"":""304""}},{""Tag"":""Sprite"",""Attributes"":{""Name"":""305""}},{""Tag"":""Sprite"",""Attributes"":{""Name"":""306""}},{""Tag"":""Sprite"",""Attributes"":{""Name"":""307""}},{""Tag"":""Sprite"",""Attributes"":{""Name"":""308""}},{""Tag"":""Sprite"",""Attributes"":{""Name"":""309""}},{""Tag"":""Sprite"",""Attributes"":{""Name"":""310""}},{""Tag"":""Sprite"",""Attributes"":{""Name"":""311""}},{""Tag"":""Sprite"",""Attributes"":{""Name"":""312""}},{""Tag"":""Sprite"",""Attributes"":{""Name"":""313""}},{""Tag"":""Sprite"",""Attributes"":{""Name"":""314""}},{""Tag"":""Sprite"",""Attributes"":{""Name"":""315""}},{""Tag"":""Sprite"",""Attributes"":{""Name"":""316""}},{""Tag"":""Sprite"",""Attributes"":{""Name"":""317""}},{""Tag"":""Sprite"",""Attributes"":{""Name"":""318""}}]"
52,Sticker,#45,10,,"[{""Tag"":""Sprite"",""Attributes"":{""Name"":""319""}},{""Tag"":""Sprite"",""Attributes"":{""Name"":""320""}},{""Tag"":""Sprite"",""Attributes"":{""Name"":""321""}},{""Tag"":""Sprite"",""Attributes"":{""Name"":""322""}},{""Tag"":""Sprite"",""Attributes"":{""Name"":""323""}},{""Tag"":""Sprite"",""Attributes"":{""Name"":""324""}}]"
53,Sticker,#46,5,,"[{""Tag"":""Sprite"",""Attributes"":{""Name"":""325""}},{""Tag"":""Sprite"",""Attributes"":{""Name"":""326""}},{""Tag"":""Sprite"",""Attributes"":{""Name"":""327""}},{""Tag"":""Sprite"",""Attributes"":{""Name"":""328""}},{""Tag"":""Sprite"",""Attributes"":{""Name"":""329""}},{""Tag"":""Sprite"",""Attributes"":{""Name"":""330""}},{""Tag"":""Sprite"",""Attributes"":{""Name"":""331""}},{""Tag"":""Sprite"",""Attributes"":{""Name"":""332""}},{""Tag"":""Sprite"",""Attributes"":{""Name"":""333""}},{""Tag"":""Sprite"",""Attributes"":{""Name"":""334""}}]"
54,Sticker,#47,10,,"[{""Tag"":""Sprite"",""Attributes"":{""Name"":""335""}},{""Tag"":""Sprite"",""Attributes"":{""Name"":""336""}},{""Tag"":""Sprite"",""Attributes"":{""Name"":""337""}}]"
55,Sticker,#48,10,,"[{""Tag"":""Sprite"",""Attributes"":{""Name"":""338""}},{""Tag"":""Sprite"",""Attributes"":{""Name"":""339""}}]"
56,Sticker,#49,10,,"[{""Tag"":""Sprite"",""Attributes"":{""Name"":""340""}},{""Tag"":""Sprite"",""Attributes"":{""Name"":""341""}},{""Tag"":""Sprite"",""Attributes"":{""Name"":""342""}},{""Tag"":""Sprite"",""Attributes"":{""Name"":""343""}},{""Tag"":""Sprite"",""Attributes"":{""Name"":""344""}},{""Tag"":""Sprite"",""Attributes"":{""Name"":""345""}},{""Tag"":""Sprite"",""Attributes"":{""Name"":""346""}},{""Tag"":""Sprite"",""Attributes"":{""Name"":""347""}},{""Tag"":""Sprite"",""Attributes"":{""Name"":""348""}},{""Tag"":""Sprite"",""Attributes"":{""Name"":""349""}},{""Tag"":""Sprite"",""Attributes"":{""Name"":""350""}},{""Tag"":""Sprite"",""Attributes"":{""Name"":""351""}},{""Tag"":""Sprite"",""Attributes"":{""Name"":""352""}},{""Tag"":""Sprite"",""Attributes"":{""Name"":""353""}},{""Tag"":""Sprite"",""Attributes"":{""Name"":""354""}}]"
57,Sticker,#50,10,,"[{""Tag"":""Sprite"",""Attributes"":{""Name"":""355""}},{""Tag"":""Sprite"",""Attributes"":{""Name"":""356""}},{""Tag"":""Sprite"",""Attributes"":{""Name"":""357""}},{""Tag"":""Sprite"",""Attributes"":{""Name"":""358""}},{""Tag"":""Sprite"",""Attributes"":{""Name"":""359""}},{""Tag"":""Sprite"",""Attributes"":{""Name"":""360""}},{""Tag"":""Sprite"",""Attributes"":{""Name"":""361""}},{""Tag"":""Sprite"",""Attributes"":{""Name"":""362""}},{""Tag"":""Sprite"",""Attributes"":{""Name"":""363""}},{""Tag"":""Sprite"",""Attributes"":{""Name"":""364""}},{""Tag"":""Sprite"",""Attributes"":{""Name"":""365""}},{""Tag"":""Sprite"",""Attributes"":{""Name"":""366""}},{""Tag"":""Sprite"",""Attributes"":{""Name"":""367""}},{""Tag"":""Sprite"",""Attributes"":{""Name"":""368""}},{""Tag"":""Sprite"",""Attributes"":{""Name"":""369""}},{""Tag"":""Sprite"",""Attributes"":{""Name"":""370""}},{""Tag"":""Sprite"",""Attributes"":{""Name"":""371""}}]"
58,Sticker,#51,8,,"[{""Tag"":""Sprite"",""Attributes"":{""Name"":""372""}},{""Tag"":""Sprite"",""Attributes"":{""Name"":""373""}},{""Tag"":""Sprite"",""Attributes"":{""Name"":""374""}},{""Tag"":""Sprite"",""Attributes"":{""Name"":""375""}},{""Tag"":""Sprite"",""Attributes"":{""Name"":""376""}},{""Tag"":""Sprite"",""Attributes"":{""Name"":""377""}},{""Tag"":""Sprite"",""Attributes"":{""Name"":""378""}},{""Tag"":""Sprite"",""Attributes"":{""Name"":""379""}},{""Tag"":""Sprite"",""Attributes"":{""Name"":""380""}},{""Tag"":""Sprite"",""Attributes"":{""Name"":""381""}},{""Tag"":""Sprite"",""Attributes"":{""Name"":""382""}},{""Tag"":""Sprite"",""Attributes"":{""Name"":""383""}},{""Tag"":""Sprite"",""Attributes"":{""Name"":""384""}},{""Tag"":""Sprite"",""Attributes"":{""Name"":""385""}},{""Tag"":""Sprite"",""Attributes"":{""Name"":""386""}},{""Tag"":""Sprite"",""Attributes"":{""Name"":""387""}},{""Tag"":""Sprite"",""Attributes"":{""Name"":""388""}},{""Tag"":""Sprite"",""Attributes"":{""Name"":""389""}}]"
59,Sticker,#52,6,,"[{""Tag"":""Sprite"",""Attributes"":{""Name"":""390""}},{""Tag"":""Sprite"",""Attributes"":{""Name"":""391""}},{""Tag"":""Sprite"",""Attributes"":{""Name"":""392""}},{""Tag"":""Sprite"",""Attributes"":{""Name"":""393""}}]"
60,Sticker,#53,6,,"[{""Tag"":""Sprite"",""Attributes"":{""Name"":""394""}},{""Tag"":""Sprite"",""Attributes"":{""Name"":""395""}},{""Tag"":""Sprite"",""Attributes"":{""Name"":""396""}},{""Tag"":""Sprite"",""Attributes"":{""Name"":""397""}},{""Tag"":""Sprite"",""Attributes"":{""Name"":""398""}},{""Tag"":""Sprite"",""Attributes"":{""Name"":""399""}}]"
61,Sticker,#54,6,,"[{""Tag"":""Sprite"",""Attributes"":{""Name"":""400""}},{""Tag"":""Sprite"",""Attributes"":{""Name"":""401""}},{""Tag"":""Sprite"",""Attributes"":{""Name"":""402""}},{""Tag"":""Sprite"",""Attributes"":{""Name"":""403""}},{""Tag"":""Sprite"",""Attributes"":{""Name"":""404""}}]"
62,Sticker,#55,6,,"[{""Tag"":""Sprite"",""Attributes"":{""Name"":""407""}},{""Tag"":""Sprite"",""Attributes"":{""Name"":""408""}},{""Tag"":""Sprite"",""Attributes"":{""Name"":""409""}},{""Tag"":""Sprite"",""Attributes"":{""Name"":""410""}},{""Tag"":""Sprite"",""Attributes"":{""Name"":""411""}},{""Tag"":""Sprite"",""Attributes"":{""Name"":""412""}},{""Tag"":""Sprite"",""Attributes"":{""Name"":""413""}},{""Tag"":""Sprite"",""Attributes"":{""Name"":""414""}},{""Tag"":""Sprite"",""Attributes"":{""Name"":""415""}},{""Tag"":""Sprite"",""Attributes"":{""Name"":""416""}},{""Tag"":""Sprite"",""Attributes"":{""Name"":""417""}}]"
63,Sticker,#56,10,,"[{""Tag"":""Sprite"",""Attributes"":{""Name"":""418""}},{""Tag"":""Sprite"",""Attributes"":{""Name"":""419""}},{""Tag"":""Sprite"",""Attributes"":{""Name"":""420""}},{""Tag"":""Sprite"",""Attributes"":{""Name"":""421""}}]"
64,Sticker,#57,3,,"[{""Tag"":""Sprite"",""Attributes"":{""Name"":""422""}},{""Tag"":""Sprite"",""Attributes"":{""Name"":""423""}},{""Tag"":""Sprite"",""Attributes"":{""Name"":""424""}},{""Tag"":""Sprite"",""Attributes"":{""Name"":""425""}}]"
65,Sticker,#58,8,,"[{""Tag"":""Sprite"",""Attributes"":{""Name"":""426""}},{""Tag"":""Sprite"",""Attributes"":{""Name"":""427""}},{""Tag"":""Sprite"",""Attributes"":{""Name"":""428""}},{""Tag"":""Sprite"",""Attributes"":{""Name"":""429""}},{""Tag"":""Sprite"",""Attributes"":{""Name"":""430""}},{""Tag"":""Sprite"",""Attributes"":{""Name"":""431""}},{""Tag"":""Sprite"",""Attributes"":{""Name"":""432""}},{""Tag"":""Sprite"",""Attributes"":{""Name"":""433""}},{""Tag"":""Sprite"",""Attributes"":{""Name"":""434""}},{""Tag"":""Sprite"",""Attributes"":{""Name"":""435""}},{""Tag"":""Sprite"",""Attributes"":{""Name"":""436""}},{""Tag"":""Sprite"",""Attributes"":{""Name"":""437""}},{""Tag"":""Sprite"",""Attributes"":{""Name"":""438""}},{""Tag"":""Sprite"",""Attributes"":{""Name"":""439""}},{""Tag"":""Sprite"",""Attributes"":{""Name"":""440""}},{""Tag"":""Sprite"",""Attributes"":{""Name"":""441""}},{""Tag"":""Sprite"",""Attributes"":{""Name"":""442""}},{""Tag"":""Sprite"",""Attributes"":{""Name"":""443""}},{""Tag"":""Sprite"",""Attributes"":{""Name"":""444""}}]"
66,Sticker,#59,8,,"[{""Tag"":""Sprite"",""Attributes"":{""Name"":""445""}},{""Tag"":""Sprite"",""Attributes"":{""Name"":""446""}},{""Tag"":""Sprite"",""Attributes"":{""Name"":""447""}},{""Tag"":""Sprite"",""Attributes"":{""Name"":""448""}},{""Tag"":""Sprite"",""Attributes"":{""Name"":""449""}},{""Tag"":""Sprite"",""Attributes"":{""Name"":""450""}},{""Tag"":""Sprite"",""Attributes"":{""Name"":""451""}}]"
67,Sticker,#60,8,,"[{""Tag"":""Sprite"",""Attributes"":{""Name"":""452""}},{""Tag"":""Sprite"",""Attributes"":{""Name"":""453""}},{""Tag"":""Sprite"",""Attributes"":{""Name"":""454""}},{""Tag"":""Sprite"",""Attributes"":{""Name"":""455""}},{""Tag"":""Sprite"",""Attributes"":{""Name"":""456""}},{""Tag"":""Sprite"",""Attributes"":{""Name"":""457""}},{""Tag"":""Sprite"",""Attributes"":{""Name"":""458""}},{""Tag"":""Sprite"",""Attributes"":{""Name"":""459""}},{""Tag"":""Sprite"",""Attributes"":{""Name"":""460""}},{""Tag"":""Sprite"",""Attributes"":{""Name"":""461""}},{""Tag"":""Sprite"",""Attributes"":{""Name"":""462""}},{""Tag"":""Sprite"",""Attributes"":{""Name"":""463""}},{""Tag"":""Sprite"",""Attributes"":{""Name"":""464""}}]"
68,Sticker,#61,5,,"[{""Tag"":""Sprite"",""Attributes"":{""Name"":""465""}},{""Tag"":""Sprite"",""Attributes"":{""Name"":""466""}},{""Tag"":""Sprite"",""Attributes"":{""Name"":""467""}},{""Tag"":""Sprite"",""Attributes"":{""Name"":""468""}},{""Tag"":""Sprite"",""Attributes"":{""Name"":""469""}},{""Tag"":""Sprite"",""Attributes"":{""Name"":""470""}},{""Tag"":""Sprite"",""Attributes"":{""Name"":""471""}}]"
69,Sticker,#62,5,,"[{""Tag"":""Sprite"",""Attributes"":{""Name"":""472""}},{""Tag"":""Sprite"",""Attributes"":{""Name"":""473""}}]"
70,Sticker,#63,3,,"[{""Tag"":""Sprite"",""Attributes"":{""Name"":""474""}},{""Tag"":""Sprite"",""Attributes"":{""Name"":""475""}},{""Tag"":""Sprite"",""Attributes"":{""Name"":""476""}},{""Tag"":""Sprite"",""Attributes"":{""Name"":""477""}}]"
71,Sticker,#64,3,,"[{""Tag"":""Sprite"",""Attributes"":{""Name"":""478""}},{""Tag"":""Sprite"",""Attributes"":{""Name"":""479""}}]"
72,Sticker,#65,6,,"[{""Tag"":""Sprite"",""Attributes"":{""Name"":""480""}},{""Tag"":""Sprite"",""Attributes"":{""Name"":""481""}},{""Tag"":""Sprite"",""Attributes"":{""Name"":""482""}},{""Tag"":""Sprite"",""Attributes"":{""Name"":""483""}},{""Tag"":""Sprite"",""Attributes"":{""Name"":""484""}},{""Tag"":""Sprite"",""Attributes"":{""Name"":""485""}},{""Tag"":""Sprite"",""Attributes"":{""Name"":""486""}},{""Tag"":""Sprite"",""Attributes"":{""Name"":""487""}},{""Tag"":""Sprite"",""Attributes"":{""Name"":""488""}}]"
73,Sticker,#66,6,,"[{""Tag"":""Sprite"",""Attributes"":{""Name"":""489""}},{""Tag"":""Sprite"",""Attributes"":{""Name"":""490""}},{""Tag"":""Sprite"",""Attributes"":{""Name"":""491""}},{""Tag"":""Sprite"",""Attributes"":{""Name"":""492""}},{""Tag"":""Sprite"",""Attributes"":{""Name"":""493""}}]"
74,Sticker,#67,6,,"[{""Tag"":""Sprite"",""Attributes"":{""Name"":""494""}},{""Tag"":""Sprite"",""Attributes"":{""Name"":""495""}},{""Tag"":""Sprite"",""Attributes"":{""Name"":""496""}}]"
75,Sticker,#68,8,,"[{""Tag"":""Sprite"",""Attributes"":{""Name"":""497""}},{""Tag"":""Sprite"",""Attributes"":{""Name"":""498""}},{""Tag"":""Sprite"",""Attributes"":{""Name"":""499""}},{""Tag"":""Sprite"",""Attributes"":{""Name"":""500""}}]"
76,Sticker,#69,20,,"[{""Tag"":""Sprite"",""Attributes"":{""Name"":""501""}},{""Tag"":""Sprite"",""Attributes"":{""Name"":""502""}},{""Tag"":""Sprite"",""Attributes"":{""Name"":""503""}},{""Tag"":""Sprite"",""Attributes"":{""Name"":""504""}}]"
77,Sticker,#70,5,,"[{""Tag"":""Sprite"",""Attributes"":{""Name"":""505""}},{""Tag"":""Sprite"",""Attributes"":{""Name"":""506""}},{""Tag"":""Sprite"",""Attributes"":{""Name"":""507""}},{""Tag"":""Sprite"",""Attributes"":{""Name"":""508""}},{""Tag"":""Sprite"",""Attributes"":{""Name"":""509""}}]"
78,Sticker,#71,5,,"[{""Tag"":""Sprite"",""Attributes"":{""Name"":""510""}},{""Tag"":""Sprite"",""Attributes"":{""Name"":""511""}}]"
79,Sticker,#72,3,,"[{""Tag"":""Sprite"",""Attributes"":{""Name"":""512""}},{""Tag"":""Sprite"",""Attributes"":{""Name"":""513""}},{""Tag"":""Sprite"",""Attributes"":{""Name"":""514""}},{""Tag"":""Sprite"",""Attributes"":{""Name"":""515""}}]"
80,Sticker,#73,5,,"[{""Tag"":""Sprite"",""Attributes"":{""Name"":""516""}},{""Tag"":""Sprite"",""Attributes"":{""Name"":""517""}}]"
81,Sticker,#74,6,,"[{""Tag"":""Sprite"",""Attributes"":{""Name"":""518""}},{""Tag"":""Sprite"",""Attributes"":{""Name"":""519""}},{""Tag"":""Sprite"",""Attributes"":{""Name"":""520""}},{""Tag"":""Sprite"",""Attributes"":{""Name"":""521""}},{""Tag"":""Sprite"",""Attributes"":{""Name"":""522""}},{""Tag"":""Sprite"",""Attributes"":{""Name"":""523""}}]"
82,Sticker,#75,5,,"[{""Tag"":""Sprite"",""Attributes"":{""Name"":""524""}},{""Tag"":""Sprite"",""Attributes"":{""Name"":""525""}},{""Tag"":""Sprite"",""Attributes"":{""Name"":""526""}},{""Tag"":""Sprite"",""Attributes"":{""Name"":""527""}},{""Tag"":""Sprite"",""Attributes"":{""Name"":""528""}},{""Tag"":""Sprite"",""Attributes"":{""Name"":""529""}}]"
83,Sticker,#76,7,,"[{""Tag"":""Sprite"",""Attributes"":{""Name"":""530""}},{""Tag"":""Sprite"",""Attributes"":{""Name"":""531""}},{""Tag"":""Sprite"",""Attributes"":{""Name"":""532""}},{""Tag"":""Sprite"",""Attributes"":{""Name"":""533""}},{""Tag"":""Sprite"",""Attributes"":{""Name"":""534""}},{""Tag"":""Sprite"",""Attributes"":{""Name"":""535""}},{""Tag"":""Sprite"",""Attributes"":{""Name"":""536""}},{""Tag"":""Sprite"",""Attributes"":{""Name"":""537""}},{""Tag"":""Sprite"",""Attributes"":{""Name"":""538""}}]"
84,Sticker,#77,6,,"[{""Tag"":""Sprite"",""Attributes"":{""Name"":""539""}},{""Tag"":""Sprite"",""Attributes"":{""Name"":""540""}}]"
85,Sticker,#78,3,,"[{""Tag"":""Sprite"",""Attributes"":{""Name"":""541""}},{""Tag"":""Sprite"",""Attributes"":{""Name"":""542""}}]"
86,Sticker,#79,5,,"[{""Tag"":""Sprite"",""Attributes"":{""Name"":""543""}},{""Tag"":""Sprite"",""Attributes"":{""Name"":""544""}},{""Tag"":""Sprite"",""Attributes"":{""Name"":""545""}},{""Tag"":""Sprite"",""Attributes"":{""Name"":""546""}},{""Tag"":""Sprite"",""Attributes"":{""Name"":""547""}},{""Tag"":""Sprite"",""Attributes"":{""Name"":""548""}},{""Tag"":""Sprite"",""Attributes"":{""Name"":""549""}},{""Tag"":""Sprite"",""Attributes"":{""Name"":""550""}},{""Tag"":""Sprite"",""Attributes"":{""Name"":""551""}}]"
87,Sticker,#80,3,,"[{""Tag"":""Sprite"",""Attributes"":{""Name"":""552""}},{""Tag"":""Sprite"",""Attributes"":{""Name"":""553""}},{""Tag"":""Sprite"",""Attributes"":{""Name"":""554""}},{""Tag"":""Sprite"",""Attributes"":{""Name"":""555""}}]"
88,Sticker,#81,6,,"[{""Tag"":""Sprite"",""Attributes"":{""Name"":""556""}},{""Tag"":""Sprite"",""Attributes"":{""Name"":""557""}},{""Tag"":""Sprite"",""Attributes"":{""Name"":""558""}},{""Tag"":""Sprite"",""Attributes"":{""Name"":""559""}}]"
89,Sticker,#82,2,,"[{""Tag"":""Sprite"",""Attributes"":{""Name"":""560""}},{""Tag"":""Sprite"",""Attributes"":{""Name"":""561""}},{""Tag"":""Sprite"",""Attributes"":{""Name"":""562""}}]"
90,Sticker,#83,5,,"[{""Tag"":""Sprite"",""Attributes"":{""Name"":""563""}},{""Tag"":""Sprite"",""Attributes"":{""Name"":""564""}}]"
91,Sticker,#84,6,,"[{""Tag"":""Sprite"",""Attributes"":{""Name"":""565""}},{""Tag"":""Sprite"",""Attributes"":{""Name"":""566""}},{""Tag"":""Sprite"",""Attributes"":{""Name"":""567""}},{""Tag"":""Sprite"",""Attributes"":{""Name"":""568""}},{""Tag"":""Sprite"",""Attributes"":{""Name"":""569""}},{""Tag"":""Sprite"",""Attributes"":{""Name"":""570""}},{""Tag"":""Sprite"",""Attributes"":{""Name"":""571""}},{""Tag"":""Sprite"",""Attributes"":{""Name"":""572""}}]"
92,Sticker,#85,6,,"[{""Tag"":""Sprite"",""Attributes"":{""Name"":""573""}},{""Tag"":""Sprite"",""Attributes"":{""Name"":""574""}}]"
93,Sticker,#86,6,,"[{""Tag"":""Sprite"",""Attributes"":{""Name"":""575""}},{""Tag"":""Sprite"",""Attributes"":{""Name"":""576""}},{""Tag"":""Sprite"",""Attributes"":{""Name"":""577""}},{""Tag"":""Sprite"",""Attributes"":{""Name"":""578""}},{""Tag"":""Sprite"",""Attributes"":{""Name"":""579""}},{""Tag"":""Sprite"",""Attributes"":{""Name"":""580""}},{""Tag"":""Sprite"",""Attributes"":{""Name"":""581""}}]"
94,Sticker,#87,6,,"[{""Tag"":""Sprite"",""Attributes"":{""Name"":""582""}},{""Tag"":""Sprite"",""Attributes"":{""Name"":""583""}},{""Tag"":""Sprite"",""Attributes"":{""Name"":""584""}},{""Tag"":""Sprite"",""Attributes"":{""Name"":""585""}},{""Tag"":""Sprite"",""Attributes"":{""Name"":""586""}},{""Tag"":""Sprite"",""Attributes"":{""Name"":""587""}}]"
95,Sticker,#88,8,,"[{""Tag"":""Sprite"",""Attributes"":{""Name"":""588""}},{""Tag"":""Sprite"",""Attributes"":{""Name"":""589""}},{""Tag"":""Sprite"",""Attributes"":{""Name"":""590""}},{""Tag"":""Sprite"",""Attributes"":{""Name"":""591""}},{""Tag"":""Sprite"",""Attributes"":{""Name"":""592""}},{""Tag"":""Sprite"",""Attributes"":{""Name"":""593""}},{""Tag"":""Sprite"",""Attributes"":{""Name"":""594""}},{""Tag"":""Sprite"",""Attributes"":{""Name"":""595""}},{""Tag"":""Sprite"",""Attributes"":{""Name"":""596""}},{""Tag"":""Sprite"",""Attributes"":{""Name"":""597""}},{""Tag"":""Sprite"",""Attributes"":{""Name"":""598""}},{""Tag"":""Sprite"",""Attributes"":{""Name"":""599""}},{""Tag"":""Sprite"",""Attributes"":{""Name"":""600""}},{""Tag"":""Sprite"",""Attributes"":{""Name"":""601""}},{""Tag"":""Sprite"",""Attributes"":{""Name"":""602""}},{""Tag"":""Sprite"",""Attributes"":{""Name"":""603""}}]"
96,Sticker,#89,6,,"[{""Tag"":""Sprite"",""Attributes"":{""Name"":""604""}},{""Tag"":""Sprite"",""Attributes"":{""Name"":""605""}}]"
97,Sticker,#90,5,,"[{""Tag"":""Sprite"",""Attributes"":{""Name"":""606""}},{""Tag"":""Sprite"",""Attributes"":{""Name"":""607""}}]"
98,Sticker,#91,5,,"[{""Tag"":""Sprite"",""Attributes"":{""Name"":""608""}},{""Tag"":""Sprite"",""Attributes"":{""Name"":""609""}},{""Tag"":""Sprite"",""Attributes"":{""Name"":""610""}},{""Tag"":""Sprite"",""Attributes"":{""Name"":""611""}}]"
99,Sticker,#92,5,,"[{""Tag"":""Sprite"",""Attributes"":{""Name"":""612""}},{""Tag"":""Sprite"",""Attributes"":{""Name"":""613""}},{""Tag"":""Sprite"",""Attributes"":{""Name"":""614""}},{""Tag"":""Sprite"",""Attributes"":{""Name"":""615""}},{""Tag"":""Sprite"",""Attributes"":{""Name"":""616""}},{""Tag"":""Sprite"",""Attributes"":{""Name"":""617""}},{""Tag"":""Sprite"",""Attributes"":{""Name"":""618""}},{""Tag"":""Sprite"",""Attributes"":{""Name"":""619""}},{""Tag"":""Sprite"",""Attributes"":{""Name"":""620""}},{""Tag"":""Sprite"",""Attributes"":{""Name"":""621""}}]"
100,Sticker,#93,5,,"[{""Tag"":""Sprite"",""Attributes"":{""Name"":""622""}},{""Tag"":""Sprite"",""Attributes"":{""Name"":""623""}}]"
101,Sticker,#94,5,,"[{""Tag"":""Sprite"",""Attributes"":{""Name"":""624""}},{""Tag"":""Sprite"",""Attributes"":{""Name"":""625""}},{""Tag"":""Sprite"",""Attributes"":{""Name"":""626""}},{""Tag"":""Sprite"",""Attributes"":{""Name"":""627""}}]"
102,Sticker,#95,10,,"[{""Tag"":""Sprite"",""Attributes"":{""Name"":""628""}},{""Tag"":""Sprite"",""Attributes"":{""Name"":""629""}},{""Tag"":""Sprite"",""Attributes"":{""Name"":""630""}},{""Tag"":""Sprite"",""Attributes"":{""Name"":""631""}},{""Tag"":""Sprite"",""Attributes"":{""Name"":""632""}},{""Tag"":""Sprite"",""Attributes"":{""Name"":""633""}},{""Tag"":""Sprite"",""Attributes"":{""Name"":""634""}},{""Tag"":""Sprite"",""Attributes"":{""Name"":""635""}},{""Tag"":""Sprite"",""Attributes"":{""Name"":""636""}}]"
103,Sticker,#96,5,,"[{""Tag"":""Sprite"",""Attributes"":{""Name"":""637""}},{""Tag"":""Sprite"",""Attributes"":{""Name"":""638""}},{""Tag"":""Sprite"",""Attributes"":{""Name"":""639""}},{""Tag"":""Sprite"",""Attributes"":{""Name"":""640""}},{""Tag"":""Sprite"",""Attributes"":{""Name"":""641""}},{""Tag"":""Sprite"",""Attributes"":{""Name"":""642""}},{""Tag"":""Sprite"",""Attributes"":{""Name"":""643""}},{""Tag"":""Sprite"",""Attributes"":{""Name"":""644""}}]"
104,Sticker,#97,5,,"[{""Tag"":""Sprite"",""Attributes"":{""Name"":""645""}},{""Tag"":""Sprite"",""Attributes"":{""Name"":""646""}},{""Tag"":""Sprite"",""Attributes"":{""Name"":""647""}}]"
105,Sticker,#98,5,,"[{""Tag"":""Sprite"",""Attributes"":{""Name"":""648""}},{""Tag"":""Sprite"",""Attributes"":{""Name"":""649""}},{""Tag"":""Sprite"",""Attributes"":{""Name"":""650""}},{""Tag"":""Sprite"",""Attributes"":{""Name"":""651""}},{""Tag"":""Sprite"",""Attributes"":{""Name"":""652""}}]"
106,Sticker,#99,5,,"[{""Tag"":""Sprite"",""Attributes"":{""Name"":""653""}},{""Tag"":""Sprite"",""Attributes"":{""Name"":""654""}},{""Tag"":""Sprite"",""Attributes"":{""Name"":""655""}},{""Tag"":""Sprite"",""Attributes"":{""Name"":""656""}},{""Tag"":""Sprite"",""Attributes"":{""Name"":""657""}},{""Tag"":""Sprite"",""Attributes"":{""Name"":""658""}}]"
107,Sticker,#100,3,,"[{""Tag"":""Sprite"",""Attributes"":{""Name"":""659""}},{""Tag"":""Sprite"",""Attributes"":{""Name"":""660""}},{""Tag"":""Sprite"",""Attributes"":{""Name"":""661""}},{""Tag"":""Sprite"",""Attributes"":{""Name"":""662""}}]"
108,Sticker,#101,4,,"[{""Tag"":""Sprite"",""Attributes"":{""Name"":""100_00""}},{""Tag"":""Sprite"",""Attributes"":{""Name"":""100_01""}},{""Tag"":""Sprite"",""Attributes"":{""Name"":""100_02""}},{""Tag"":""Sprite"",""Attributes"":{""Name"":""100_03""}},{""Tag"":""Sprite"",""Attributes"":{""Name"":""100_04""}},{""Tag"":""Sprite"",""Attributes"":{""Name"":""100_05""}},{""Tag"":""Sprite"",""Attributes"":{""Name"":""100_06""}}]"
109,Sticker,#102,4,,"[{""Tag"":""Sprite"",""Attributes"":{""Name"":""101_00""}},{""Tag"":""Sprite"",""Attributes"":{""Name"":""101_01""}},{""Tag"":""Sprite"",""Attributes"":{""Name"":""101_02""}},{""Tag"":""Sprite"",""Attributes"":{""Name"":""101_03""}},{""Tag"":""Sprite"",""Attributes"":{""Name"":""101_04""}},{""Tag"":""Sprite"",""Attributes"":{""Name"":""101_05""}},{""Tag"":""Sprite"",""Attributes"":{""Name"":""101_06""}},{""Tag"":""Sprite"",""Attributes"":{""Name"":""101_07""}}]"
110,Sticker,#103,4,,"[{""Tag"":""Sprite"",""Attributes"":{""Name"":""102_00""}},{""Tag"":""Sprite"",""Attributes"":{""Name"":""102_01""}},{""Tag"":""Sprite"",""Attributes"":{""Name"":""102_02""}}]"
111,Sticker,#104,4,,"[{""Tag"":""Sprite"",""Attributes"":{""Name"":""103_00""}},{""Tag"":""Sprite"",""Attributes"":{""Name"":""103_01""}},{""Tag"":""Sprite"",""Attributes"":{""Name"":""103_02""}},{""Tag"":""Sprite"",""Attributes"":{""Name"":""103_03""}},{""Tag"":""Sprite"",""Attributes"":{""Name"":""103_04""}},{""Tag"":""Sprite"",""Attributes"":{""Name"":""103_05""}},{""Tag"":""Sprite"",""Attributes"":{""Name"":""103_06""}},{""Tag"":""Sprite"",""Attributes"":{""Name"":""103_07""}},{""Tag"":""Sprite"",""Attributes"":{""Name"":""103_08""}},{""Tag"":""Sprite"",""Attributes"":{""Name"":""103_09""}},{""Tag"":""Sprite"",""Attributes"":{""Name"":""103_10""}}]"
112,Sticker,#105,4,,"[{""Tag"":""Sprite"",""Attributes"":{""Name"":""104_00""}},{""Tag"":""Sprite"",""Attributes"":{""Name"":""104_01""}},{""Tag"":""Sprite"",""Attributes"":{""Name"":""104_02""}},{""Tag"":""Sprite"",""Attributes"":{""Name"":""104_03""}}]"
113,Sticker,#106,4,,"[{""Tag"":""Sprite"",""Attributes"":{""Name"":""105_00""}},{""Tag"":""Sprite"",""Attributes"":{""Name"":""105_01""}},{""Tag"":""Sprite"",""Attributes"":{""Name"":""105_02""}}]"
114,Sticker,#107,4,,"[{""Tag"":""Sprite"",""Attributes"":{""Name"":""106_00""}},{""Tag"":""Sprite"",""Attributes"":{""Name"":""106_01""}},{""Tag"":""Sprite"",""Attributes"":{""Name"":""106_02""}},{""Tag"":""Sprite"",""Attributes"":{""Name"":""106_03""}}]"
115,Sticker,#108,4,,"[{""Tag"":""Sprite"",""Attributes"":{""Name"":""107_00""}},{""Tag"":""Sprite"",""Attributes"":{""Name"":""107_01""}},{""Tag"":""Sprite"",""Attributes"":{""Name"":""107_02""}},{""Tag"":""Sprite"",""Attributes"":{""Name"":""107_03""}}]"
116,Sticker,#109,4,,"[{""Tag"":""Sprite"",""Attributes"":{""Name"":""108_00""}},{""Tag"":""Sprite"",""Attributes"":{""Name"":""108_01""}},{""Tag"":""Sprite"",""Attributes"":{""Name"":""108_02""}},{""Tag"":""Sprite"",""Attributes"":{""Name"":""108_03""}},{""Tag"":""Sprite"",""Attributes"":{""Name"":""108_04""}},{""Tag"":""Sprite"",""Attributes"":{""Name"":""108_05""}},{""Tag"":""Sprite"",""Attributes"":{""Name"":""108_06""}},{""Tag"":""Sprite"",""Attributes"":{""Name"":""108_07""}}]"
117,Sticker,#110,4,,"[{""Tag"":""Sprite"",""Attributes"":{""Name"":""109_00""}},{""Tag"":""Sprite"",""Attributes"":{""Name"":""109_01""}},{""Tag"":""Sprite"",""Attributes"":{""Name"":""109_02""}},{""Tag"":""Sprite"",""Attributes"":{""Name"":""109_03""}}]"
118,Sticker,#111,4,,"[{""Tag"":""Sprite"",""Attributes"":{""Name"":""110_00""}},{""Tag"":""Sprite"",""Attributes"":{""Name"":""110_01""}},{""Tag"":""Sprite"",""Attributes"":{""Name"":""110_02""}},{""Tag"":""Sprite"",""Attributes"":{""Name"":""110_03""}},{""Tag"":""Sprite"",""Attributes"":{""Name"":""110_04""}},{""Tag"":""Sprite"",""Attributes"":{""Name"":""110_05""}},{""Tag"":""Sprite"",""Attributes"":{""Name"":""110_06""}},{""Tag"":""Sprite"",""Attributes"":{""Name"":""110_07""}}]"
119,Sticker,#112,4,,"[{""Tag"":""Sprite"",""Attributes"":{""Name"":""111_00""}},{""Tag"":""Sprite"",""Attributes"":{""Name"":""111_01""}},{""Tag"":""Sprite"",""Attributes"":{""Name"":""111_02""}},{""Tag"":""Sprite"",""Attributes"":{""Name"":""111_03""}}]"
120,Sticker,#113,4,,"[{""Tag"":""Sprite"",""Attributes"":{""Name"":""112_00""}},{""Tag"":""Sprite"",""Attributes"":{""Name"":""112_01""}}]"
121,Sticker,#114,4,,"[{""Tag"":""Sprite"",""Attributes"":{""Name"":""113_00""}},{""Tag"":""Sprite"",""Attributes"":{""Name"":""113_01""}},{""Tag"":""Sprite"",""Attributes"":{""Name"":""113_02""}},{""Tag"":""Sprite"",""Attributes"":{""Name"":""113_03""}},{""Tag"":""Sprite"",""Attributes"":{""Name"":""113_04""}},{""Tag"":""Sprite"",""Attributes"":{""Name"":""113_05""}},{""Tag"":""Sprite"",""Attributes"":{""Name"":""113_06""}},{""Tag"":""Sprite"",""Attributes"":{""Name"":""113_07""}},{""Tag"":""Sprite"",""Attributes"":{""Name"":""113_08""}},{""Tag"":""Sprite"",""Attributes"":{""Name"":""113_09""}},{""Tag"":""Sprite"",""Attributes"":{""Name"":""113_10""}},{""Tag"":""Sprite"",""Attributes"":{""Name"":""113_11""}}]"
122,Sticker,#115,4,,"[{""Tag"":""Sprite"",""Attributes"":{""Name"":""114_00""}},{""Tag"":""Sprite"",""Attributes"":{""Name"":""114_01""}}]"
123,Sticker,#116,4,,"[{""Tag"":""Sprite"",""Attributes"":{""Name"":""115_00""}},{""Tag"":""Sprite"",""Attributes"":{""Name"":""115_01""}},{""Tag"":""Sprite"",""Attributes"":{""Name"":""115_02""}},{""Tag"":""Sprite"",""Attributes"":{""Name"":""115_03""}},{""Tag"":""Sprite"",""Attributes"":{""Name"":""115_04""}}]"
124,Sticker,#117,4,,"[{""Tag"":""Sprite"",""Attributes"":{""Name"":""116_00""}},{""Tag"":""Sprite"",""Attributes"":{""Name"":""116_01""}},{""Tag"":""Sprite"",""Attributes"":{""Name"":""116_02""}},{""Tag"":""Sprite"",""Attributes"":{""Name"":""116_03""}}]"
125,Sticker,#118,4,,"[{""Tag"":""Sprite"",""Attributes"":{""Name"":""117_00""}},{""Tag"":""Sprite"",""Attributes"":{""Name"":""117_01""}},{""Tag"":""Sprite"",""Attributes"":{""Name"":""117_02""}},{""Tag"":""Sprite"",""Attributes"":{""Name"":""117_03""}},{""Tag"":""Sprite"",""Attributes"":{""Name"":""117_04""}},{""Tag"":""Sprite"",""Attributes"":{""Name"":""117_05""}},{""Tag"":""Sprite"",""Attributes"":{""Name"":""117_06""}},{""Tag"":""Sprite"",""Attributes"":{""Name"":""117_07""}},{""Tag"":""Sprite"",""Attributes"":{""Name"":""117_08""}},{""Tag"":""Sprite"",""Attributes"":{""Name"":""117_09""}},{""Tag"":""Sprite"",""Attributes"":{""Name"":""117_10""}},{""Tag"":""Sprite"",""Attributes"":{""Name"":""117_11""}},{""Tag"":""Sprite"",""Attributes"":{""Name"":""117_12""}},{""Tag"":""Sprite"",""Attributes"":{""Name"":""117_13""}},{""Tag"":""Sprite"",""Attributes"":{""Name"":""117_14""}},{""Tag"":""Sprite"",""Attributes"":{""Name"":""117_15""}}]"
126,Sticker,#119,4,,"[{""Tag"":""Sprite"",""Attributes"":{""Name"":""118_00""}},{""Tag"":""Sprite"",""Attributes"":{""Name"":""118_01""}},{""Tag"":""Sprite"",""Attributes"":{""Name"":""118_02""}},{""Tag"":""Sprite"",""Attributes"":{""Name"":""118_03""}},{""Tag"":""Sprite"",""Attributes"":{""Name"":""118_04""}},{""Tag"":""Sprite"",""Attributes"":{""Name"":""118_05""}},{""Tag"":""Sprite"",""Attributes"":{""Name"":""118_06""}}]"
127,Sticker,#120,4,,"[{""Tag"":""Sprite"",""Attributes"":{""Name"":""119_00""}},{""Tag"":""Sprite"",""Attributes"":{""Name"":""119_01""}}]"
128,Sticker,#121,4,,"[{""Tag"":""Sprite"",""Attributes"":{""Name"":""120_00""}},{""Tag"":""Sprite"",""Attributes"":{""Name"":""120_01""}},{""Tag"":""Sprite"",""Attributes"":{""Name"":""120_02""}},{""Tag"":""Sprite"",""Attributes"":{""Name"":""120_03""}},{""Tag"":""Sprite"",""Attributes"":{""Name"":""120_04""}},{""Tag"":""Sprite"",""Attributes"":{""Name"":""120_05""}},{""Tag"":""Sprite"",""Attributes"":{""Name"":""120_06""}},{""Tag"":""Sprite"",""Attributes"":{""Name"":""120_07""}}]"
129,Sticker,#122,4,,"[{""Tag"":""Sprite"",""Attributes"":{""Name"":""121_00""}},{""Tag"":""Sprite"",""Attributes"":{""Name"":""121_01""}}]"
130,Sticker,#123,4,,"[{""Tag"":""Sprite"",""Attributes"":{""Name"":""122_00""}},{""Tag"":""Sprite"",""Attributes"":{""Name"":""122_01""}}]"
131,Sticker,#124,4,,"[{""Tag"":""Sprite"",""Attributes"":{""Name"":""123_00""}},{""Tag"":""Sprite"",""Attributes"":{""Name"":""123_01""}},{""Tag"":""Sprite"",""Attributes"":{""Name"":""123_02""}},{""Tag"":""Sprite"",""Attributes"":{""Name"":""123_03""}},{""Tag"":""Sprite"",""Attributes"":{""Name"":""123_04""}},{""Tag"":""Sprite"",""Attributes"":{""Name"":""123_05""}},{""Tag"":""Sprite"",""Attributes"":{""Name"":""123_06""}},{""Tag"":""Sprite"",""Attributes"":{""Name"":""123_07""}},{""Tag"":""Sprite"",""Attributes"":{""Name"":""123_08""}},{""Tag"":""Sprite"",""Attributes"":{""Name"":""123_09""}},{""Tag"":""Sprite"",""Attributes"":{""Name"":""123_10""}}]"
132,Sticker,#125,4,,"[{""Tag"":""Sprite"",""Attributes"":{""Name"":""124_00""}},{""Tag"":""Sprite"",""Attributes"":{""Name"":""124_01""}}]"
133,Sticker,#126,4,,"[{""Tag"":""Sprite"",""Attributes"":{""Name"":""125_00""}},{""Tag"":""Sprite"",""Attributes"":{""Name"":""125_01""}},{""Tag"":""Sprite"",""Attributes"":{""Name"":""125_02""}},{""Tag"":""Sprite"",""Attributes"":{""Name"":""125_03""}},{""Tag"":""Sprite"",""Attributes"":{""Name"":""125_04""}},{""Tag"":""Sprite"",""Attributes"":{""Name"":""125_05""}},{""Tag"":""Sprite"",""Attributes"":{""Name"":""125_06""}},{""Tag"":""Sprite"",""Attributes"":{""Name"":""125_07""}}]"
134,Sticker,#127,4,,"[{""Tag"":""Sprite"",""Attributes"":{""Name"":""126_00""}},{""Tag"":""Sprite"",""Attributes"":{""Name"":""126_01""}}]"
135,Sticker,#128,4,,"[{""Tag"":""Sprite"",""Attributes"":{""Name"":""127_00""}},{""Tag"":""Sprite"",""Attributes"":{""Name"":""127_01""}}]"
136,Sticker,#129,4,,"[{""Tag"":""Sprite"",""Attributes"":{""Name"":""128_00""}},{""Tag"":""Sprite"",""Attributes"":{""Name"":""128_01""}},{""Tag"":""Sprite"",""Attributes"":{""Name"":""128_02""}},{""Tag"":""Sprite"",""Attributes"":{""Name"":""128_03""}},{""Tag"":""Sprite"",""Attributes"":{""Name"":""128_04""}}]"
137,Sticker,#130,4,,"[{""Tag"":""Sprite"",""Attributes"":{""Name"":""129_00""}},{""Tag"":""Sprite"",""Attributes"":{""Name"":""129_01""}},{""Tag"":""Sprite"",""Attributes"":{""Name"":""129_02""}},{""Tag"":""Sprite"",""Attributes"":{""Name"":""129_03""}}]"
138,Sticker,#131,4,,"[{""Tag"":""Sprite"",""Attributes"":{""Name"":""130_00""}},{""Tag"":""Sprite"",""Attributes"":{""Name"":""130_01""}},{""Tag"":""Sprite"",""Attributes"":{""Name"":""130_02""}}]"
139,Sticker,#132,4,,"[{""Tag"":""Sprite"",""Attributes"":{""Name"":""131_00""}},{""Tag"":""Sprite"",""Attributes"":{""Name"":""131_01""}},{""Tag"":""Sprite"",""Attributes"":{""Name"":""131_02""}}]"
140,Sticker,#133,4,,"[{""Tag"":""Sprite"",""Attributes"":{""Name"":""132_00""}},{""Tag"":""Sprite"",""Attributes"":{""Name"":""132_01""}}]"
141,Sticker,#134,4,,"[{""Tag"":""Sprite"",""Attributes"":{""Name"":""133_00""}},{""Tag"":""Sprite"",""Attributes"":{""Name"":""133_01""}},{""Tag"":""Sprite"",""Attributes"":{""Name"":""133_02""}},{""Tag"":""Sprite"",""Attributes"":{""Name"":""133_03""}}]"
142,Sticker,#135,4,,"[{""Tag"":""Sprite"",""Attributes"":{""Name"":""134_00""}},{""Tag"":""Sprite"",""Attributes"":{""Name"":""134_01""}},{""Tag"":""Sprite"",""Attributes"":{""Name"":""134_02""}},{""Tag"":""Sprite"",""Attributes"":{""Name"":""134_03""}},{""Tag"":""Sprite"",""Attributes"":{""Name"":""134_04""}},{""Tag"":""Sprite"",""Attributes"":{""Name"":""134_05""}},{""Tag"":""Sprite"",""Attributes"":{""Name"":""134_06""}},{""Tag"":""Sprite"",""Attributes"":{""Name"":""134_07""}}]"
143,Sticker,#136,4,,"[{""Tag"":""Sprite"",""Attributes"":{""Name"":""135_00""}},{""Tag"":""Sprite"",""Attributes"":{""Name"":""135_01""}}]"
144,Sticker,#137,4,,"[{""Tag"":""Sprite"",""Attributes"":{""Name"":""136_00""}},{""Tag"":""Sprite"",""Attributes"":{""Name"":""136_01""}},{""Tag"":""Sprite"",""Attributes"":{""Name"":""136_02""}},{""Tag"":""Sprite"",""Attributes"":{""Name"":""136_03""}},{""Tag"":""Sprite"",""Attributes"":{""Name"":""136_04""}},{""Tag"":""Sprite"",""Attributes"":{""Name"":""136_05""}},{""Tag"":""Sprite"",""Attributes"":{""Name"":""136_06""}},{""Tag"":""Sprite"",""Attributes"":{""Name"":""136_07""}},{""Tag"":""Sprite"",""Attributes"":{""Name"":""136_08""}},{""Tag"":""Sprite"",""Attributes"":{""Name"":""136_09""}},{""Tag"":""Sprite"",""Attributes"":{""Name"":""136_10""}},{""Tag"":""Sprite"",""Attributes"":{""Name"":""136_11""}},{""Tag"":""Sprite"",""Attributes"":{""Name"":""136_12""}},{""Tag"":""Sprite"",""Attributes"":{""Name"":""136_13""}},{""Tag"":""Sprite"",""Attributes"":{""Name"":""136_14""}},{""Tag"":""Sprite"",""Attributes"":{""Name"":""136_15""}},{""Tag"":""Sprite"",""Attributes"":{""Name"":""136_16""}}]"
145,Sticker,#138,4,,"[{""Tag"":""Sprite"",""Attributes"":{""Name"":""137_00""}},{""Tag"":""Sprite"",""Attributes"":{""Name"":""137_01""}},{""Tag"":""Sprite"",""Attributes"":{""Name"":""137_02""}},{""Tag"":""Sprite"",""Attributes"":{""Name"":""137_03""}}]"
146,Sticker,#139,4,,"[{""Tag"":""Sprite"",""Attributes"":{""Name"":""138_00""}},{""Tag"":""Sprite"",""Attributes"":{""Name"":""138_01""}}]"
147,Sticker,#140,4,,"[{""Tag"":""Sprite"",""Attributes"":{""Name"":""139_00""}},{""Tag"":""Sprite"",""Attributes"":{""Name"":""139_01""}},{""Tag"":""Sprite"",""Attributes"":{""Name"":""139_02""}}]"
148,Sticker,#141,4,,"[{""Tag"":""Sprite"",""Attributes"":{""Name"":""140_00""}},{""Tag"":""Sprite"",""Attributes"":{""Name"":""140_01""}},{""Tag"":""Sprite"",""Attributes"":{""Name"":""140_02""}},{""Tag"":""Sprite"",""Attributes"":{""Name"":""140_03""}}]"
149,Sticker,#142,4,,"[{""Tag"":""Sprite"",""Attributes"":{""Name"":""141_00""}},{""Tag"":""Sprite"",""Attributes"":{""Name"":""141_01""}},{""Tag"":""Sprite"",""Attributes"":{""Name"":""141_02""}},{""Tag"":""Sprite"",""Attributes"":{""Name"":""141_03""}},{""Tag"":""Sprite"",""Attributes"":{""Name"":""141_04""}},{""Tag"":""Sprite"",""Attributes"":{""Name"":""141_05""}},{""Tag"":""Sprite"",""Attributes"":{""Name"":""141_06""}}]"
150,Sticker,#143,4,,"[{""Tag"":""Sprite"",""Attributes"":{""Name"":""142_00""}},{""Tag"":""Sprite"",""Attributes"":{""Name"":""142_01""}},{""Tag"":""Sprite"",""Attributes"":{""Name"":""142_02""}},{""Tag"":""Sprite"",""Attributes"":{""Name"":""142_03""}},{""Tag"":""Sprite"",""Attributes"":{""Name"":""142_04""}},{""Tag"":""Sprite"",""Attributes"":{""Name"":""142_05""}},{""Tag"":""Sprite"",""Attributes"":{""Name"":""142_06""}},{""Tag"":""Sprite"",""Attributes"":{""Name"":""142_07""}},{""Tag"":""Sprite"",""Attributes"":{""Name"":""142_08""}}]"
151,Sticker,#144,4,,"[{""Tag"":""Sprite"",""Attributes"":{""Name"":""143_00""}},{""Tag"":""Sprite"",""Attributes"":{""Name"":""143_01""}},{""Tag"":""Sprite"",""Attributes"":{""Name"":""143_02""}},{""Tag"":""Sprite"",""Attributes"":{""Name"":""143_03""}},{""Tag"":""Sprite"",""Attributes"":{""Name"":""143_04""}},{""Tag"":""Sprite"",""Attributes"":{""Name"":""143_05""}},{""Tag"":""Sprite"",""Attributes"":{""Name"":""143_06""}}]"
152,Sticker,#145,4,,"[{""Tag"":""Sprite"",""Attributes"":{""Name"":""144_00""}},{""Tag"":""Sprite"",""Attributes"":{""Name"":""144_01""}},{""Tag"":""Sprite"",""Attributes"":{""Name"":""144_02""}},{""Tag"":""Sprite"",""Attributes"":{""Name"":""144_03""}},{""Tag"":""Sprite"",""Attributes"":{""Name"":""144_04""}},{""Tag"":""Sprite"",""Attributes"":{""Name"":""144_05""}},{""Tag"":""Sprite"",""Attributes"":{""Name"":""144_06""}},{""Tag"":""Sprite"",""Attributes"":{""Name"":""144_07""}},{""Tag"":""Sprite"",""Attributes"":{""Name"":""144_08""}},{""Tag"":""Sprite"",""Attributes"":{""Name"":""144_09""}},{""Tag"":""Sprite"",""Attributes"":{""Name"":""144_10""}},{""Tag"":""Sprite"",""Attributes"":{""Name"":""144_11""}}]"
153,Sticker,#146,4,,"[{""Tag"":""Sprite"",""Attributes"":{""Name"":""145_00""}},{""Tag"":""Sprite"",""Attributes"":{""Name"":""145_01""}},{""Tag"":""Sprite"",""Attributes"":{""Name"":""145_02""}},{""Tag"":""Sprite"",""Attributes"":{""Name"":""145_03""}},{""Tag"":""Sprite"",""Attributes"":{""Name"":""145_04""}},{""Tag"":""Sprite"",""Attributes"":{""Name"":""145_05""}}]"
154,Sticker,#147,4,,"[{""Tag"":""Sprite"",""Attributes"":{""Name"":""146_00""}},{""Tag"":""Sprite"",""Attributes"":{""Name"":""146_01""}},{""Tag"":""Sprite"",""Attributes"":{""Name"":""146_02""}},{""Tag"":""Sprite"",""Attributes"":{""Name"":""146_03""}}]"
155,Sticker,#148,4,,"[{""Tag"":""Sprite"",""Attributes"":{""Name"":""147_00""}},{""Tag"":""Sprite"",""Attributes"":{""Name"":""147_01""}},{""Tag"":""Sprite"",""Attributes"":{""Name"":""147_02""}},{""Tag"":""Sprite"",""Attributes"":{""Name"":""147_03""}},{""Tag"":""Sprite"",""Attributes"":{""Name"":""147_04""}},{""Tag"":""Sprite"",""Attributes"":{""Name"":""147_05""}},{""Tag"":""Sprite"",""Attributes"":{""Name"":""147_06""}},{""Tag"":""Sprite"",""Attributes"":{""Name"":""147_07""}},{""Tag"":""Sprite"",""Attributes"":{""Name"":""147_08""}}]"
156,Sticker,#149,4,,"[{""Tag"":""Sprite"",""Attributes"":{""Name"":""148_00""}},{""Tag"":""Sprite"",""Attributes"":{""Name"":""148_01""}},{""Tag"":""Sprite"",""Attributes"":{""Name"":""148_02""}},{""Tag"":""Sprite"",""Attributes"":{""Name"":""148_03""}}]"
157,Sticker,#150,4,,"[{""Tag"":""Sprite"",""Attributes"":{""Name"":""149_00""}},{""Tag"":""Sprite"",""Attributes"":{""Name"":""149_01""}}]"
158,Sticker,#151,4,,"[{""Tag"":""Sprite"",""Attributes"":{""Name"":""150_00""}},{""Tag"":""Sprite"",""Attributes"":{""Name"":""150_01""}},{""Tag"":""Sprite"",""Attributes"":{""Name"":""150_02""}},{""Tag"":""Sprite"",""Attributes"":{""Name"":""150_03""}},{""Tag"":""Sprite"",""Attributes"":{""Name"":""150_04""}},{""Tag"":""Sprite"",""Attributes"":{""Name"":""150_05""}},{""Tag"":""Sprite"",""Attributes"":{""Name"":""150_06""}},{""Tag"":""Sprite"",""Attributes"":{""Name"":""150_07""}},{""Tag"":""Sprite"",""Attributes"":{""Name"":""150_08""}},{""Tag"":""Sprite"",""Attributes"":{""Name"":""150_09""}}]"
159,Sticker,#152,4,,"[{""Tag"":""Sprite"",""Attributes"":{""Name"":""151_00""}},{""Tag"":""Sprite"",""Attributes"":{""Name"":""151_01""}},{""Tag"":""Sprite"",""Attributes"":{""Name"":""151_02""}},{""Tag"":""Sprite"",""Attributes"":{""Name"":""151_03""}},{""Tag"":""Sprite"",""Attributes"":{""Name"":""151_04""}},{""Tag"":""Sprite"",""Attributes"":{""Name"":""151_05""}},{""Tag"":""Sprite"",""Attributes"":{""Name"":""151_06""}},{""Tag"":""Sprite"",""Attributes"":{""Name"":""151_07""}}]"
160,Sticker,#153,4,,"[{""Tag"":""Sprite"",""Attributes"":{""Name"":""152_00""}},{""Tag"":""Sprite"",""Attributes"":{""Name"":""152_01""}},{""Tag"":""Sprite"",""Attributes"":{""Name"":""152_02""}},{""Tag"":""Sprite"",""Attributes"":{""Name"":""152_03""}}]"
161,Sticker,#154,4,,"[{""Tag"":""Sprite"",""Attributes"":{""Name"":""153_00""}},{""Tag"":""Sprite"",""Attributes"":{""Name"":""153_01""}},{""Tag"":""Sprite"",""Attributes"":{""Name"":""153_02""}},{""Tag"":""Sprite"",""Attributes"":{""Name"":""153_03""}},{""Tag"":""Sprite"",""Attributes"":{""Name"":""153_04""}},{""Tag"":""Sprite"",""Attributes"":{""Name"":""153_05""}},{""Tag"":""Sprite"",""Attributes"":{""Name"":""153_06""}},{""Tag"":""Sprite"",""Attributes"":{""Name"":""153_07""}},{""Tag"":""Sprite"",""Attributes"":{""Name"":""153_08""}}]"
162,Sticker,#155,4,,"[{""Tag"":""Sprite"",""Attributes"":{""Name"":""154_00""}},{""Tag"":""Sprite"",""Attributes"":{""Name"":""154_01""}},{""Tag"":""Sprite"",""Attributes"":{""Name"":""154_02""}},{""Tag"":""Sprite"",""Attributes"":{""Name"":""154_03""}},{""Tag"":""Sprite"",""Attributes"":{""Name"":""154_04""}},{""Tag"":""Sprite"",""Attributes"":{""Name"":""154_05""}},{""Tag"":""Sprite"",""Attributes"":{""Name"":""154_06""}},{""Tag"":""Sprite"",""Attributes"":{""Name"":""154_07""}},{""Tag"":""Sprite"",""Attributes"":{""Name"":""154_08""}},{""Tag"":""Sprite"",""Attributes"":{""Name"":""154_09""}},{""Tag"":""Sprite"",""Attributes"":{""Name"":""154_10""}}]"
163,Sticker,#156,4,,"[{""Tag"":""Sprite"",""Attributes"":{""Name"":""155_00""}},{""Tag"":""Sprite"",""Attributes"":{""Name"":""155_01""}}]"
164,Sticker,#157,4,,"[{""Tag"":""Sprite"",""Attributes"":{""Name"":""156_00""}},{""Tag"":""Sprite"",""Attributes"":{""Name"":""156_01""}},{""Tag"":""Sprite"",""Attributes"":{""Name"":""156_02""}},{""Tag"":""Sprite"",""Attributes"":{""Name"":""156_03""}},{""Tag"":""Sprite"",""Attributes"":{""Name"":""156_04""}},{""Tag"":""Sprite"",""Attributes"":{""Name"":""156_05""}}]"
165,Sticker,#158,4,,"[{""Tag"":""Sprite"",""Attributes"":{""Name"":""157_00""}},{""Tag"":""Sprite"",""Attributes"":{""Name"":""157_01""}},{""Tag"":""Sprite"",""Attributes"":{""Name"":""157_02""}},{""Tag"":""Sprite"",""Attributes"":{""Name"":""157_03""}},{""Tag"":""Sprite"",""Attributes"":{""Name"":""157_04""}},{""Tag"":""Sprite"",""Attributes"":{""Name"":""157_05""}},{""Tag"":""Sprite"",""Attributes"":{""Name"":""157_06""}},{""Tag"":""Sprite"",""Attributes"":{""Name"":""157_07""}},{""Tag"":""Sprite"",""Attributes"":{""Name"":""157_08""}},{""Tag"":""Sprite"",""Attributes"":{""Name"":""157_09""}},{""Tag"":""Sprite"",""Attributes"":{""Name"":""157_10""}},{""Tag"":""Sprite"",""Attributes"":{""Name"":""157_11""}}]"
166,Sticker,#159,4,,"[{""Tag"":""Sprite"",""Attributes"":{""Name"":""158_00""}},{""Tag"":""Sprite"",""Attributes"":{""Name"":""158_01""}},{""Tag"":""Sprite"",""Attributes"":{""Name"":""158_02""}},{""Tag"":""Sprite"",""Attributes"":{""Name"":""158_03""}}]"
167,Sticker,#160,4,,"[{""Tag"":""Sprite"",""Attributes"":{""Name"":""159_00""}},{""Tag"":""Sprite"",""Attributes"":{""Name"":""159_01""}},{""Tag"":""Sprite"",""Attributes"":{""Name"":""159_02""}}]"
168,Sticker,#161,4,,"[{""Tag"":""Sprite"",""Attributes"":{""Name"":""160_00""}},{""Tag"":""Sprite"",""Attributes"":{""Name"":""160_01""}},{""Tag"":""Sprite"",""Attributes"":{""Name"":""160_02""}}]"
169,Sticker,#162,4,,"[{""Tag"":""Sprite"",""Attributes"":{""Name"":""161_00""}},{""Tag"":""Sprite"",""Attributes"":{""Name"":""161_01""}}]"
170,Sticker,#163,4,,"[{""Tag"":""Sprite"",""Attributes"":{""Name"":""162_00""}},{""Tag"":""Sprite"",""Attributes"":{""Name"":""162_01""}},{""Tag"":""Sprite"",""Attributes"":{""Name"":""162_02""}},{""Tag"":""Sprite"",""Attributes"":{""Name"":""162_03""}},{""Tag"":""Sprite"",""Attributes"":{""Name"":""162_04""}}]"
171,Sticker,#164,4,,"[{""Tag"":""Sprite"",""Attributes"":{""Name"":""163_00""}},{""Tag"":""Sprite"",""Attributes"":{""Name"":""163_01""}}]"
172,Sticker,#165,4,,"[{""Tag"":""Sprite"",""Attributes"":{""Name"":""164_00""}},{""Tag"":""Sprite"",""Attributes"":{""Name"":""164_01""}},{""Tag"":""Sprite"",""Attributes"":{""Name"":""164_02""}},{""Tag"":""Sprite"",""Attributes"":{""Name"":""164_03""}},{""Tag"":""Sprite"",""Attributes"":{""Name"":""164_04""}},{""Tag"":""Sprite"",""Attributes"":{""Name"":""164_05""}}]"
173,Sticker,#166,4,,"[{""Tag"":""Sprite"",""Attributes"":{""Name"":""165_00""}},{""Tag"":""Sprite"",""Attributes"":{""Name"":""165_01""}},{""Tag"":""Sprite"",""Attributes"":{""Name"":""165_02""}},{""Tag"":""Sprite"",""Attributes"":{""Name"":""165_03""}}]"
174,Sticker,#167,4,,"[{""Tag"":""Sprite"",""Attributes"":{""Name"":""166_00""}},{""Tag"":""Sprite"",""Attributes"":{""Name"":""166_01""}}]"
175,Sticker,#168,4,,"[{""Tag"":""Sprite"",""Attributes"":{""Name"":""167_00""}},{""Tag"":""Sprite"",""Attributes"":{""Name"":""167_01""}},{""Tag"":""Sprite"",""Attributes"":{""Name"":""167_02""}},{""Tag"":""Sprite"",""Attributes"":{""Name"":""167_03""}},{""Tag"":""Sprite"",""Attributes"":{""Name"":""167_04""}}]"
176,Sticker,#169,4,,"[{""Tag"":""Sprite"",""Attributes"":{""Name"":""168_00""}},{""Tag"":""Sprite"",""Attributes"":{""Name"":""168_01""}},{""Tag"":""Sprite"",""Attributes"":{""Name"":""168_02""}},{""Tag"":""Sprite"",""Attributes"":{""Name"":""168_03""}},{""Tag"":""Sprite"",""Attributes"":{""Name"":""168_04""}},{""Tag"":""Sprite"",""Attributes"":{""Name"":""168_05""}},{""Tag"":""Sprite"",""Attributes"":{""Name"":""168_06""}}]"
177,Sticker,#170,4,,"[{""Tag"":""Sprite"",""Attributes"":{""Name"":""169_00""}},{""Tag"":""Sprite"",""Attributes"":{""Name"":""169_01""}},{""Tag"":""Sprite"",""Attributes"":{""Name"":""169_02""}},{""Tag"":""Sprite"",""Attributes"":{""Name"":""169_03""}},{""Tag"":""Sprite"",""Attributes"":{""Name"":""169_04""}},{""Tag"":""Sprite"",""Attributes"":{""Name"":""169_05""}},{""Tag"":""Sprite"",""Attributes"":{""Name"":""169_06""}},{""Tag"":""Sprite"",""Attributes"":{""Name"":""169_07""}},{""Tag"":""Sprite"",""Attributes"":{""Name"":""169_08""}},{""Tag"":""Sprite"",""Attributes"":{""Name"":""169_09""}}]"
178,Sticker,#171,4,,"[{""Tag"":""Sprite"",""Attributes"":{""Name"":""170_00""}},{""Tag"":""Sprite"",""Attributes"":{""Name"":""170_01""}},{""Tag"":""Sprite"",""Attributes"":{""Name"":""170_02""}},{""Tag"":""Sprite"",""Attributes"":{""Name"":""170_03""}}]"
179,Sticker,#172,4,,"[{""Tag"":""Sprite"",""Attributes"":{""Name"":""171_00""}},{""Tag"":""Sprite"",""Attributes"":{""Name"":""171_01""}},{""Tag"":""Sprite"",""Attributes"":{""Name"":""171_02""}},{""Tag"":""Sprite"",""Attributes"":{""Name"":""171_03""}},{""Tag"":""Sprite"",""Attributes"":{""Name"":""171_04""}},{""Tag"":""Sprite"",""Attributes"":{""Name"":""171_05""}},{""Tag"":""Sprite"",""Attributes"":{""Name"":""171_06""}}]"
180,Sticker,#173,4,,"[{""Tag"":""Sprite"",""Attributes"":{""Name"":""172_01""}},{""Tag"":""Sprite"",""Attributes"":{""Name"":""172_02""}},{""Tag"":""Sprite"",""Attributes"":{""Name"":""172_03""}},{""Tag"":""Sprite"",""Attributes"":{""Name"":""172_04""}},{""Tag"":""Sprite"",""Attributes"":{""Name"":""172_05""}},{""Tag"":""Sprite"",""Attributes"":{""Name"":""172_06""}},{""Tag"":""Sprite"",""Attributes"":{""Name"":""172_07""}},{""Tag"":""Sprite"",""Attributes"":{""Name"":""172_08""}}]"
181,Sticker,#174,4,,"[{""Tag"":""Sprite"",""Attributes"":{""Name"":""173_01""}},{""Tag"":""Sprite"",""Attributes"":{""Name"":""173_02""}},{""Tag"":""Sprite"",""Attributes"":{""Name"":""173_03""}},{""Tag"":""Sprite"",""Attributes"":{""Name"":""173_04""}},{""Tag"":""Sprite"",""Attributes"":{""Name"":""173_05""}},{""Tag"":""Sprite"",""Attributes"":{""Name"":""173_06""}},{""Tag"":""Sprite"",""Attributes"":{""Name"":""173_07""}},{""Tag"":""Sprite"",""Attributes"":{""Name"":""173_08""}},{""Tag"":""Sprite"",""Attributes"":{""Name"":""173_09""}},{""Tag"":""Sprite"",""Attributes"":{""Name"":""173_10""}},{""Tag"":""Sprite"",""Attributes"":{""Name"":""173_11""}}]"
182,Sticker,#175,4,,"[{""Tag"":""Sprite"",""Attributes"":{""Name"":""174_01""}},{""Tag"":""Sprite"",""Attributes"":{""Name"":""174_02""}},{""Tag"":""Sprite"",""Attributes"":{""Name"":""174_03""}},{""Tag"":""Sprite"",""Attributes"":{""Name"":""174_04""}},{""Tag"":""Sprite"",""Attributes"":{""Name"":""174_05""}},{""Tag"":""Sprite"",""Attributes"":{""Name"":""174_06""}},{""Tag"":""Sprite"",""Attributes"":{""Name"":""174_07""}}]"
183,Sticker,#176,4,,"[{""Tag"":""Sprite"",""Attributes"":{""Name"":""175_01""}},{""Tag"":""Sprite"",""Attributes"":{""Name"":""175_02""}},{""Tag"":""Sprite"",""Attributes"":{""Name"":""175_03""}},{""Tag"":""Sprite"",""Attributes"":{""Name"":""175_04""}},{""Tag"":""Sprite"",""Attributes"":{""Name"":""175_05""}},{""Tag"":""Sprite"",""Attributes"":{""Name"":""175_06""}},{""Tag"":""Sprite"",""Attributes"":{""Name"":""175_07""}},{""Tag"":""Sprite"",""Attributes"":{""Name"":""175_08""}},{""Tag"":""Sprite"",""Attributes"":{""Name"":""175_09""}},{""Tag"":""Sprite"",""Attributes"":{""Name"":""175_10""}},{""Tag"":""Sprite"",""Attributes"":{""Name"":""175_11""}},{""Tag"":""Sprite"",""Attributes"":{""Name"":""175_12""}}]"
184,Sticker,#177,4,,"[{""Tag"":""Sprite"",""Attributes"":{""Name"":""176_01""}},{""Tag"":""Sprite"",""Attributes"":{""Name"":""176_02""}},{""Tag"":""Sprite"",""Attributes"":{""Name"":""176_03""}},{""Tag"":""Sprite"",""Attributes"":{""Name"":""176_04""}},{""Tag"":""Sprite"",""Attributes"":{""Name"":""176_05""}},{""Tag"":""Sprite"",""Attributes"":{""Name"":""176_06""}},{""Tag"":""Sprite"",""Attributes"":{""Name"":""176_07""}},{""Tag"":""Sprite"",""Attributes"":{""Name"":""176_08""}},{""Tag"":""Sprite"",""Attributes"":{""Name"":""176_09""}},{""Tag"":""Sprite"",""Attributes"":{""Name"":""176_10""}}]"
185,Sticker,#178,4,,"[{""Tag"":""Sprite"",""Attributes"":{""Name"":""177_01""}},{""Tag"":""Sprite"",""Attributes"":{""Name"":""177_02""}}]"
186,Sticker,#179,4,,"[{""Tag"":""Sprite"",""Attributes"":{""Name"":""178_01""}},{""Tag"":""Sprite"",""Attributes"":{""Name"":""178_02""}},{""Tag"":""Sprite"",""Attributes"":{""Name"":""178_03""}},{""Tag"":""Sprite"",""Attributes"":{""Name"":""178_04""}}]"
187,Sticker,#180,4,,"[{""Tag"":""Sprite"",""Attributes"":{""Name"":""179_01""}},{""Tag"":""Sprite"",""Attributes"":{""Name"":""179_02""}}]"
188,Sticker,#181,4,,"[{""Tag"":""Sprite"",""Attributes"":{""Name"":""180_01""}},{""Tag"":""Sprite"",""Attributes"":{""Name"":""180_02""}}]"
189,Sticker,#182,4,,"[{""Tag"":""Sprite"",""Attributes"":{""Name"":""181_01""}},{""Tag"":""Sprite"",""Attributes"":{""Name"":""181_02""}},{""Tag"":""Sprite"",""Attributes"":{""Name"":""181_03""}},{""Tag"":""Sprite"",""Attributes"":{""Name"":""181_04""}},{""Tag"":""Sprite"",""Attributes"":{""Name"":""181_05""}},{""Tag"":""Sprite"",""Attributes"":{""Name"":""181_06""}},{""Tag"":""Sprite"",""Attributes"":{""Name"":""181_07""}},{""Tag"":""Sprite"",""Attributes"":{""Name"":""181_08""}}]"
190,Sticker,#183,4,,"[{""Tag"":""Sprite"",""Attributes"":{""Name"":""182_01""}},{""Tag"":""Sprite"",""Attributes"":{""Name"":""182_02""}}]"
191,Sticker,#184,4,,"[{""Tag"":""Sprite"",""Attributes"":{""Name"":""183_01""}},{""Tag"":""Sprite"",""Attributes"":{""Name"":""183_02""}},{""Tag"":""Sprite"",""Attributes"":{""Name"":""183_03""}},{""Tag"":""Sprite"",""Attributes"":{""Name"":""183_04""}},{""Tag"":""Sprite"",""Attributes"":{""Name"":""183_05""}},{""Tag"":""Sprite"",""Attributes"":{""Name"":""183_06""}},{""Tag"":""Sprite"",""Attributes"":{""Name"":""183_07""}},{""Tag"":""Sprite"",""Attributes"":{""Name"":""183_08""}}]"
192,Sticker,#185,4,,"[{""Tag"":""Sprite"",""Attributes"":{""Name"":""184_01""}},{""Tag"":""Sprite"",""Attributes"":{""Name"":""184_02""}},{""Tag"":""Sprite"",""Attributes"":{""Name"":""184_03""}},{""Tag"":""Sprite"",""Attributes"":{""Name"":""184_04""}},{""Tag"":""Sprite"",""Attributes"":{""Name"":""184_05""}},{""Tag"":""Sprite"",""Attributes"":{""Name"":""184_06""}},{""Tag"":""Sprite"",""Attributes"":{""Name"":""184_07""}},{""Tag"":""Sprite"",""Attributes"":{""Name"":""184_08""}},{""Tag"":""Sprite"",""Attributes"":{""Name"":""184_09""}},{""Tag"":""Sprite"",""Attributes"":{""Name"":""184_10""}}]"
193,Sticker,#186,4,,"[{""Tag"":""Sprite"",""Attributes"":{""Name"":""185_01""}},{""Tag"":""Sprite"",""Attributes"":{""Name"":""185_02""}},{""Tag"":""Sprite"",""Attributes"":{""Name"":""185_03""}},{""Tag"":""Sprite"",""Attributes"":{""Name"":""185_04""}},{""Tag"":""Sprite"",""Attributes"":{""Name"":""185_05""}},{""Tag"":""Sprite"",""Attributes"":{""Name"":""185_06""}}]"
194,Sticker,#187,4,,"[{""Tag"":""Sprite"",""Attributes"":{""Name"":""186_01""}},{""Tag"":""Sprite"",""Attributes"":{""Name"":""186_02""}},{""Tag"":""Sprite"",""Attributes"":{""Name"":""186_03""}},{""Tag"":""Sprite"",""Attributes"":{""Name"":""186_04""}},{""Tag"":""Sprite"",""Attributes"":{""Name"":""186_05""}},{""Tag"":""Sprite"",""Attributes"":{""Name"":""186_06""}},{""Tag"":""Sprite"",""Attributes"":{""Name"":""186_07""}}]"
195,Sticker,#188,4,,"[{""Tag"":""Sprite"",""Attributes"":{""Name"":""187_01""}},{""Tag"":""Sprite"",""Attributes"":{""Name"":""187_02""}},{""Tag"":""Sprite"",""Attributes"":{""Name"":""187_03""}},{""Tag"":""Sprite"",""Attributes"":{""Name"":""187_04""}},{""Tag"":""Sprite"",""Attributes"":{""Name"":""187_05""}},{""Tag"":""Sprite"",""Attributes"":{""Name"":""187_06""}},{""Tag"":""Sprite"",""Attributes"":{""Name"":""187_07""}},{""Tag"":""Sprite"",""Attributes"":{""Name"":""187_08""}},{""Tag"":""Sprite"",""Attributes"":{""Name"":""187_09""}},{""Tag"":""Sprite"",""Attributes"":{""Name"":""187_10""}}]"
196,Sticker,#189,4,,"[{""Tag"":""Sprite"",""Attributes"":{""Name"":""188_01""}},{""Tag"":""Sprite"",""Attributes"":{""Name"":""188_02""}},{""Tag"":""Sprite"",""Attributes"":{""Name"":""188_03""}},{""Tag"":""Sprite"",""Attributes"":{""Name"":""188_04""}},{""Tag"":""Sprite"",""Attributes"":{""Name"":""188_05""}}]"
197,Sticker,#190,4,,"[{""Tag"":""Sprite"",""Attributes"":{""Name"":""189_01""}},{""Tag"":""Sprite"",""Attributes"":{""Name"":""189_02""}},{""Tag"":""Sprite"",""Attributes"":{""Name"":""189_03""}},{""Tag"":""Sprite"",""Attributes"":{""Name"":""189_04""}},{""Tag"":""Sprite"",""Attributes"":{""Name"":""189_05""}},{""Tag"":""Sprite"",""Attributes"":{""Name"":""189_06""}},{""Tag"":""Sprite"",""Attributes"":{""Name"":""189_07""}},{""Tag"":""Sprite"",""Attributes"":{""Name"":""189_08""}}]"
198,Sticker,#191,4,,"[{""Tag"":""Sprite"",""Attributes"":{""Name"":""190_01""}},{""Tag"":""Sprite"",""Attributes"":{""Name"":""190_02""}},{""Tag"":""Sprite"",""Attributes"":{""Name"":""190_03""}}]"
199,Sticker,#192,4,,"[{""Tag"":""Sprite"",""Attributes"":{""Name"":""191_01""}},{""Tag"":""Sprite"",""Attributes"":{""Name"":""191_02""}},{""Tag"":""Sprite"",""Attributes"":{""Name"":""191_03""}}]"
200,Sticker,#193,4,,"[{""Tag"":""Sprite"",""Attributes"":{""Name"":""192_01""}},{""Tag"":""Sprite"",""Attributes"":{""Name"":""192_02""}},{""Tag"":""Sprite"",""Attributes"":{""Name"":""192_03""}},{""Tag"":""Sprite"",""Attributes"":{""Name"":""192_04""}},{""Tag"":""Sprite"",""Attributes"":{""Name"":""192_05""}},{""Tag"":""Sprite"",""Attributes"":{""Name"":""192_06""}},{""Tag"":""Sprite"",""Attributes"":{""Name"":""192_07""}},{""Tag"":""Sprite"",""Attributes"":{""Name"":""192_08""}},{""Tag"":""Sprite"",""Attributes"":{""Name"":""192_09""}},{""Tag"":""Sprite"",""Attributes"":{""Name"":""192_10""}},{""Tag"":""Sprite"",""Attributes"":{""Name"":""192_11""}}]"
201,Sticker,#194,4,,"[{""Tag"":""Sprite"",""Attributes"":{""Name"":""193_01""}},{""Tag"":""Sprite"",""Attributes"":{""Name"":""193_02""}},{""Tag"":""Sprite"",""Attributes"":{""Name"":""193_03""}},{""Tag"":""Sprite"",""Attributes"":{""Name"":""193_04""}},{""Tag"":""Sprite"",""Attributes"":{""Name"":""193_05""}},{""Tag"":""Sprite"",""Attributes"":{""Name"":""193_06""}},{""Tag"":""Sprite"",""Attributes"":{""Name"":""193_07""}},{""Tag"":""Sprite"",""Attributes"":{""Name"":""193_08""}},{""Tag"":""Sprite"",""Attributes"":{""Name"":""193_09""}},{""Tag"":""Sprite"",""Attributes"":{""Name"":""193_10""}}]"
202,Sticker,#195,4,,"[{""Tag"":""Sprite"",""Attributes"":{""Name"":""194_01""}},{""Tag"":""Sprite"",""Attributes"":{""Name"":""194_02""}},{""Tag"":""Sprite"",""Attributes"":{""Name"":""194_03""}},{""Tag"":""Sprite"",""Attributes"":{""Name"":""194_04""}},{""Tag"":""Sprite"",""Attributes"":{""Name"":""194_05""}}]"
203,Sticker,#196,4,,"[{""Tag"":""Sprite"",""Attributes"":{""Name"":""195_01""}},{""Tag"":""Sprite"",""Attributes"":{""Name"":""195_02""}},{""Tag"":""Sprite"",""Attributes"":{""Name"":""195_03""}},{""Tag"":""Sprite"",""Attributes"":{""Name"":""195_04""}},{""Tag"":""Sprite"",""Attributes"":{""Name"":""195_05""}},{""Tag"":""Sprite"",""Attributes"":{""Name"":""195_06""}},{""Tag"":""Sprite"",""Attributes"":{""Name"":""195_07""}},{""Tag"":""Sprite"",""Attributes"":{""Name"":""195_08""}}]"
204,Sticker,#197,4,,"[{""Tag"":""Sprite"",""Attributes"":{""Name"":""196_01""}},{""Tag"":""Sprite"",""Attributes"":{""Name"":""196_02""}},{""Tag"":""Sprite"",""Attributes"":{""Name"":""196_03""}},{""Tag"":""Sprite"",""Attributes"":{""Name"":""196_04""}},{""Tag"":""Sprite"",""Attributes"":{""Name"":""196_05""}},{""Tag"":""Sprite"",""Attributes"":{""Name"":""196_06""}},{""Tag"":""Sprite"",""Attributes"":{""Name"":""196_07""}},{""Tag"":""Sprite"",""Attributes"":{""Name"":""196_08""}},{""Tag"":""Sprite"",""Attributes"":{""Name"":""196_09""}},{""Tag"":""Sprite"",""Attributes"":{""Name"":""196_10""}},{""Tag"":""Sprite"",""Attributes"":{""Name"":""196_11""}},{""Tag"":""Sprite"",""Attributes"":{""Name"":""196_12""}},{""Tag"":""Sprite"",""Attributes"":{""Name"":""196_13""}},{""Tag"":""Sprite"",""Attributes"":{""Name"":""196_14""}},{""Tag"":""Sprite"",""Attributes"":{""Name"":""196_15""}},{""Tag"":""Sprite"",""Attributes"":{""Name"":""196_16""}},{""Tag"":""Sprite"",""Attributes"":{""Name"":""196_17""}}]"
205,Sticker,#198,4,,"[{""Tag"":""Sprite"",""Attributes"":{""Name"":""197_01""}},{""Tag"":""Sprite"",""Attributes"":{""Name"":""197_02""}},{""Tag"":""Sprite"",""Attributes"":{""Name"":""197_03""}},{""Tag"":""Sprite"",""Attributes"":{""Name"":""197_04""}},{""Tag"":""Sprite"",""Attributes"":{""Name"":""197_05""}},{""Tag"":""Sprite"",""Attributes"":{""Name"":""197_06""}},{""Tag"":""Sprite"",""Attributes"":{""Name"":""197_07""}},{""Tag"":""Sprite"",""Attributes"":{""Name"":""197_08""}},{""Tag"":""Sprite"",""Attributes"":{""Name"":""197_09""}},{""Tag"":""Sprite"",""Attributes"":{""Name"":""197_10""}},{""Tag"":""Sprite"",""Attributes"":{""Name"":""197_11""}},{""Tag"":""Sprite"",""Attributes"":{""Name"":""197_12""}}]"
206,Sticker,#199,4,,"[{""Tag"":""Sprite"",""Attributes"":{""Name"":""198_01""}},{""Tag"":""Sprite"",""Attributes"":{""Name"":""198_02""}},{""Tag"":""Sprite"",""Attributes"":{""Name"":""198_03""}},{""Tag"":""Sprite"",""Attributes"":{""Name"":""198_04""}},{""Tag"":""Sprite"",""Attributes"":{""Name"":""198_05""}},{""Tag"":""Sprite"",""Attributes"":{""Name"":""198_06""}}]"
207,Sticker,#200,4,,"[{""Tag"":""Sprite"",""Attributes"":{""Name"":""199_01""}},{""Tag"":""Sprite"",""Attributes"":{""Name"":""199_02""}},{""Tag"":""Sprite"",""Attributes"":{""Name"":""199_03""}},{""Tag"":""Sprite"",""Attributes"":{""Name"":""199_04""}}]"
208,Sticker,#201,4,,"[{""Tag"":""Sprite"",""Attributes"":{""Name"":""200_01""}},{""Tag"":""Sprite"",""Attributes"":{""Name"":""200_02""}},{""Tag"":""Sprite"",""Attributes"":{""Name"":""200_03""}},{""Tag"":""Sprite"",""Attributes"":{""Name"":""200_04""}},{""Tag"":""Sprite"",""Attributes"":{""Name"":""200_05""}}]"
209,Sticker,#202,4,,"[{""Tag"":""Sprite"",""Attributes"":{""Name"":""201_01""}},{""Tag"":""Sprite"",""Attributes"":{""Name"":""201_02""}},{""Tag"":""Sprite"",""Attributes"":{""Name"":""201_03""}},{""Tag"":""Sprite"",""Attributes"":{""Name"":""201_04""}},{""Tag"":""Sprite"",""Attributes"":{""Name"":""201_05""}}]"
210,Sticker,#203,4,,"[{""Tag"":""Sprite"",""Attributes"":{""Name"":""202_01""}},{""Tag"":""Sprite"",""Attributes"":{""Name"":""202_02""}},{""Tag"":""Sprite"",""Attributes"":{""Name"":""202_03""}},{""Tag"":""Sprite"",""Attributes"":{""Name"":""202_04""}},{""Tag"":""Sprite"",""Attributes"":{""Name"":""202_05""}},{""Tag"":""Sprite"",""Attributes"":{""Name"":""202_06""}},{""Tag"":""Sprite"",""Attributes"":{""Name"":""202_07""}},{""Tag"":""Sprite"",""Attributes"":{""Name"":""202_08""}},{""Tag"":""Sprite"",""Attributes"":{""Name"":""202_09""}},{""Tag"":""Sprite"",""Attributes"":{""Name"":""202_10""}}]"
211,Sticker,#204,4,,"[{""Tag"":""Sprite"",""Attributes"":{""Name"":""203_01""}},{""Tag"":""Sprite"",""Attributes"":{""Name"":""203_02""}},{""Tag"":""Sprite"",""Attributes"":{""Name"":""203_03""}}]"
212,Sticker,#205,4,,"[{""Tag"":""Sprite"",""Attributes"":{""Name"":""204_01""}},{""Tag"":""Sprite"",""Attributes"":{""Name"":""204_02""}},{""Tag"":""Sprite"",""Attributes"":{""Name"":""204_03""}},{""Tag"":""Sprite"",""Attributes"":{""Name"":""204_04""}}]"
