Table,SourceXml,RootTag,RootAttributesJSON,RowCount,DirectAttributeCount,DirectAttributeNames,HasNestedChildren,NonWhitespaceTextNodeCount,MaxDepth,ChunkCount,ChunkFiles
Activities,Activities.xml,Activities,{},45,7,ID|Icon|Name|Description|Type|Duration|VisibleForClient,true,0,3,1,ROWS_00001_00045.csv
AllyTitles,AllyTitles.xml,AllyTitles,{},75,8,ID|AssetBundle|Atlas|Sprite|Level|Cost|Visible|AnimationDuration,true,0,2,1,ROWS_00001_00075.csv
AnimatedTitles,AnimatedTitles.xml,AnimatedTitles,{},34,8,ID|Name|Description|Bundle|Atlas|Scale|Duration|ExpireHours,true,0,2,1,ROWS_00001_00034.csv
AutoPath,AutoPath.xml,AutoPath,{},1618,9,ID|MapID|Name|FromMapID|FromPosX|FromPosY|ToMapID|ToPosX|ToPosY,false,0,1,2,ROWS_00001_01500.csv|ROWS_01501_01618.csv
AutoSkills,AutoSkills.xml,AutoSkills,{},300,8,ID|GroupID|Name|ActivatePercent|SkillIDs|ActivateType|ActivateValue|Cooldown,false,0,1,1,ROWS_00001_00300.csv
BookLevelUpCost,BookLevelUpCost.xml,BookLevelUpCost,"{""LimitLevel"":""119""}",9,1,Type,true,0,2,1,ROWS_00001_00009.csv
Books,Books.xml,Books,{},128,9,ID|FactionID|RequireLevel|Name|Icon|Description|Type|CanDirectlyStudy|Order,false,0,1,1,ROWS_00001_00128.csv
CharAvartas,CharAvartas.xml,CharAvartas,{},674,3,ID|Sex|Icon,false,0,1,1,ROWS_00001_00674.csv
CharFaces,CharFaces.xml,Faces,{},464,4,ID|Sex|Name|Model,false,0,1,1,ROWS_00001_00464.csv
CharFashionGems,CharFashionGems.xml,CharFashionGems,{},48,8,ID|ResName|Position|Rotation|ScaleP|UseAdditiveShader|ManBone|WomanBone,false,0,1,1,ROWS_00001_00048.csv
CharFashionOrnaments,CharFashionOrnaments.xml,CharFashionOrnaments,{},61,4,ID|Name|Icon|Type,true,0,2,1,ROWS_00001_00061.csv
CharHairs,CharHairs.xml,Hairs,{},606,5,ID|Sex|Name|Model|LerpFactor,true,0,2,1,ROWS_00001_00606.csv
CharMounts,CharMounts.xml,CharMounts,{},361,7,ID|Model|ManActionSet|WomanActionSet|SubManActionSet|SubWomanActionSet|Addative,false,0,1,1,ROWS_00001_00361.csv
CharShapeShiftings,CharShapeShiftings.xml,CharShapeShiftings,{},1889,5,ID|Name|Icon|Model|ScaleP,false,0,1,2,ROWS_00001_01500.csv|ROWS_01501_01889.csv
CharSkeletons,CharSkeletons.xml,Skeleton,{},2,1,Model,true,0,2,1,ROWS_00001_00002.csv
CharSouls,CharSouls.xml,CharSouls,{},22,2,ID|Model,false,0,1,1,ROWS_00001_00022.csv
CharWeapons,CharWeapons.xml,CharWeapons,{},1875,4,ID|LeftModel|RightModel|BackModel,false,0,1,2,ROWS_00001_01500.csv|ROWS_01501_01875.csv
CharWings,CharWings.xml,CharWings,{},733,13,ID|NextID|Name|Type|Level|Model|ScaleP|ManPosition|WomanPosition|ManRotation|WomanRotation|UseAdditiveShader|Alpha,false,0,1,1,ROWS_00001_00733.csv
ClothGemFxs,ClothGemFxs.xml,ClothGemFxs,{},1,1,ResName,true,0,2,1,ROWS_00001_00001.csv
CreatureSounds,CreatureSounds.xml,ArrayOfCreatureSound,{},595,1,ResName,true,0,3,1,ROWS_00001_00595.csv
DailyActivityAward,DailyActivityAward.xml,DailyActivityAward,{},2,2,MaxPlates|MaxRares,true,0,4,1,ROWS_00001_00002.csv
DartConfig,DartConfig.xml,DartConfig,{},5,2,MaxLevelToOwner|MaxLevel,true,0,3,1,ROWS_00001_00005.csv
DefaultChar,DefaultChar.xml,DefaultChar,{},21,5,WomanID|ManID|ClothID|ShoesID|CuffID,false,0,1,1,ROWS_00001_00021.csv
DragonTattooConfig,DragonTattooConfig.xml,DragonTattooConfig,{},2,0,,true,0,2,1,ROWS_00001_00002.csv
EnchantSkills,EnchantSkills.xml,EnchantSkills,{},3,1,ID,true,0,4,1,ROWS_00001_00003.csv
EquipEnhance,EquipEnhance.xml,EquipEnhances,{},99,8,Level|Value|StrikeThroughAttack|StrikeThroughDefense|Rate|Fallback|MoneyCost|BoundMoney,false,0,1,1,ROWS_00001_00099.csv
EquipExtendedAttributes,EquipExtendedAttributes.xml,EquipExtendedAttributes,{},29,2,ID|Symbol,true,0,2,1,ROWS_00001_00029.csv
EquipIdentifyValues,EquipIdentifyValues.xml,EquipIdentifyValues,{},256,2,Rate|Value,false,0,1,1,ROWS_00001_00256.csv
Equips,Equips.xml,Equips,{},22763,24,ID|Type|Name|Icon|EquipPoint|VisualID|BoundRule|SetID|SetAttributeLine|Level|FactionID|BasePrice|SellPrice|Durability|Identifiable|Star|BaseValueID|MinLine|MaxLine|MinIdentifiedRate|BuffID|DurationHour|ExtraHint|Description,true,0,2,16,ROWS_00001_01500.csv|ROWS_01501_03000.csv|ROWS_03001_04500.csv|ROWS_04501_06000.csv|ROWS_06001_07500.csv|ROWS_07501_09000.csv|ROWS_09001_10500.csv|ROWS_10501_12000.csv|ROWS_12001_13500.csv|ROWS_13501_15000.csv|ROWS_15001_16500.csv|ROWS_16501_18000.csv|ROWS_18001_19500.csv|ROWS_19501_21000.csv|ROWS_21001_22500.csv|ROWS_22501_22763.csv
EquipSculptures,EquipSculptures.xml,EquipSculptures,{},31,2,ID|Name,true,0,2,1,ROWS_00001_00031.csv
EquipSets,EquipSets.xml,EquipSets,{},272,2,ID|Name,true,0,2,1,ROWS_00001_00272.csv
Factions,Factions.xml,Factions,{},17,8,ID|Name|Series|BookIDs|InitQuickSkills|F1Skills|BlinkSkill|LeapActions,false,0,1,1,ROWS_00001_00017.csv
FuBenScenarios,FuBenScenarios.xml,FuBenScenarios,{},19,11,ID|Name|DungeonMapID|Timeout|MinPlayers|MinLevel|GatherMapID|GatherNPCID|GatherX|GatherY|RequestActiveCardMonth,true,0,4,1,ROWS_00001_00019.csv
Fxs,Fxs.xml,Fxs,{},991,14,ResName|SourceBone|TargetBone|Color|Sound|Position|ScaleP|RotateEveryFrame|FollowTarget|UseAdditiveShader|Loop|Bone|AnimationTime|Alpha,false,0,1,1,ROWS_00001_00991.csv
GemColors,GemColors.xml,GemColors,{},951,7,ID|NormalColor|SeriesColor|BrightColor|IsBright|IsSeries|UseAdditiveShader,true,0,2,1,ROWS_00001_00951.csv
Gems,Gems.xml,Gems,{},1154,9,ID|Level|Type|Icon|Name|BasePrice|SellPrice|IsUniversal|Description,true,0,2,1,ROWS_00001_01154.csv
GrowPoints,GrowPoints.xml,GrowPoints,{},407,8,ID|Name|ResName|LifeSkillID|LifeSkillLevel|LifeSkillExp|RequireQuestID|CollectTicks,false,0,1,1,ROWS_00001_00407.csv
GuildConfig,GuildConfig.xml,GuildConfig,"{""ChangeQuestCost"":""5000"",""MaxQuestPerDay"":""20"",""RequireItem"":""30008013"",""RequireMoney"":""1000000"",""RequireAdditionString"":""""}",14,8,Level|ExpRequest|PointUpdate|ID|Name|Icon|Desc|PointPerGold,true,0,3,1,ROWS_00001_00014.csv
GuildTask,GuildTask.xml,ArrayOfGuildTaskData,{},360,5,TaskID|TaskName|TaskDescription|TaskType|TaskCondition,true,0,2,1,ROWS_00001_00360.csv
Items,Items.xml,Items,{},5238,18,ID|Name|Icon|ItemLevel|RequireLevel|BoundMoney|BasePrice|SellPrice|Throwable|Sellable|Bound|Stack|MaxUsageTimes|DurationHour|ExtraHint|ScriptID|TypeDesc|Description,false,0,1,4,ROWS_00001_01500.csv|ROWS_01501_03000.csv|ROWS_03001_04500.csv|ROWS_04501_05238.csv
Locations,Locations.xml,ObjectLocations,{},1847,1,Name,true,0,2,2,ROWS_00001_01500.csv|ROWS_01501_01847.csv
LoginMaps,LoginMaps.xml,LoginMaps,{},4,9,Name|ResName|Position|Rotation|Scale|CameraPosition|CameraRotation|DayColor|NightColor,true,0,2,1,ROWS_00001_00004.csv
MagicAtrributes,MagicAtrributes.xml,MagicAttributes,{},509,3,Symbol|Description|IncludeSign,false,0,1,1,ROWS_00001_00509.csv
Maps,Maps.xml,Maps,{},193,9,ID|Name|ResName|Level|Type|ServerID|DayColor|NightColor|Music,true,0,2,1,ROWS_00001_00193.csv
Medicines,Medicines.xml,Medicines,{},692,19,ID|Name|Icon|TypeDesc|TargetType|ItemLevel|RequireLevel|BasePrice|SellPrice|Throwable|Sellable|Bound|Stack|MaxUsageTimes|DurationHour|ExtraHint|ProgressTime|ProgressTick|MaxUsageTimesPerDay,true,0,2,1,ROWS_00001_00692.csv
ModelParameters,ModelParameters.xml,ModelScales,{},1710,5,Name|ScaleP|UIHeaderOffset|PreviewCameraPosition|PreviewCameraRotation,false,0,1,2,ROWS_00001_01500.csv|ROWS_01501_01710.csv
Monsters,Monsters.xml,Monsters,{},17121,36,ID|ResName|Scale|Name|Avarta|Level|Exp|Type|PhysAtk|PhysDef|MagicAtk|MagicDef|MaxHP|Hit|Dodge|CritAtk|CritDef|MoveSpeed|IceAtk|IceRes|IceNeg|IceBreak|FireAtk|FireRes|FireNeg|FireBreak|LightAtk|LightRes|LightNeg|LightBreak|PoisonAtk|PoisonRes|PoisonNeg|PoisonBreak|Skills|AIID,false,0,1,12,ROWS_00001_01500.csv|ROWS_01501_03000.csv|ROWS_03001_04500.csv|ROWS_04501_06000.csv|ROWS_06001_07500.csv|ROWS_07501_09000.csv|ROWS_09001_10500.csv|ROWS_10501_12000.csv|ROWS_12001_13500.csv|ROWS_13501_15000.csv|ROWS_15001_16500.csv|ROWS_16501_17121.csv
NameColors,NameColors.xml,NameColors,{},49,2,Type|Color,false,0,1,1,ROWS_00001_00049.csv
NPCs,NPCs.xml,NPCs,{},1003,4,ID|Name|ResName|Avarta,false,0,1,1,ROWS_00001_01003.csv
PartialAdditiveLocations,PartialAdditiveLocations.xml,PartialAdditiveLocations,{},28,1,Name,true,0,2,1,ROWS_00001_00028.csv
PartialModelCutoutLocations,PartialModelCutoutLocations.xml,PartialModelCutoutLocations,{},256,1,Name,true,0,2,1,ROWS_00001_00256.csv
PCInputKeyBinding,PCInputKeyBinding.xml,PCInputKeyBinding,{},22,11,KeyCode|Display|Color|AnchorMin|AnchorMax|Pivot|Position|DragRootPosition|EventType|StickedUI|Visible,false,0,1,1,ROWS_00001_00022.csv
PetAnimatedTitles,PetAnimatedTitles.xml,PetAnimatedTitles,{},3,5,Savvy|Bundle|Atlas|Scale|Duration,true,0,2,1,ROWS_00001_00003.csv
PetEquips,PetEquips.xml,PetEquips,{},70,14,ID|Type|Name|Icon|SetID|Level|BoundRule|Identifiable|MinIdentifiedRate|BasePrice|SellPrice|DurationHour|ExtraHint|Description,true,0,2,1,ROWS_00001_00070.csv
PetEquipSets,PetEquipSets.xml,PetEquipSets,{},13,2,ID|Name,true,0,2,1,ROWS_00001_00013.csv
PetFeatures,PetFeatures.xml,PetFeatures,{},11,9,ItemID|MoneyCost|SuccessRates|FallDowns|MoneyCosts|ActiveMoneyCost|ActiveTwiceMoneyCost|MinLevel|RemainTime,true,0,2,1,ROWS_00001_00011.csv
Pets,Pets.xml,Pets,{},8349,17,ID|ResName|Avarta|Name|GroupID|RequireLevel|Type|Race|FoodType|Skills|BaseStrengthRate|BaseEnergyRate|BaseStaminaRate|BaseIntelligenceRate|BaseDexterityRate|AttributeGrowRates|PersonalityBornRates,false,0,1,6,ROWS_00001_01500.csv|ROWS_01501_03000.csv|ROWS_03001_04500.csv|ROWS_04501_06000.csv|ROWS_06001_07500.csv|ROWS_07501_08349.csv
Pneumas,Pneumas.xml,Pneumas,{},3,3,RequireLevel|MakeCostPotentialPoint|OpenSlotCostPropertyPoint,true,0,2,1,ROWS_00001_00003.csv
PublicMounts,PublicMounts.xml,PublicMounts,{},37,7,ID|Model|ManActionSet|WomanActionSet|SubManActionSet|SubWomanActionSet|Addative,false,0,1,1,ROWS_00001_00037.csv
RoleFeatures,RoleFeatures.xml,RoleFeatures,{},8,4,ItemID|MoneyCost|Quantity|WingIDs,true,0,2,1,ROWS_00001_00008.csv
RoleReputes,RoleReputes.xml,RoleReputes,{},22,3,ID|Name|MaxPoints,false,0,1,1,ROWS_00001_00022.csv
RoleTitles,RoleTitles.xml,RoleTitles,{},156,8,GroupID|ID|Sex|Name|Description|ReputeID|Points|DurationHours,false,0,1,1,ROWS_00001_00156.csv
SignetConfig,SignetConfig.xml,SignetConfig,{},5,0,,true,0,2,1,ROWS_00001_00005.csv
SkillProperties,SkillProperties.xml,SkillProperties,{},2044,1,Name,true,0,3,2,ROWS_00001_01500.csv|ROWS_01501_02044.csv
Skills,Skills.xml,Skills,{},2091,38,ID|CooldownGroup|Name|ShortDescription|Description|Icon|ActionID|PrecastActionID|FinishActionID|PrecastFx|CastFx|FlyFx|ExplodeFx|BuffFx|ChainingSourceFx|ChainingTargetFx|ChainingFx|Type|Style|FactionID|BookID|CanDirectlyStudy|RequireLevel|RequireWeapon|IsDamageSkill|CastRange|AttackRadius|AnimationDuration|TargetType|ProgressTime|MissileSpeed|MissileCount|FixedHitRate|FixedCritRate|ShowSkillNameWhenUse|Property|Tag|ProgressFluction,false,0,1,2,ROWS_00001_01500.csv|ROWS_01501_02091.csv
SoulConfig,SoulConfig.xml,SoulConfig,{},7,3,MaxLevelToOwner|MaxLevel|Factor,true,0,3,1,ROWS_00001_00007.csv
SpiritFeatures,SpiritFeatures.xml,SpiritFeatures,{},3,1,ItemID,true,0,2,1,ROWS_00001_00003.csv
Spirits,Spirits.xml,Spirits,{},1889,7,ID|ResName|Avarta|Name|MaxSkills|MaxEnergy|ModelScale,false,0,1,2,ROWS_00001_01500.csv|ROWS_01501_01889.csv
Stickers,Stickers.xml,Stickers,{},212,2,Name|AnimationSpeed,true,0,2,1,ROWS_00001_00212.csv
Tasks,Tasks.xml,Tasks,{},516,11,ID|GroupID|TaskType|TaskRule|FactionID|Name|OfferDialog|CompleteDialog|RequireLevel|NextTaskID|CopySceneScriptID,true,0,3,1,ROWS_00001_00516.csv
UISounds,UISounds.xml,UISounds,{},5,2,Type|SoundName,false,0,1,1,ROWS_00001_00005.csv
VoodooVase,VoodooVase.xml,VoodooVase,{},3,7,RequireLevel|LuckyGrassItemID|LuckyGrassPercent|LuckyGrassMaxStack|MaxPills|MakeGoldenPearlRequireItemID|ResetCostHerbPoint,true,0,2,1,ROWS_00001_00003.csv
WeaponGemFxs,WeaponGemFxs.xml,WeaponGemFxs,{},1778,1,ResName,true,0,2,2,ROWS_00001_01500.csv|ROWS_01501_01778.csv
WeaponVisualGemsFx,WeaponVisualGemsFx.xml,WeaponVisualGemFxs,{},2735,2,GemID|ResName,true,0,2,2,ROWS_00001_01500.csv|ROWS_01501_02735.csv
WorldMap,WorldMap.xml,WorldMap,"{""Image"":""WorldMap""}",72,6,MapID|Name|Icon|Position|AllowQuickPath|Description,false,0,1,1,ROWS_00001_00072.csv
