RowIndex,Tag,ID,LeftModel,RightModel,BackModel,Text,ChildrenJSON
1501,Weapon,2380,,Dweapon_2021juanzhouSanJi,,,
1502,Weapon,2381,,Dweapon_2021juanzhouSiJi,,,
1503,Weapon,2382,,Dweapon_2021juanzhouWuJi,,,
1504,Weapon,2393,,Dweapon_2021jitui1Ji,,,
1505,Weapon,2394,,Dweapon_2021jitui2Ji,,,
1506,Weapon,2395,,Dweapon_2021jitui3Ji,,,
1507,Weapon,2396,,Dweapon_2021jitui4Ji,,,
1508,Weapon,2397,,Dweapon_2021jitui5Ji,,,
1509,Weapon,2398,XinMenPaiChangJingJiaoHuDongZuo_Shu,XinMenPaiChangJingJiaoHuDongZuo_Bi,,,
1510,Weapon,2399,,XinMenPaiGongYinJiuGuan,,,
1511,Weapon,2400,XinMenPaiGongYinJiuGuan,,,,
1512,Weapon,2401,,weapon_2021zhanfu,,,
1513,Weapon,2402,,weapon_2021zhanfuErJi,,,
1514,Weapon,2403,,weapon_2021zhanfuSanJi,,,
1515,Weapon,2404,,weapon_2021zhanfuSiJi,,,
1516,Weapon,2405,,weapon_2021zhanfuWuJi,,,
1517,Weapon,2406,,toy_2021huoguopeijian,,,
1518,Weapon,2407,weapon_2021butiao,,,,
1519,Weapon,2408,,Dweapon_2021jiuhulu,,,
1520,Weapon,2409,,Dweapon_2021jiuhuluErJi,,,
1521,Weapon,2410,,Dweapon_2021jiuhuluSanJi,,,
1522,Weapon,2411,,Dweapon_2021jiuhuluSiJi,,,
1523,Weapon,2412,,Dweapon_2021jiuhuluWuJi,,,
1524,Weapon,2413,,weapon_2021huoguoshan,,,
1525,Weapon,2414,weapon_2021huoguohuncai,,,,
1526,Weapon,2415,weapon_2021huoguosucai,,,,
1527,Weapon,2416,,weapon_2021huoguohu,,,
1528,Weapon,2417,,weapon_2021buchui,,,
1529,Weapon,2418,,Dweapon_2021baicha01,,,
1530,Weapon,2419,,Dweapon_2021baicha01ErJi,,,
1531,Weapon,2420,,Dweapon_2021baicha01SanJi,,,
1532,Weapon,2421,,Dweapon_2021baicha01SiJi,,,
1533,Weapon,2422,,Dweapon_2021baicha01WuJi,,,
1534,Weapon,2423,,Dweapon_2021baichaNanZhuJiao,,,
1535,Weapon,2424,,Dweapon_2021baichaNanZhuJiaoErJi,,,
1536,Weapon,2425,,Dweapon_2021baichaNanZhuJiaoSanJi,,,
1537,Weapon,2426,,Dweapon_2021baichaNanZhuJiaoSiJi,,,
1538,Weapon,2427,,Dweapon_2021baichaNanZhuJiaoWuJi,,,
1539,Weapon,2428,,Dweapon_2021baichaNuZhuJiao,,,
1540,Weapon,2429,,Dweapon_2021baichaNuZhuJiaoErJi,,,
1541,Weapon,2430,,Dweapon_2021baichaNuZhuJiaoSanJi,,,
1542,Weapon,2431,,Dweapon_2021baichaNuZhuJiaoSiJi,,,
1543,Weapon,2432,,Dweapon_2021baichaNuZhuJiaoWuJi,,,
1544,Weapon,2433,,toy_2021wushi,,,
1545,Weapon,2434,toy_2021shiguZuoChui,toy_2021shiguYouChui,,,
1546,Weapon,2435,,toy_2021wulong,,,
1547,Weapon,2436,,toy_2021chunjiehuoba,,,
1548,Weapon,2437,,weapon_2021baiseshan,,,
1549,Weapon,2438,,weapon_2021baiseshanErJi,,,
1550,Weapon,2439,,weapon_2021baiseshanSanJi,,,
1551,Weapon,2440,,weapon_2021baiseshanSiJi,,,
1552,Weapon,2441,,weapon_2021baiseshanWuJi,,,
1553,Weapon,2442,,weapon_2021baisejianJi,,,
1554,Weapon,2443,,weapon_2021baisejianErJi,,,
1555,Weapon,2444,,weapon_2021baisejianSanJi,,,
1556,Weapon,2445,,weapon_2021baisejianSiJi,,,
1557,Weapon,2446,,weapon_2021baisejianWuJi,,,
1558,Weapon,2447,,weapon_2021bingxuediao,,,
1559,Weapon,2448,,weapon_2021bingxuediaoErJi,,,
1560,Weapon,2449,,weapon_2021bingxuediaoSanJi,,,
1561,Weapon,2450,,weapon_2021bingxuediaoSiJi,,,
1562,Weapon,2451,,weapon_2021bingxuediaoWuJi,,,
1563,Weapon,2452,,toy_2021wulongNu,,,
1564,Weapon,2473,,Dweapon_2021hezhuti01Ji,,,
1565,Weapon,2474,,Dweapon_2021hezhuti01ErJi,,,
1566,Weapon,2475,,Dweapon_2021hezhuti01SanJi,,,
1567,Weapon,2476,,Dweapon_2021hezhuti01SiJi,,,
1568,Weapon,2477,,Dweapon_2021hezhuti01WuJi,,,
1569,Weapon,2478,,Dweapon_2021hezhutiNanZhuJiao,,,
1570,Weapon,2479,,Dweapon_2021hezhutiNanZhuJiaoErJi,,,
1571,Weapon,2480,,Dweapon_2021hezhutiNanZhuJiaoSanJi,,,
1572,Weapon,2481,,Dweapon_2021hezhutiNanZhuJiaoSiJi,,,
1573,Weapon,2482,,Dweapon_2021hezhutiNanZhuJiaoWuJi,,,
1574,Weapon,2483,,Dweapon_2021hezhutiNuZhuJiao,,,
1575,Weapon,2484,,Dweapon_2021hezhutiNuZhuJiaoErJi,,,
1576,Weapon,2485,,Dweapon_2021hezhutiNuZhuJiaoSanJi,,,
1577,Weapon,2486,,Dweapon_2021hezhutiNuZhuJiaoSiJi,,,
1578,Weapon,2487,,Dweapon_2021hezhutiNuZhuJiaoWuJi,,,
1579,Weapon,2507,weapon_2022yangzongbao,,,,
1580,Weapon,2508,weapon_2022muguiying,,,,
1581,Weapon,2540,HuanShiWuQi220927CaoYuanShuangDaoZuo,HuanShiWuQi220927CaoYuanShuangDaoYou,,,
1582,Weapon,2541,HuanShiWuQi220927CaoYuanShuangDaoZuoErJi,HuanShiWuQi220927CaoYuanShuangDaoYouErJi,,,
1583,Weapon,2542,HuanShiWuQi220927CaoYuanShuangDaoZuoSanJi,HuanShiWuQi220927CaoYuanShuangDaoYouSanJi,,,
1584,Weapon,2543,HuanShiWuQi220927CaoYuanShuangDaoZuoSiJi,HuanShiWuQi220927CaoYuanShuangDaoYouSiJi,,,
1585,Weapon,2544,HuanShiWuQi220927CaoYuanShuangDaoZuoWuJi,HuanShiWuQi220927CaoYuanShuangDaoYouWuJi,,,
1586,Weapon,2551,JiuBei,JiuHu,,,
1587,Weapon,2552,JiuBei,,,,
1588,Weapon,2650,npc_2023fenpu_Zuo,npc_2023fenpu_You,,,
1589,Weapon,2659,npc_2023chabei_Zuo,npc_2023chabei_You,,,
1590,Weapon,2686,dweapon_2023fengqiuhuangdaoYou_Ji,dweapon_2023fengqiuhuangdaoZuo_Ji,,,
1591,Weapon,2687,dweapon_2023fengqiuhuangdaoYou_ErJi,dweapon_2023fengqiuhuangdaoZuo_ErJi,,,
1592,Weapon,2688,dweapon_2023fengqiuhuangdaoYou_SanJi,dweapon_2023fengqiuhuangdaoZuo_SanJi,,,
1593,Weapon,2689,dweapon_2023fengqiuhuangdaoYou_SiJi,dweapon_2023fengqiuhuangdaoZuo_SiJi,,,
1594,Weapon,2690,dweapon_2023fengqiuhuangdaoYou_WuJi,dweapon_2023fengqiuhuangdaoZuo_WuJi,,,
1595,Weapon,2706,,Dweapon_2023tuzihuadeng,,,
1596,Weapon,2707,,Dweapon_2023tuzihuadeng2Ji,,,
1597,Weapon,2708,,Dweapon_2023tuzihuadeng3Ji,,,
1598,Weapon,2709,,Dweapon_2023tuzihuadeng4Ji,,,
1599,Weapon,2710,,Dweapon_2023tuzihuadeng5Ji,,,
1600,Weapon,2716,,WuQi230811XiaoChui23,,,
1601,Weapon,2717,WuQi203095Li23,,,,
1602,Weapon,2734,weapon_2023zhanrenZuo_Ji,weapon_2023zhanrenYou_Ji,,,
1603,Weapon,2735,weapon_2023zhanrenZuo_ErJi,weapon_2023zhanrenYou_ErJi,,,
1604,Weapon,2736,weapon_2023zhanrenZuo_SanJi,weapon_2023zhanrenYou_SanJi,,,
1605,Weapon,2737,weapon_2023zhanrenZuo_SiJi,weapon_2023zhanrenYou_SiJi,,,
1606,Weapon,2738,weapon_2023zhanrenZuo_WuJi,weapon_2023zhanrenYou_WuJi,,,
1607,Weapon,2764,Dweapon_2023LongTouHuoQiang,Dweapon_2023LongTouHuoQiang,,,
1608,Weapon,2765,Dweapon_2023LongTouHuoQiangErJi,Dweapon_2023LongTouHuoQiangErJi,,,
1609,Weapon,2766,Dweapon_2023LongTouHuoQiangSanJi,Dweapon_2023LongTouHuoQiangSanJi,,,
1610,Weapon,2767,Dweapon_2023LongTouHuoQiangSiJi,Dweapon_2023LongTouHuoQiangSiJi,,,
1611,Weapon,2768,Dweapon_2023LongTouHuoQiangWuJi,Dweapon_2023LongTouHuoQiangWuJi,,,
1612,Weapon,2774,WuQi240401TuoGuLongGuChui,WuQi240401TuoGuLongGuChui,,,
1613,Weapon,2825,dweapon_2024DuanWuHuanZuo,dweapon_2024DuanWuHuanYou,,,
1614,Weapon,2826,dweapon_2024DuanWuHuanZuo2Ji,dweapon_2024DuanWuHuanYou2Ji,,,
1615,Weapon,2827,dweapon_2024DuanWuHuanZuo3Ji,dweapon_2024DuanWuHuanYou3Ji,,,
1616,Weapon,2828,dweapon_2024DuanWuHuanZuo4Ji,dweapon_2024DuanWuHuanYou4Ji,,,
1617,Weapon,2829,dweapon_2024DuanWuHuanZuo5Ji,dweapon_2024DuanWuHuanYou5Ji,,,
1618,Weapon,2830,,XinShou2DuanWuQiDanDuan,,,
1619,Weapon,2879,npc_2024ZaoZi,npc_2024MuChui,,,
1620,Weapon,2928,,Sweapon_ERG_2024ShenQi9Xing,,,
1621,Weapon,2929,,Sweapon_ERG_2024ShenQi92Ji,,,
1622,Weapon,2930,,Sweapon_ERG_2024ShenQi96Ji,,,
1623,Weapon,2931,,Sweapon_ERG_2024ShenQi96JiShengXing,,,
1624,Weapon,2932,,Sweapon_ERG_2024ShenQi102Ji,,,
1625,Weapon,2933,,Sweapon_ERG_2024ShenQi102JiShengXing,,,
1626,Weapon,2934,,weapon_ERG_2024WuQi01,,,
1627,Weapon,2935,,weapon_ERG_2024WuQi02,,,
1628,Weapon,2936,,weapon_ERG_2024WuQi03,,,
1629,Weapon,2937,,weapon_ERG_2024WuQi04,,,
1630,Weapon,2938,,weapon_ERG_2024WuQi05,,,
1631,Weapon,2939,,weapon_ERG_2024WuQi06,,,
1632,Weapon,2940,,weapon_ERG_2024WuQi07,,,
1633,Weapon,2941,,weapon_ERG_2024WuQi08,,,
1634,Weapon,2942,,weapon_ERG_2024JiaChuan,,,
1635,Weapon,2943,,weapon_ERG_2024TaoZhuangHaoLing,,,
1636,Weapon,2944,,weapon_ERG_2024TaoZhuangQinHun,,,
1637,Weapon,2945,,weapon_ERG_2024TaoZhuangQinWu,,,
1638,Weapon,2946,,weapon_ERG_2024TaoZhuangYanHou,,,
1639,Weapon,2950,,weapon_ERG_2024TaoZhuang30Ji,,,
1640,Weapon,2951,,weapon_ERG_2024TaoZhuang60Ji,,,
1641,Weapon,2952,,weapon_ERG_2024TaoZhuang90Ji,,,
1642,Weapon,2953,,weapon_ERG_2024TaoZhuang100Ji,,,
1643,Weapon,2954,,weapon_ERG_2024TaoZhuangChiLian,,,
1644,Weapon,2955,,weapon_ERG_2024TaoZhuangHaoLing,,,
1645,Weapon,2956,,weapon_ERG_2024TaoZhuangYanHou,,,
1646,Weapon,2957,,weapon_ERG_2024TaoZhuangQinWu,,,
1647,Weapon,2958,,weapon_ERG_2024TaoZhuangQinHun,,,
1648,Weapon,2959,,weapon_ERG_2024JiaChuan,,,
1649,Weapon,2960,,weapon_ERG_2024WuQi01,,,
1650,Weapon,2961,,weapon_ERG_2024WuQi01_01,,,
1651,Weapon,2962,,weapon_ERG_2024WuQi01_02,,,
1652,Weapon,2963,,weapon_ERG_2024WuQi01_03,,,
1653,Weapon,2964,,weapon_ERG_2024WuQi01_04,,,
1654,Weapon,2965,,weapon_ERG_2024WuQi01_05,,,
1655,Weapon,2966,,weapon_ERG_2024WuQi02,,,
1656,Weapon,2967,,weapon_ERG_2024WuQi02_01,,,
1657,Weapon,2968,,weapon_ERG_2024WuQi02_02,,,
1658,Weapon,2969,,weapon_ERG_2024WuQi02_03,,,
1659,Weapon,2970,,weapon_ERG_2024WuQi02_04,,,
1660,Weapon,2971,,weapon_ERG_2024WuQi02_05,,,
1661,Weapon,2972,,weapon_ERG_2024WuQi03,,,
1662,Weapon,2973,,weapon_ERG_2024WuQi03_01,,,
1663,Weapon,2974,,weapon_ERG_2024WuQi03_02,,,
1664,Weapon,2975,,weapon_ERG_2024WuQi03_03,,,
1665,Weapon,2976,,weapon_ERG_2024WuQi03_04,,,
1666,Weapon,2977,,weapon_ERG_2024WuQi03_05,,,
1667,Weapon,2978,,weapon_ERG_2024WuQi04,,,
1668,Weapon,2979,,weapon_ERG_2024WuQi04_01,,,
1669,Weapon,2980,,weapon_ERG_2024WuQi04_02,,,
1670,Weapon,2981,,weapon_ERG_2024WuQi04_03,,,
1671,Weapon,2982,,weapon_ERG_2024WuQi04_04,,,
1672,Weapon,2983,,weapon_ERG_2024WuQi04_05,,,
1673,Weapon,2984,,weapon_ERG_2024WuQi05,,,
1674,Weapon,2985,,weapon_ERG_2024WuQi05_01,,,
1675,Weapon,2986,,weapon_ERG_2024WuQi05_02,,,
1676,Weapon,2987,,weapon_ERG_2024WuQi05_03,,,
1677,Weapon,2988,,weapon_ERG_2024WuQi05_04,,,
1678,Weapon,2989,,weapon_ERG_2024WuQi05_05,,,
1679,Weapon,2990,,weapon_ERG_2024WuQi06,,,
1680,Weapon,2991,,weapon_ERG_2024WuQi06_01,,,
1681,Weapon,2992,,weapon_ERG_2024WuQi06_02,,,
1682,Weapon,2993,,weapon_ERG_2024WuQi06_03,,,
1683,Weapon,2994,,weapon_ERG_2024WuQi06_04,,,
1684,Weapon,2995,,weapon_ERG_2024WuQi06_05,,,
1685,Weapon,2996,,weapon_ERG_2024WuQi07,,,
1686,Weapon,2997,,weapon_ERG_2024WuQi07_01,,,
1687,Weapon,2998,,weapon_ERG_2024WuQi07_02,,,
1688,Weapon,2999,,weapon_ERG_2024WuQi07_03,,,
1689,Weapon,3000,,weapon_ERG_2024WuQi07_04,,,
1690,Weapon,3001,,weapon_ERG_2024WuQi07_05,,,
1691,Weapon,3002,,weapon_ERG_2024WuQi08,,,
1692,Weapon,3003,,weapon_ERG_2024WuQi08_01,,,
1693,Weapon,3004,,weapon_ERG_2024WuQi08_02,,,
1694,Weapon,3005,,weapon_ERG_2024WuQi08_03,,,
1695,Weapon,3006,,weapon_ERG_2024WuQi08_04,,,
1696,Weapon,3007,,weapon_ERG_2024WuQi08_05,,,
1697,Weapon,3019,,Sweapon_ERG_2024ShenQi9XingJianSu,,,
1698,Weapon,3020,,Sweapon_ERG_2024ShenQi9XingXiQi,,,
1699,Weapon,3021,,Sweapon_ERG_2024ShenQi9XingXuRuo,,,
1700,Weapon,3022,,Sweapon_ERG_2024ShenQi102Ji_JianSu,,,
1701,Weapon,3023,,Sweapon_ERG_2024ShenQi102Ji_XiQi,,,
1702,Weapon,3024,,Sweapon_ERG_2024ShenQi102Ji_XuRuo,,,
1703,Weapon,3025,,Sweapon_ERG_2024ShenQi102JiShengXing_JianSu,,,
1704,Weapon,3026,,Sweapon_ERG_2024ShenQi102JiShengXing_XiQi,,,
1705,Weapon,3027,,Sweapon_ERG_2024ShenQi102JiShengXing_XuRuo,,,
1706,Weapon,3034,npc_2024BingCuan,,,,
1707,Weapon,3095,weapon_2024YanHuaBang2,,,,
1708,Weapon,100827,,,WuQiXinMenPaiGuQin,,
1709,Weapon,100828,,,WuQi220621ManTuo102JiShenQiJianSu,,
1710,Weapon,100832,,,WuQi220621ManTuo96JiShenQi,,
1711,Weapon,100834,,,WuQi220621ManTuo92JiShenQi,,
1712,Weapon,100836,,,WuQi220803PuTongBaiZhuang,,
1713,Weapon,100838,,,WuQi220803PuTongDiXingEr,,
1714,Weapon,100840,,,WuQi220803PuTongDiXing,,
1715,Weapon,100842,,,WuQi220803PuTongLuZhuangEr,,
1716,Weapon,100844,,,WuQi220803PuTongLuZhuang,,
1717,Weapon,100846,,,WuQi220803PuTongShouGongEr,,
1718,Weapon,100848,,,WuQi220803PuTongShouGong,,
1719,Weapon,100850,,,WuQi220805ManTuo60Ji,,
1720,Weapon,100852,,,WuQi220805ManTuo90Ji,,
1721,Weapon,100854,,,WuQi220805ManTuo100Ji,,
1722,Weapon,100856,,,WuQi220805ManTuoTaoZhuangChiLian,,
1723,Weapon,100858,,,WuQi220805ManTuoTaoZhuangHaoLing,,
1724,Weapon,100860,,,WuQi220805ManTuoTaoZhuangQinWu,,
1725,Weapon,100862,,,WuQi220803PuTongBaiZhuangEr,,
1726,Weapon,100864,,,WuQi220803PuTongBaiZhuangEr01,,
1727,Weapon,100866,,,WuQi220803PuTongBaiZhuangEr02,,
1728,Weapon,100868,,,WuQi220803PuTongBaiZhuangEr03,,
1729,Weapon,100870,,,WuQi220803PuTongBaiZhuangEr04,,
1730,Weapon,100872,,,WuQi220803PuTongBaiZhuang01,,
1731,Weapon,100874,,,WuQi220803PuTongBaiZhuang02,,
1732,Weapon,100876,,,WuQi220803PuTongBaiZhuang03,,
1733,Weapon,100878,,,WuQi220803PuTongBaiZhuang04,,
1734,Weapon,100880,,,WuQi220803PuTongDiXingEr01,,
1735,Weapon,100882,,,WuQi220803PuTongDiXingEr02,,
1736,Weapon,100884,,,WuQi220803PuTongDiXingEr03,,
1737,Weapon,100886,,,WuQi220803PuTongDiXingEr04,,
1738,Weapon,100888,,,WuQi220803PuTongDiXing01,,
1739,Weapon,100890,,,WuQi220803PuTongDiXing02,,
1740,Weapon,100892,,,WuQi220805ManTuo30Ji,,
1741,Weapon,100894,,,WuQi220805ManTuoTaoZhuangYanHou,,
1742,Weapon,100896,,,WuQi220803ManTuoPuTongJiaChuan,,
1743,Weapon,100898,,,WuQi220805ManTuoTaoZhuangQinHun,,
1744,Weapon,100900,,,WuQi220803PuTongShouGong01,,
1745,Weapon,100902,,,WuQi220803PuTongShouGong02,,
1746,Weapon,100904,,,WuQi220803PuTongShouGong03,,
1747,Weapon,100906,,,WuQi220803PuTongShouGong04,,
1748,Weapon,100908,,,WuQi220803PuTongShouGongEr01,,
1749,Weapon,100910,,,WuQi220803PuTongShouGongEr02,,
1750,Weapon,100912,,,WuQi220803PuTongShouGongEr03,,
1751,Weapon,100914,,,WuQi220803PuTongShouGongEr04,,
1752,Weapon,100916,,,WuQi220803PuTongLuZhuang01,,
1753,Weapon,100918,,,WuQi220803PuTongLuZhuang02,,
1754,Weapon,100920,,,WuQi220803PuTongLuZhuang03,,
1755,Weapon,100922,,,WuQi220803PuTongLuZhuang04,,
1756,Weapon,100924,,,WuQi220803PuTongLuZhuangEr01,,
1757,Weapon,100926,,,WuQi220803PuTongLuZhuangEr02,,
1758,Weapon,100928,,,WuQi220803PuTongLuZhuangEr03,,
1759,Weapon,100930,,,WuQi220803PuTongLuZhuangEr04,,
1760,Weapon,100932,,,WuQi220803PuTongDiXing03,,
1761,Weapon,100934,,,WuQi220803PuTongDiXing04,,
1762,Weapon,100936,,,WuQi220621ManTuo102JiShenQiXiXie,,
1763,Weapon,100938,,,WuQi220621ManTuo102JiShenQiPoZhan,,
1764,Weapon,100940,,,WuQi220803ManTuoPuTongJiaChuan2,,
1765,Weapon,100955,,,HuanShiWuQi230529TunYunLanYueQinJi,,
1766,Weapon,100956,,,HuanShiWuQi230529TunYunLanYueQinJi_1,,
1767,Weapon,100957,,,HuanShiWuQi230529TunYunLanYueQinJi_2,,
1768,Weapon,100814,,HuanShiWuQi220524HeZhuTiChangJianJi,,,
1769,Weapon,100815,,HuanShiWuQi220524HeZhuTiChangJianErJi,,,
1770,Weapon,100816,,HuanShiWuQi220524HeZhuTiChangJianSanJi,,,
1771,Weapon,100817,,HuanShiWuQi220524HeZhuTiChangQiangJi,,,
1772,Weapon,100818,,HuanShiWuQi220524HeZhuTiChangQiangErJi,,,
1773,Weapon,100819,,HuanShiWuQi220524HeZhuTiChangQiangSanJi,,,
1774,Weapon,100799,,HuanShiWuQi220524HeZhuTiDaDaoJi,,,
1775,Weapon,100800,,HuanShiWuQi220524HeZhuTiDaDaoErJi,,,
1776,Weapon,100801,,HuanShiWuQi220524HeZhuTiDaDaoSanJi,,,
1777,Weapon,100802,,HuanShiWuQi220524HeZhuTiDaoJi,,,
1778,Weapon,100803,,HuanShiWuQi220524HeZhuTiDaoErJi,,,
1779,Weapon,100804,,HuanShiWuQi220524HeZhuTiDaoSanJi,,,
1780,Weapon,100805,,HuanShiWuQi220524HeZhuTiShanZiJi,,,
1781,Weapon,100806,,HuanShiWuQi220524HeZhuTiShanZiErJi,,,
1782,Weapon,100807,,HuanShiWuQi220524HeZhuTiShanZiSanJi,,,
1783,Weapon,100808,HuanShiWuQi220524HeZhuTiShuangDuanJi,HuanShiWuQi220524HeZhuTiShuangDuanJi,,,
1784,Weapon,100809,HuanShiWuQi220524HeZhuTiShuangDuanErJi,HuanShiWuQi220524HeZhuTiShuangDuanErJi,,,
1785,Weapon,100810,HuanShiWuQi220524HeZhuTiShuangDuanSanJi,HuanShiWuQi220524HeZhuTiShuangDuanSanJi,,,
1786,Weapon,100811,HuanShiWuQi220524HeZhuTiShuangHuanJiZuo,HuanShiWuQi220524HeZhuTiShuangHuanJiYou,,,
1787,Weapon,100812,HuanShiWuQi220524HeZhuTiShuangHuanErJiZuo,HuanShiWuQi220524HeZhuTiShuangHuanErJiYou,,,
1788,Weapon,100813,HuanShiWuQi220524HeZhuTiShuangHuanSanJiZuo,HuanShiWuQi220524HeZhuTiShuangHuanSanJiYou,,,
1789,Weapon,100942,,HuanShiWuQi220829DaJianJi,,,
1790,Weapon,100943,,HuanShiWuQi220829DaJianErJi,,,
1791,Weapon,100944,,HuanShiWuQi220829DaJianSanJi,,,
1792,Weapon,100945,,HuanShiWuQi220914AnYingJian,,,
1793,Weapon,100949,,HuanShiWuQi221107HunShaMeiGui01,,,
1794,Weapon,100950,,HuanShiWuQi221107HunShaMeiGui02,,,
1795,Weapon,100951,,HuanShiWuQi221107HunShaMeiGui03,,,
1796,Weapon,100953,,weapon_2023doumaobang,,,
1797,Weapon,101235,,HuanShiWuQi230529TunYunLanYueShanZiJi,,,
1798,Weapon,101236,,HuanShiWuQi230529TunYunLanYueShanZiErJi,,,
1799,Weapon,101237,,HuanShiWuQi230529TunYunLanYueShanZiSanJi,,,
1800,Weapon,101232,,HuanShiWuQi230529TunYunLanYueJianJi,,,
1801,Weapon,101233,,HuanShiWuQi230529TunYunLanYueJianErJi,,,
1802,Weapon,101234,,HuanShiWuQi230529TunYunLanYueJianSanJi,,,
1803,Weapon,101226,,HuanShiWuQi230529TunYunLanYueDaDaoJi,,,
1804,Weapon,101227,,HuanShiWuQi230529TunYunLanYueDaDaoErJi,,,
1805,Weapon,101228,,HuanShiWuQi230529TunYunLanYueDaDaoSanJi,,,
1806,Weapon,101229,,HuanShiWuQi230529TunYunLanYueDaFuJi,,,
1807,Weapon,101230,,HuanShiWuQi230529TunYunLanYueDaFuErJi,,,
1808,Weapon,101231,,HuanShiWuQi230529TunYunLanYueDaFuSanJi,,,
1809,Weapon,101238,HuanShiWuQi230529TunYunLanYueShuangDuanJi,HuanShiWuQi230529TunYunLanYueShuangDuanJi,,,
1810,Weapon,101239,HuanShiWuQi230529TunYunLanYueShuangDuanErJi,HuanShiWuQi230529TunYunLanYueShuangDuanErJi,,,
1811,Weapon,101240,HuanShiWuQi230529TunYunLanYueShuangDuanSanJi,HuanShiWuQi230529TunYunLanYueShuangDuanSanJi,,,
1812,Weapon,101241,HuanShiWuQi230529TunYunLanYueShuangHuanJiZuo,HuanShiWuQi230529TunYunLanYueShuangHuanJiYou,,,
1813,Weapon,101242,HuanShiWuQi230529TunYunLanYueShuangHuanErJiZuo,HuanShiWuQi230529TunYunLanYueShuangHuanErJiYou,,,
1814,Weapon,101243,HuanShiWuQi230529TunYunLanYueShuangHuanSanJiZuo,HuanShiWuQi230529TunYunLanYueShuangHuanSanJiYou,,,
1815,Weapon,101244,,HuanShiWuQi230529TunYunLanYueChangQiangJi,,,
1816,Weapon,101245,,HuanShiWuQi230529TunYunLanYueChangQiangErJi,,,
1817,Weapon,101246,,HuanShiWuQi230529TunYunLanYueChangQiangSanJi,,,
1818,Weapon,101271,,Dweapon_2023xiaolongxia1Ji,,,
1819,Weapon,101272,,Dweapon_2023xiaolongxia3Ji,,,
1820,Weapon,101273,,Dweapon_2023xiaolongxia5Ji,,,
1821,Weapon,101280,,HuanShiWuQi231205JingJiMeiGuiHuaShuJi,,,
1822,Weapon,101281,,HuanShiWuQi231205JingJiMeiGuiHuaShuErJi,,,
1823,Weapon,101282,,HuanShiWuQi231205JingJiMeiGuiHuaShuSanJi,,,
1824,Weapon,101283,,HuanShiWuQi231205JingJiMeiGuiJianJi,,,
1825,Weapon,101284,,HuanShiWuQi231205JingJiMeiGuiJianErJi,,,
1826,Weapon,101285,,HuanShiWuQi231205JingJiMeiGuiJianSanJi,,,
1827,Weapon,101289,,HuanShiWuQi231205JingJiMeiGuiChangQiangJi,,,
1828,Weapon,101290,,HuanShiWuQi231205JingJiMeiGuiChangQiangErJi,,,
1829,Weapon,101291,,HuanShiWuQi231205JingJiMeiGuiChangQiangSanJi,,,
1830,Weapon,101292,HuanShiWuQi231205JingJiMeiGuiShuangHuanJiZuo,HuanShiWuQi231205JingJiMeiGuiShuangHuanJiYou,,,
1831,Weapon,101293,HuanShiWuQi231205JingJiMeiGuiShuangHuanErJiZuo,HuanShiWuQi231205JingJiMeiGuiShuangHuanErJiYou,,,
1832,Weapon,101294,HuanShiWuQi231205JingJiMeiGuiShuangHuanSanJiZuo,HuanShiWuQi231205JingJiMeiGuiShuangHuanSanJiYou,,,
1833,Weapon,101274,,HuanShiWuQi230920AnYeYingGuangBingQiangJi,,,
1834,Weapon,101275,,HuanShiWuQi230920AnYeYingGuangBingQiangErJi,,,
1835,Weapon,101276,,HuanShiWuQi230920AnYeYingGuangBingQiangSanJi,,,
1836,Weapon,101324,,Dweapon_2024BaiGuBianErJi,,,
1837,Weapon,101325,,Dweapon_2024BaiGuBianSiJi,,,
1838,Weapon,101327,,Dweapon_2024BaiGuBianWuJi,,,
1839,Weapon,101321,,Dweapon_2024NiuMoWangChaZi02ErJi,,,
1840,Weapon,101322,,Dweapon_2024NiuMoWangChaZi02SanJi,,,
1841,Weapon,101323,,Dweapon_2024NiuMoWangChaZi02SiJi,,,
1842,Weapon,101340,,Dweapon_2024NiuMoWangChaZi02WuJi,,,
1843,Weapon,101304,,Dweapon_2024ZhaoYaoJingJi,,,
1844,Weapon,101305,,Dweapon_2024ZhaoYaoJingErJi,,,
1845,Weapon,101306,,Dweapon_2024ZhaoYaoJingSanJi,,,
1846,Weapon,101307,,Dweapon_2024JinGuBangErJi,,,
1847,Weapon,101308,,Dweapon_2024JinGuBangSanJi,,,
1848,Weapon,101309,,Dweapon_2024JinGuBangSiJi,,,
1849,Weapon,101320,,Dweapon_2024JinGuBangWuJi,,,
1850,Weapon,101310,,dweapon_2024ZiQingBaoJian,,,
1851,Weapon,101311,,dweapon_2024ZiQingBaoJianErJi,,,
1852,Weapon,101312,,dweapon_2024ZiQingBaoJianSanJi,,,
1853,Weapon,101317,,dweapon_2024BaJiaoShan,,,
1854,Weapon,101318,,dweapon_2024BaJiaoShan3Ji,,,
1855,Weapon,101319,,dweapon_2024BaJiaoShan5Ji,,,
1856,Weapon,101409,,Dweapon_2024MenPaiYuReLianDao,,,
1857,Weapon,101413,,Dweapon_2024TangDengLong,,,
1858,Weapon,101414,,Dweapon_2024TangDengLongErJi,,,
1859,Weapon,101415,,Dweapon_2024TangDengLongSanJi,,,
1860,Weapon,101416,,HuanShiWuQi231205JingJiMeiGuiShanZiJi,,,
1861,Weapon,101417,,HuanShiWuQi231205JingJiMeiGuiShanZiErJi,,,
1862,Weapon,101418,,HuanShiWuQi231205JingJiMeiGuiShanZiSanJi,,,
1863,Weapon,101424,,Dwepon_2024DanDanJiBingTangHuLu,,,
1864,Weapon,101421,,Dweapon_2024DongYuJian,,,
1865,Weapon,101422,,Dweapon_2024DongYuJianErJi,,,
1866,Weapon,101423,,Dweapon_2024DongYuJianSanJi,,,
1867,Weapon,101427,,dweapon_2025QingRenJieYinLangSanHe1Ji,,,
1868,Weapon,101428,,dweapon_2025QingRenJieYinLangSanHe2Ji,,,
1869,Weapon,101429,,dweapon_2025QingRenJieYinLangSanHe3Ji,,,
1870,Weapon,101430,,dweapon_2025QingRenJieYinLangTangDao1Ji,,,
1871,Weapon,101431,,dweapon_2025QingRenJieYinLangTangDao2Ji,,,
1872,Weapon,101432,,dweapon_2025QingRenJieYinLangTangDao3Ji,,,
1873,Weapon,101433,,dweapon_2025QingRenJieYinLangZhua1Ji,,,
1874,Weapon,101434,,dweapon_2025QingRenJieYinLangZhua2Ji,,,
1875,Weapon,101435,,dweapon_2025QingRenJieYinLangZhua3Ji,,,
