RowIndex,Tag,ID,MapID,Name,FromMapID,FromPosX,FromPosY,ToMapID,ToPosX,ToPosY,Text,ChildrenJSON
1,NPCData,1,50,Diêu Phu,,,,,,,,
2,NPCData,2,50,Hồ Đức Hải,,,,,,,,
3,NPCData,3,50,Tôn Đức Long,,,,,,,,
4,NPCData,4,33,Yến Biệt Thu,,,,,,,,
5,NPCData,5,47,Đỗ Bất Đằng,,,,,,,,
6,NPCData,6,47,Chu Du,,,,,,,,
7,NPCData,7,47,Ninh Linh Ca,,,,,,,,
8,NPCData,8,47,Bác Lạp,,,,,,,,
9,NPCData,9,47,Đậu Đậu,,,,,,,,
10,NPCData,10,47,Viên Bình,,,,,,,,
11,NPCData,11,57,Tát Mã,,,,,,,,
12,NPCData,12,57,Tát Tang,,,,,,,,
13,NPCData,13,57,Tát Tuyết,,,,,,,,
14,NPCData,14,57,Tát Đô,,,,,,,,
15,NPCData,15,57,Tát Lỗ,,,,,,,,
16,NPCData,16,43,Nguyễn Lão Thái Thái,,,,,,,,
17,NPCData,17,43,Nguyễn Thực,,,,,,,,
18,NPCData,18,43,Tiêu Tường,,,,,,,,
19,NPCData,19,43,Nguyễn Thành,,,,,,,,
20,NPCData,20,43,A Phi,,,,,,,,
21,NPCData,21,48,Tiêu Phương Chí,,,,,,,,
22,NPCData,22,48,Hoàn Nhan A Lý Bố,,,,,,,,
23,NPCData,23,48,Hoàn Nhan Đoan Khánh,,,,,,,,
24,NPCData,24,48,Hoàn Nhan Ngô Khất Mãi,,,,,,,,
25,NPCData,25,48,Hoàn Nhan A Cốt Đả,,,,,,,,
26,NPCData,26,48,Đồ Đan Phúc Tấn,,,,,,,,
27,NPCData,27,48,Hoàn Nhan Ngột Thuật,,,,,,,,
28,NPCData,28,48,Hoàn Nhan Niêm Một Khát,,,,,,,,
29,NPCData,29,48,Hoàn Nhan Ngoa Lý Đóa,,,,,,,,
30,NPCData,30,48,Hoàn Nhan Cát Ly Bất,,,,,,,,
31,NPCData,31,48,Hoàn Nhan Doanh Ca,,,,,,,,
32,NPCData,979,2,Vương Khuê Vân,,,,,,,,
33,NPCData,980,2,Sơn Phong,,,,,,,,
34,NPCData,861,2,Hoàng Thời Vũ,,,,,,,,
35,NPCData,862,2,Đường Dục,,,,,,,,
36,NPCData,863,2,Cảnh Ngôn,,,,,,,,
37,NPCData,864,2,Dương Tiệm,,,,,,,,
38,NPCData,32,2,Thiên Thiên và Long Long,,,,,,,,
39,NPCData,33,2,Hoàng Bảng,,,,,,,,
40,NPCData,34,2,Mễ Phất,,,,,,,,
41,NPCData,35,2,Vương Thiều,,,,,,,,
42,NPCData,36,2,A Tử,,,,,,,,
43,NPCData,37,2,Vân Trung Hạc,,,,,,,,
44,NPCData,38,2,Diệp Nhị Nương,,,,,,,,
45,NPCData,39,2,Chu Thương,,,,,,,,
46,NPCData,40,2,Nhuế Tư,,,,,,,,
47,NPCData,41,2,Khô Vinh Đại Sư,,,,,,,,
48,NPCData,42,2,Phá Trần,,,,,,,,
49,NPCData,43,2,Phá Phàm,,,,,,,,
50,NPCData,44,2,Lưu Trọng Phủ,,,,,,,,
51,NPCData,45,2,Xa Truyền Chí,,,,,,,,
52,NPCData,46,2,Thôi Bách Tuyền,,,,,,,,
53,NPCData,47,2,Hoa Cách Cấn,,,,,,,,
54,NPCData,48,2,Cao Thăng Thái,,,,,,,,
55,NPCData,49,2,Trử Vạn Lý,,,,,,,,
56,NPCData,50,2,Cổ Đốc Thành,,,,,,,,
57,NPCData,51,2,Phó Tư Quy,,,,,,,,
58,NPCData,52,2,Đao Bạch Phụng,,,,,,,,
59,NPCData,53,2,Quá Ngạn Chi,,,,,,,,
60,NPCData,54,2,Chu Đan Thần,,,,,,,,
61,NPCData,55,2,Công Tôn Đại Thúc,,,,,,,,
62,NPCData,56,2,Âu Dương Đại Thúc,,,,,,,,
63,NPCData,57,2,Cao Thăng Tường,,,,,,,,
64,NPCData,58,2,Vương Nhược Vũ,,,,,,,,
65,NPCData,59,2,Phó Kiếp Sinh,,,,,,,,
66,NPCData,60,2,Lỗ Minh Nguyệt,,,,,,,,
67,NPCData,61,2,Vô Nhai Tử,,,,,,,,
68,NPCData,62,2,Võ Đồng,,,,,,,,
69,NPCData,63,2,Trương Linh Quân,,,,,,,,
70,NPCData,64,2,Phụng Triều Dương,,,,,,,,
71,NPCData,65,2,Loan Bưu,,,,,,,,
72,NPCData,66,2,Loan Hổ,,,,,,,,
73,NPCData,67,2,Đạo Thảo Nhân,,,,,,,,
74,NPCData,68,2,Đạo Thảo Nhân,,,,,,,,
75,NPCData,69,2,Đạo Thảo Nhân,,,,,,,,
76,NPCData,70,2,Đạo Thảo Nhân,,,,,,,,
77,NPCData,71,2,Đạo Thảo Nhân,,,,,,,,
78,NPCData,72,2,Đạo Thảo Nhân,,,,,,,,
79,NPCData,73,2,Đạo Thảo Nhân,,,,,,,,
80,NPCData,74,2,Đạo Thảo Nhân,,,,,,,,
81,NPCData,75,2,Đạo Thảo Nhân,,,,,,,,
82,NPCData,76,2,Đạo Thảo Nhân,,,,,,,,
83,NPCData,77,2,Đạo Thảo Nhân,,,,,,,,
84,NPCData,78,2,Các La Lỗ,,,,,,,,
85,NPCData,79,2,Dương Thiên Lý,,,,,,,,
86,NPCData,80,2,Đàm Cảnh Thiên,,,,,,,,
87,NPCData,81,2,Tiểu Khất Cái,,,,,,,,
88,NPCData,82,2,Trung Vạn Thù,,,,,,,,
89,NPCData,83,2,Cam Bảo Bảo,,,,,,,,
90,NPCData,84,2,Đoàn Diên Khánh,,,,,,,,
91,NPCData,85,2,Các La Ngột,,,,,,,,
92,NPCData,86,2,Sơ Kích Bình,,,,,,,,
93,NPCData,87,2,Kim Ngũ Gia,,,,,,,,
94,NPCData,88,2,Lam Hỏa Kế,,,,,,,,
95,NPCData,89,2,Hắc Hỏa Kế,,,,,,,,
96,NPCData,90,2,Hà Sinh Kim,,,,,,,,
97,NPCData,91,2,Vương Dĩnh,,,,,,,,
98,NPCData,92,2,Bồ Lương,,,,,,,,
99,NPCData,93,2,Thẩm Quát,,,,,,,,
100,NPCData,94,2,Đồng Hóa Kim,,,,,,,,
101,NPCData,95,2,Qúa Tam Chùy,,,,,,,,
102,NPCData,96,2,Thiên Tiên,,,,,,,,
103,NPCData,97,2,Hoàng Công Đạo,,,,,,,,
104,NPCData,98,2,Hoàng Lăng Ba,,,,,,,,
105,NPCData,99,2,Tiểu Hoa,,,,,,,,
106,NPCData,100,2,Các La Thiện,,,,,,,,
107,NPCData,101,2,Dương Thập Lý,,,,,,,,
108,NPCData,102,2,Bạch Triển Nguyên,,,,,,,,
109,NPCData,103,2,Các La Ách,,,,,,,,
110,NPCData,104,2,Dương Bách Lý,,,,,,,,
111,NPCData,105,2,Đào Tiên Thu,,,,,,,,
112,NPCData,106,2,Hạ Thanh Thanh,,,,,,,,
113,NPCData,107,2,Thôi Phùng Cửu,,,,,,,,
114,NPCData,108,2,Danh Vọng Thần Tăng,,,,,,,,
115,NPCData,109,2,Hoàng Sinh,,,,,,,,
116,NPCData,110,2,Tảo Địa Thần Tăng,,,,,,,,
117,NPCData,111,2,Thiên Sơn Đồng Lão,,,,,,,,
118,NPCData,112,2,Triệu Thiên Sư,,,,,,,,
119,NPCData,113,2,Dung Nhi,,,,,,,,
120,NPCData,114,2,Đỗ Đại Sảng,,,,,,,,
121,NPCData,115,2,Mộ Dung Truyền,,,,,,,,
122,NPCData,116,2,Lộ Tam Nương,,,,,,,,
123,NPCData,117,2,Giản Ninh,,,,,,,,
124,NPCData,118,2,Tuệ Dịch,,,,,,,,
125,NPCData,119,2,Trương Hoạch,,,,,,,,
126,NPCData,120,2,Thạch Bảo,,,,,,,,
127,NPCData,121,2,Trình Thanh Sương,,,,,,,,
128,NPCData,122,2,Hải Phong Tử,,,,,,,,
129,NPCData,123,2,Phá Tham,,,,,,,,
130,NPCData,124,2,Đàm Đài Tử Vũ,,,,,,,,
131,NPCData,125,2,Củng Thái Vân,,,,,,,,
132,NPCData,126,2,Phạm Thuần Lễ,,,,,,,,
133,NPCData,127,2,Bạch Sùng Nghĩa,,,,,,,,
134,NPCData,128,2,Hồng Đại Qúy,,,,,,,,
135,NPCData,129,2,Lý Công Bộ,,,,,,,,
136,NPCData,130,2,Tôn Bát Gia,,,,,,,,
137,NPCData,131,2,Tiền Long,,,,,,,,
138,NPCData,132,2,Nhiếp Chính,,,,,,,,
139,NPCData,133,2,Niêm Hoa Tự Tăng Nhân,,,,,,,,
140,NPCData,134,2,Đỗ Tử Phi,,,,,,,,
141,NPCData,135,2,Đỗ Tử Đằng,,,,,,,,
142,NPCData,136,2,Mục Tử Lăng,,,,,,,,
143,NPCData,137,2,Mộc Uyển Thanh,,,,,,,,
144,NPCData,138,2,Lô Tam Thất,,,,,,,,
145,NPCData,139,2,Lưu Ký Nô,,,,,,,,
146,NPCData,140,2,Phó Đương Quy,,,,,,,,
147,NPCData,141,2,Vân Phiêu Phiêu,,,,,,,,
148,NPCData,142,2,Thân Tình,,,,,,,,
149,NPCData,143,2,Hoàng Mi Tăng,,,,,,,,
150,NPCData,144,2,Tiêu Lăng,,,,,,,,
151,NPCData,145,2,Đoàn Chính Minh,,,,,,,,
152,NPCData,146,2,Đoàn Chính Thuần,,,,,,,,
153,NPCData,147,2,Dư Trợ Chi,,,,,,,,
154,NPCData,148,2,Hàn Vĩnh An,,,,,,,,
155,NPCData,861,2,Hoàng Thời Vũ,,,,,,,,
156,NPCData,862,2,Đường Dục,,,,,,,,
157,NPCData,864,2,Dương Tiệm,,,,,,,,
158,NPCData,149,2,Trương Thế Bình,,,,,,,,
159,NPCData,150,71,Tô Mậu,,,,,,,,
160,NPCData,151,71,Trương Bằng Uy,,,,,,,,
161,NPCData,152,71,Lâm Tăng,,,,,,,,
162,NPCData,153,71,Lan Tác An,,,,,,,,
163,NPCData,154,22,Hắc Thi Thương Nhân,,,,,,,,
164,NPCData,155,22,Hồi Cốt Vương Nữ,,,,,,,,
165,NPCData,156,22,Trương Toàn Tường,,,,,,,,
166,NPCData,157,22,Dương Văn Quảng,,,,,,,,
167,NPCData,158,22,Đào Yêu Yêu,,,,,,,,
168,NPCData,159,22,Uông Diên,,,,,,,,
169,NPCData,160,22,Cưu Ma Trí,,,,,,,,
170,NPCData,161,22,Chu Vương Lễ,,,,,,,,
171,NPCData,162,22,Hạ Binh,,,,,,,,
172,NPCData,163,22,Hạ Binh,,,,,,,,
173,NPCData,164,22,Hề Tam Kỳ,,,,,,,,
174,NPCData,165,22,Triệu Hành Đức,,,,,,,,
175,NPCData,166,22,Ngọc Môn Quan Thủ Vệ,,,,,,,,
176,NPCData,167,22,Ngọc Môn Quan Thủ Vệ,,,,,,,,
177,NPCData,168,22,Tào Diên Huệ,,,,,,,,
178,NPCData,169,22,Tào Diên Thọ,,,,,,,,
179,NPCData,170,22,Ngọc Môn Quan Tống Binh,,,,,,,,
180,NPCData,171,22,Ngọc Môn Quan Tống Binh,,,,,,,,
181,NPCData,172,22,Ngọc Môn Quan Tống Binh,,,,,,,,
182,NPCData,173,22,Ngọc Môn Quan Tống Binh,,,,,,,,
183,NPCData,174,22,Chu Đức Hưng,,,,,,,,
184,NPCData,175,22,Giang Hồ Du Y,,,,,,,,
185,NPCData,176,9,Liễu Tam Muội,,,,,,,,
186,NPCData,177,9,Dương Tứ Nương,,,,,,,,
187,NPCData,178,9,Hộ Tam Nương,,,,,,,,
188,NPCData,179,9,Mãnh Long,,,,,,,,
189,NPCData,180,9,Thôi Lục Hoa,,,,,,,,
190,NPCData,181,9,Lý Thập Nhĩ Nương,,,,,,,,
191,NPCData,182,9,Tiêu Tương Ngọc,,,,,,,,
192,NPCData,183,9,Tôn Nhị Nương,,,,,,,,
193,NPCData,184,9,Mạnh Thanh Thanh,,,,,,,,
194,NPCData,185,9,Hàn Ánh Tuyết,,,,,,,,
195,NPCData,186,20,Đao Bạch Phụng,,,,,,,,
196,NPCData,187,20,Giản Đinh,,,,,,,,
197,NPCData,188,20,Nhĩ Hải Chính Đông Giáo Úy,,,,,,,,
198,NPCData,189,20,Nhĩ Hải Chính Nam Giáo Úy,,,,,,,,
199,NPCData,190,20,Nhĩ Hải Chính Tây Giáo Úy,,,,,,,,
200,NPCData,191,20,Đao Nghiêu,,,,,,,,
201,NPCData,192,20,Thượng Quan Thôn Thôn Dân,,,,,,,,
202,NPCData,193,20,Thượng Quan Thôn Thôn Dân,,,,,,,,
203,NPCData,194,20,Đao Anh Lạc,,,,,,,,
204,NPCData,195,20,Đao Lang Cang,,,,,,,,
205,NPCData,196,20,Tát Ninh,,,,,,,,
206,NPCData,197,1,La Bí,,,,,,,,
207,NPCData,198,1,Cơ Vũ Kì,,,,,,,,
208,NPCData,199,1,Sào Nhữ Hân,,,,,,,,
209,NPCData,200,1,Thương Hoằng Kế,,,,,,,,
210,NPCData,201,1,Sào Vân Chiêu,,,,,,,,
211,NPCData,202,1,Tiêu Ưng,,,,,,,,
212,NPCData,203,1,Vương Quan,,,,,,,,
213,NPCData,204,1,Tiêu Lăng,,,,,,,,
214,NPCData,205,1,Vô Nhai Tử,,,,,,,,
215,NPCData,206,1,Chu ỷ Thiên,,,,,,,,
216,NPCData,207,1,Vân Tiêu Tiêu,,,,,,,,
217,NPCData,208,1,Âu Dã Thanh,,,,,,,,
218,NPCData,209,1,Lí Lập Thanh,,,,,,,,
219,NPCData,210,1,Vũ Dật,,,,,,,,
220,NPCData,211,1,Tống Tam Thạch,,,,,,,,
221,NPCData,212,1,Úy Trì Lương Phi,,,,,,,,
222,NPCData,213,1,Hoa Sở Nông,,,,,,,,
223,NPCData,214,1,Đỗ Tử Kiện,,,,,,,,
224,NPCData,215,1,Mục Thiểu Lăng,,,,,,,,
225,NPCData,216,1,Cao Thăng Thụy,,,,,,,,
226,NPCData,217,1,Phương Tiều,,,,,,,,
227,NPCData,218,1,Khương Thảo Sinh,,,,,,,,
228,NPCData,219,1,Bao Mãn Xương,,,,,,,,
229,NPCData,220,1,Nhuế Phúc Đường,,,,,,,,
230,NPCData,221,1,Triệu Tiên Sinh,,,,,,,,
231,NPCData,222,1,Triệu Tiên Sinh,,,,,,,,
232,NPCData,223,1,Tiền Tiên Sinh,,,,,,,,
233,NPCData,224,1,Lý Tiên Sinh,,,,,,,,
234,NPCData,225,1,Mục Hồi Xuân,,,,,,,,
235,NPCData,226,1,Mục Nghênh Xuân,,,,,,,,
236,NPCData,227,1,Mục Vân Xuân,,,,,,,,
237,NPCData,228,1,Tiêu Hổ,,,,,,,,
238,NPCData,229,1,Phùng Tiên Sinh,,,,,,,,
239,NPCData,230,1,Mục Dương Xuân,,,,,,,,
240,NPCData,231,1,Triêu Từ Vũ,,,,,,,,
241,NPCData,232,1,Cơ Ngũ Liễu,,,,,,,,
242,NPCData,233,1,Mục Hoa Xuân,,,,,,,,
243,NPCData,234,1,Đỗ Xuyến Linh,,,,,,,,
244,NPCData,235,7,Âu Dương Quả,,,,,,,,
245,NPCData,236,7,Trương Toàn Tường,,,,,,,,
246,NPCData,237,7,Trương Toàn Tường,,,,,,,,
247,NPCData,238,7,Ngô Tường Phong,,,,,,,,
248,NPCData,239,7,Hồng Thông,,,,,,,,
249,NPCData,240,7,Hề Tam Kỳ,,,,,,,,
250,NPCData,241,7,Trần Cô Nhạn,,,,,,,,
251,NPCData,242,7,Lý Nhật Việt,,,,,,,,
252,NPCData,243,7,Tống Từ,,,,,,,,
253,NPCData,244,7,Ngô Tuyết Kiều,,,,,,,,
254,NPCData,245,68,Ba Tây Mật,,,,,,,,
255,NPCData,246,68,Trương Uy,,,,,,,,
256,NPCData,247,68,Trương Tái,,,,,,,,
257,NPCData,248,68,Kiều Thanh Phong,,,,,,,,
258,NPCData,249,68,Nhạc Phi Ảnh,,,,,,,,
259,NPCData,250,68,Mễ Đề Á,,,,,,,,
260,NPCData,251,68,Ngải Mạc Nhĩ,,,,,,,,
261,NPCData,252,68,Ngải Tô Nhĩ,,,,,,,,
262,NPCData,253,15,Công Dã Khôn,,,,,,,,
263,NPCData,254,15,Đặng Vạn Nhận,,,,,,,,
264,NPCData,255,15,Vương Tịch Hạo,,,,,,,,
265,NPCData,256,15,Mộ Dung Thắng,,,,,,,,
266,NPCData,257,15,Mộ Dung Thanh Sơn,,,,,,,,
267,NPCData,258,15,Mộ Dung Kiệt,,,,,,,,
268,NPCData,259,15,Phong Thiên Lý,,,,,,,,
269,NPCData,260,15,Mộ Dung Tùy Phong,,,,,,,,
270,NPCData,261,15,Mộ Dung Thùy,,,,,,,,
271,NPCData,262,72,Thẩm Vạn Tam,,,,,,,,
272,NPCData,263,72,Thái Dương Hoa,,,,,,,,
273,NPCData,264,72,Cam Thảo,,,,,,,,
274,NPCData,265,72,Kinh Cúc,,,,,,,,
275,NPCData,266,72,Nguyệt Lý,,,,,,,,
276,NPCData,267,72,Đông Thích,,,,,,,,
277,NPCData,268,72,Khắc Lý Tư Đế An,,,,,,,,
278,NPCData,269,49,Mộ Dung Thiên Lang,,,,,,,,
279,NPCData,270,49,Hoàng Long Trấn Thôn,,,,,,,,
280,NPCData,271,49,Phù Tịch Nhan,,,,,,,,
281,NPCData,272,49,Thác Bạt Văn,,,,,,,,
282,NPCData,273,49,Vũ Văn Tô,,,,,,,,
283,NPCData,274,49,Lưu Ngạo Thiên,,,,,,,,
284,NPCData,275,55,A Lạp Bá Nhân,,,,,,,,
285,NPCData,276,55,Tôn Ba,,,,,,,,
286,NPCData,277,55,Khang Chu,,,,,,,,
287,NPCData,278,55,Khuê Diệu,,,,,,,,
288,NPCData,279,55,Dược Đại Phu,,,,,,,,
289,NPCData,280,21,Tân Nhân Hữu,,,,,,,,
290,NPCData,281,21,Tiêu Đại Bưu,,,,,,,,
291,NPCData,282,21,Hắc Thi Thương Nhân,,,,,,,,
292,NPCData,283,21,Hắc Thi Thương Nhân,,,,,,,,
293,NPCData,284,21,Thời Mại,,,,,,,,
294,NPCData,285,21,Thời Thiên,,,,,,,,
295,NPCData,286,21,Khương Quế Chi,,,,,,,,
296,NPCData,287,21,Khương Gia Tập Thôn Dân,,,,,,,,
297,NPCData,288,21,Khương Gia Tập Thôn Dân,,,,,,,,
298,NPCData,289,21,Đào Yêu Yêu,,,,,,,,
299,NPCData,290,21,Khương Gia Tập Thôn Dân,,,,,,,,
300,NPCData,291,21,Khương Bắc,,,,,,,,
301,NPCData,292,21,Khương Mạt,,,,,,,,
302,NPCData,293,21,Khương Nam,,,,,,,,
303,NPCData,294,21,Yến Kì Đạo,,,,,,,,
304,NPCData,295,21,Long Cổ,,,,,,,,
305,NPCData,296,21,Doanh Vô Danh,,,,,,,,
306,NPCData,297,30,Nha Hoàn,,,,,,,,
307,NPCData,298,30,Nha Hoàn,,,,,,,,
308,NPCData,299,30,Nguyễn Tinh Trúc,,,,,,,,
309,NPCData,300,30,Hắc Thi Thương Nhân,,,,,,,,
310,NPCData,301,30,Tề Sát Vân,,,,,,,,
311,NPCData,302,45,Ba Đồ,,,,,,,,
312,NPCData,303,45,Bá Nhan,,,,,,,,
313,NPCData,304,45,Gia Luật Kim,,,,,,,,
314,NPCData,305,45,Liêu Qúy,,,,,,,,
315,NPCData,306,45,Bác Nhĩ Luân,,,,,,,,
316,NPCData,307,27,Lôi Hoán,,,,,,,,
317,NPCData,308,27,Ông Thúc Chi,,,,,,,,
318,NPCData,309,27,Ông Bá Chi,,,,,,,,
319,NPCData,310,27,Ông Quý Chi,,,,,,,,
320,NPCData,311,27,Pháp Niệm,,,,,,,,
321,NPCData,312,27,Pháp Giang,,,,,,,,
322,NPCData,313,27,A Thanh,,,,,,,,
323,NPCData,314,5,Tôn Đức Long,,,,,,,,
324,NPCData,315,5,Hồ Đức Hải,,,,,,,,
325,NPCData,316,5,Trình Giảo Thiết,,,,,,,,
326,NPCData,317,5,An Thác Áo,,,,,,,,
327,NPCData,318,5,Ðồng Kim Chuy,,,,,,,,
328,NPCData,319,5,Mạc Hoa Nhĩ Triệt,,,,,,,,
329,NPCData,320,5,Khang Tư Thản Ðinh,,,,,,,,
330,NPCData,321,5,Ðàm Hỏa Kế,,,,,,,,
331,NPCData,322,5,Tống Hỏa Kế,,,,,,,,
332,NPCData,323,5,Mao Hỏa Kế,,,,,,,,
333,NPCData,324,5,Bàng Hỏa Kế,,,,,,,,
334,NPCData,325,5,Chúc Tam Tư,,,,,,,,
335,NPCData,326,5,Toa Y Liên,,,,,,,,
336,NPCData,327,5,Lan Tư Lạc Ðặc,,,,,,,,
337,NPCData,328,5,Ba Nhĩ,,,,,,,,
338,NPCData,329,5,Cao Dương,,,,,,,,
339,NPCData,330,5,Mã Lan,,,,,,,,
340,NPCData,331,5,Trương Thiền Thiền,,,,,,,,
341,NPCData,332,5,Cao Dương,,,,,,,,
342,NPCData,333,5,Mã Lan,,,,,,,,
343,NPCData,334,5,Nhạc Uyển Uyển,,,,,,,,
344,NPCData,335,5,Khắc Lí Mộc,,,,,,,,
345,NPCData,336,5,Cách Lỗ Nhĩ,,,,,,,,
346,NPCData,337,5,Ðỗ Bất Ðằng,,,,,,,,
347,NPCData,338,5,Ðỗ Hoàng Ðằng,,,,,,,,
348,NPCData,339,5,Ðỗ Thanh Ðằng,,,,,,,,
349,NPCData,340,5,Tát Lạp,,,,,,,,
350,NPCData,341,5,Hiệp Hàng,,,,,,,,
351,NPCData,342,5,Y Mộng,,,,,,,,
352,NPCData,343,5,Nạp Nhĩ Tư Ðinh,,,,,,,,
353,NPCData,344,5,Gia Lam,,,,,,,,
354,NPCData,345,5,Y Toa,,,,,,,,
355,NPCData,346,5,Cổ Lệ,,,,,,,,
356,NPCData,347,5,Trương Diệc Canh,,,,,,,,
357,NPCData,348,5,A Ðề Tiệp,,,,,,,,
358,NPCData,349,5,Mạt Duy Kì,,,,,,,,
359,NPCData,350,5,Nhuế Na,,,,,,,,
360,NPCData,351,5,Lí Chiêu Úc,,,,,,,,
361,NPCData,352,5,Chu Văn Nguyên,,,,,,,,
362,NPCData,353,5,Lí Chiêu Úc,,,,,,,,
363,NPCData,354,5,Nhạc Ðạt Ðạo Nhân,,,,,,,,
364,NPCData,355,5,Tuệ Nguyên,,,,,,,,
365,NPCData,356,5,Hứa Tiểu Tượng,,,,,,,,
366,NPCData,357,5,Dương Nghi Trung,,,,,,,,
367,NPCData,358,5,Quan Tác,,,,,,,,
368,NPCData,359,5,Hồng Liễu,,,,,,,,
369,NPCData,360,5,Bảo Tam Nương,,,,,,,,
370,NPCData,361,5,Bổn Từ,,,,,,,,
371,NPCData,362,5,Ni Nhược Mưu,,,,,,,,
372,NPCData,363,5,Triệu Mục,,,,,,,,
373,NPCData,364,5,Da Luật Kiệt Thiệu,,,,,,,,
374,NPCData,365,5,Tông Khách Bố,,,,,,,,
375,NPCData,366,5,Hồng Liễu Muội Muội,,,,,,,,
376,NPCData,367,5,Ô Minh Thấm,,,,,,,,
377,NPCData,368,5,Ngải Nhĩ Ðịch Khắc,,,,,,,,
378,NPCData,369,5,Trầm Thiền Quyên,,,,,,,,
379,NPCData,370,5,Cung Thái Ðình,,,,,,,,
380,NPCData,371,5,Vân Hề Hề,,,,,,,,
381,NPCData,372,5,Sử Tẩu,,,,,,,,
382,NPCData,373,5,Mã Kiêu Minh,,,,,,,,
383,NPCData,374,5,Bù Nhìn,,,,,,,,
384,NPCData,375,5,Bù Nhìn,,,,,,,,
385,NPCData,376,5,Bù Nhìn,,,,,,,,
386,NPCData,377,5,Bù Nhìn,,,,,,,,
387,NPCData,378,5,Bù Nhìn,,,,,,,,
388,NPCData,379,5,Bù Nhìn,,,,,,,,
389,NPCData,380,5,Bù Nhìn,,,,,,,,
390,NPCData,381,5,Bù Nhìn,,,,,,,,
391,NPCData,382,5,Bù Nhìn,,,,,,,,
392,NPCData,383,5,Bù Nhìn,,,,,,,,
393,NPCData,384,5,Kim Cửu Linh,,,,,,,,
394,NPCData,385,5,Hà Duyệt,,,,,,,,
395,NPCData,386,5,Lưu Thuẫn,,,,,,,,
396,NPCData,387,5,Xa Truyện Bình,,,,,,,,
397,NPCData,388,5,Bù Nhìn,,,,,,,,
398,NPCData,389,5,Bù Nhìn,,,,,,,,
399,NPCData,390,5,Bù Nhìn,,,,,,,,
400,NPCData,391,5,Bù Nhìn,,,,,,,,
401,NPCData,392,5,Bù Nhìn,,,,,,,,
402,NPCData,393,5,Bù Nhìn,,,,,,,,
403,NPCData,394,5,Bù Nhìn,,,,,,,,
404,NPCData,395,5,Bù Nhìn,,,,,,,,
405,NPCData,396,5,Bù Nhìn,,,,,,,,
406,NPCData,397,5,Bù Nhìn,,,,,,,,
407,NPCData,398,5,Chu Thập Tam,,,,,,,,
408,NPCData,399,5,Vu Bà,,,,,,,,
409,NPCData,400,5,Trình Thanh Sương,,,,,,,,
410,NPCData,401,5,Tiền Hoành Trụ,,,,,,,,
411,NPCData,402,5,Bảo Thời Thiên,,,,,,,,
412,NPCData,403,5,Vân Hiểu Hiểu,,,,,,,,
413,NPCData,404,5,Kim Duệ Phàm,,,,,,,,
414,NPCData,913,5,Ngải Ni Ngoã Nhĩ,,,,,,,,
415,NPCData,405,3,Trần Thọ Đình,,,,,,,,
416,NPCData,406,3,Ngô Thử Nhân,,,,,,,,
417,NPCData,407,3,Bành Hoài Ngọc,,,,,,,,
418,NPCData,408,3,Vương Hy Chi,,,,,,,,
419,NPCData,409,3,Y Thiên Thái,,,,,,,,
420,NPCData,410,3,Yến Như Tuyết,,,,,,,,
421,NPCData,411,3,Hà Linh Chi,,,,,,,,
422,NPCData,412,3,Nhan Như Ngọc,,,,,,,,
423,NPCData,413,3,Chu Bang Ngạn,,,,,,,,
424,NPCData,414,3,Ngũ Đinh,,,,,,,,
425,NPCData,415,3,Cái Thiên Minh,,,,,,,,
426,NPCData,416,3,Cổ Uy Tin,,,,,,,,
427,NPCData,417,3,Vân Hàm Nhi,,,,,,,,
428,NPCData,418,3,Khương Ngư,,,,,,,,
429,NPCData,419,3,Tiểu Tiểu,,,,,,,,
430,NPCData,420,3,Bốc Hối Kỳ,,,,,,,,
431,NPCData,421,3,Khổng Tông Uyên,,,,,,,,
432,NPCData,422,3,Quan Hán Thọ,,,,,,,,
433,NPCData,423,3,Đồng Quán,,,,,,,,
434,NPCData,424,3,Vương Tích Tân,,,,,,,,
435,NPCData,425,3,Chu Bá Hành,,,,,,,,
436,NPCData,426,3,Triệu Minh Thành,,,,,,,,
437,NPCData,427,3,Tiểu Hoa,,,,,,,,
438,NPCData,428,3,Giả Tác Trân,,,,,,,,
439,NPCData,429,3,Vệ Tiên Sinh,,,,,,,,
440,NPCData,430,3,Vương Đức Qúy,,,,,,,,
441,NPCData,431,3,Phùng Mẫn Chi,,,,,,,,
442,NPCData,432,3,Vân Diêu Diêu,,,,,,,,
443,NPCData,433,3,Vân Hàm Phi,,,,,,,,
444,NPCData,434,3,Kiều Phúc Thịnh,,,,,,,,
445,NPCData,435,3,Nhuế Phúc Tường,,,,,,,,
446,NPCData,436,3,Uông Hạn,,,,,,,,
447,NPCData,437,3,Ngô Đức Xương,,,,,,,,
448,NPCData,438,3,Phạm Thuần Lễ,,,,,,,,
449,NPCData,439,3,Điền Kiều Minh,,,,,,,,
450,NPCData,440,3,Bạch Dĩnh Minh,,,,,,,,
451,NPCData,441,3,Bạch Manh Minh,,,,,,,,
452,NPCData,442,3,Bạch Dĩnh Minh,,,,,,,,
453,NPCData,443,3,Trương Minh Cảnh,,,,,,,,
454,NPCData,444,3,Lý Đại Chủy,,,,,,,,
455,NPCData,445,3,Khương Lý,,,,,,,,
456,NPCData,446,3,Tương Vy,,,,,,,,
457,NPCData,447,3,Đinh Đinh,,,,,,,,
458,NPCData,448,3,Đông Đông,,,,,,,,
459,NPCData,449,3,Phùng Đào Thiết,,,,,,,,
460,NPCData,450,3,Nghiêm Bách Thảo,,,,,,,,
461,NPCData,451,3,Cung Thái Lê,,,,,,,,
462,NPCData,452,3,Hà Sinh Tài,,,,,,,,
463,NPCData,453,3,Phùng Tiên Sinh,,,,,,,,
464,NPCData,454,3,Kim Lục Gia,,,,,,,,
465,NPCData,455,3,Trương Bá Trí,,,,,,,,
466,NPCData,456,3,Kha Bách Nhân,,,,,,,,
467,NPCData,457,3,Chu Đồng,,,,,,,,
468,NPCData,458,3,Long Tam Thiếu,,,,,,,,
469,NPCData,459,3,Lang Phu Nhân,,,,,,,,
470,NPCData,460,3,Xa Truyền Nghĩa,,,,,,,,
471,NPCData,461,3,Yến Thanh,,,,,,,,
472,NPCData,462,3,Lập Phồn,,,,,,,,
473,NPCData,463,3,Long Phá Thiên,,,,,,,,
474,NPCData,464,3,A Tử,,,,,,,,
475,NPCData,465,3,Du Than Chi,,,,,,,,
476,NPCData,466,3,Nguyệt Lão,,,,,,,,
477,NPCData,467,3,Mộc Tỷ Tỷ,,,,,,,,
478,NPCData,468,3,Thái Kinh,,,,,,,,
479,NPCData,469,3,Thái Bình Thần,,,,,,,,
480,NPCData,470,3,Hoàng Vân Thiền,,,,,,,,
481,NPCData,471,3,Gia Luật Đại Thạch,,,,,,,,
482,NPCData,472,3,Đằng Nguyên Tá Vi,,,,,,,,
483,NPCData,473,3,Kim Tả Hoán,,,,,,,,
484,NPCData,474,3,Hách Liên Thiết Thụ,,,,,,,,
485,NPCData,475,3,Phạm Tống,,,,,,,,
486,NPCData,476,3,Vân Thanh Thanh,,,,,,,,
487,NPCData,477,3,Châu Thiên Sư,,,,,,,,
488,NPCData,478,3,Vũ Cửu Liên,,,,,,,,
489,NPCData,479,3,Lưu Kiện Minh,,,,,,,,
490,NPCData,480,3,Trần Vĩnh Nhân,,,,,,,,
491,NPCData,481,3,Phạm Thuần Nhân,,,,,,,,
492,NPCData,482,3,Phạm Di Thành,,,,,,,,
493,NPCData,483,3,Hạ Hầu Nhân,,,,,,,,
494,NPCData,484,3,Kiểu Trí Quảng,,,,,,,,
495,NPCData,485,3,Hỷ Lai Lạc,,,,,,,,
496,NPCData,866,3,Phong Hồ Tử,,,,,,,,
497,NPCData,486,84,Thẩm Vạn Tam,,,,,,,,
498,NPCData,487,84,Thái Dương Hoa,,,,,,,,
499,NPCData,488,84,Kinh Cúc,,,,,,,,
500,NPCData,489,84,Cam Thảo,,,,,,,,
501,NPCData,490,84,Đông Thích,,,,,,,,
502,NPCData,491,84,Ngân Hiệp,,,,,,,,
503,NPCData,492,84,Sơn Việt Tế Ty,,,,,,,,
504,NPCData,493,84,Sơn Việt Tế Ty,,,,,,,,
505,NPCData,494,84,Nguyệt Lý,,,,,,,,
506,NPCData,495,84,Thương Đội Viên Công,,,,,,,,
507,NPCData,496,84,Thương Đội Viên Công,,,,,,,,
508,NPCData,497,84,Thương Đội Viên Công,,,,,,,,
509,NPCData,498,84,Thương Đội Viên Công,,,,,,,,
510,NPCData,499,84,Khắc Lý Tư Đế An,,,,,,,,
511,NPCData,500,64,Thạch Chung Nham,,,,,,,,
512,NPCData,501,64,A Vũ,,,,,,,,
513,NPCData,502,64,Dương Minh,,,,,,,,
514,NPCData,503,64,A Tùng,,,,,,,,
515,NPCData,504,64,A Hội Nam,,,,,,,,
516,NPCData,505,8,Thạc Cang,,,,,,,,
517,NPCData,506,8,Phương Thất Phật,,,,,,,,
518,NPCData,507,8,Phương Thiên Định,,,,,,,,
519,NPCData,508,8,Lâm Nham,,,,,,,,
520,NPCData,509,8,Bàng Vạn Xuân,,,,,,,,
521,NPCData,510,8,Lã Sư Tương,,,,,,,,
522,NPCData,511,8,Đặng Nguyên Giác,,,,,,,,
523,NPCData,512,8,Lâm Thế Trường,,,,,,,,
524,NPCData,513,8,Phương Bách Hoa,,,,,,,,
525,NPCData,514,42,Ma Vân Thiên,,,,,,,,
526,NPCData,515,85,Đinh Liên Y,,,,,,,,
527,NPCData,516,85,Diệp Lưu Phàm,,,,,,,,
528,NPCData,517,85,Nhạc Trọng Thu,,,,,,,,
529,NPCData,518,85,Nam Hải Ngư Thôn Dân,,,,,,,,
530,NPCData,519,85,Thạch Cảm Đương,,,,,,,,
531,NPCData,520,85,Nam Hải Ngư Thôn Dân,,,,,,,,
532,NPCData,521,85,Lý Lão Thái Thái,,,,,,,,
533,NPCData,522,85,Xa Truyền Tín,,,,,,,,
534,NPCData,523,63,Bạch Lan,,,,,,,,
535,NPCData,524,63,Bạch Cảnh Võ,,,,,,,,
536,NPCData,525,63,A Vượng,,,,,,,,
537,NPCData,526,63,A Ngõa,,,,,,,,
538,NPCData,527,63,Dương Minh,,,,,,,,
539,NPCData,528,86,Du Du,,,,,,,,
540,NPCData,529,86,Nguyên Tử Khâm,,,,,,,,
541,NPCData,530,86,Lăng Ức Từ,,,,,,,,
542,NPCData,531,86,Nhạc Lão Tam,,,,,,,,
543,NPCData,532,86,Thân Tín Bang Chúng,,,,,,,,
544,NPCData,533,86,Thân Tín Bang Chúng,,,,,,,,
545,NPCData,534,86,Hồng Long,,,,,,,,
546,NPCData,535,6,Tuệ Luân,,,,,,,,
547,NPCData,536,6,Huyền Độ,,,,,,,,
548,NPCData,537,6,Huyền Minh,,,,,,,,
549,NPCData,538,6,Tuệ Phương,,,,,,,,
550,NPCData,539,6,Huyền Chứng,,,,,,,,
551,NPCData,540,6,Huyền Nạn,,,,,,,,
552,NPCData,541,6,Huyền Tịch,,,,,,,,
553,NPCData,542,6,Huyền Sinh,,,,,,,,
554,NPCData,543,6,Huyền Từ,,,,,,,,
555,NPCData,544,6,Hồng Thái Vân,,,,,,,,
556,NPCData,545,60,Trịnh Huyền,,,,,,,,
557,NPCData,546,60,Dương Liên Tử,,,,,,,,
558,NPCData,547,60,Trịnh Viên,,,,,,,,
559,NPCData,548,60,Tần Hồng Miên,,,,,,,,
560,NPCData,549,60,Lương A Bà,,,,,,,,
561,NPCData,550,60,Dương Thiết Tín,,,,,,,,
562,NPCData,551,58,Cáp Ba,,,,,,,,
563,NPCData,552,58,Ngọc Long,,,,,,,,
564,NPCData,553,58,Từ Hà Khách,,,,,,,,
565,NPCData,554,58,Kim Sa,,,,,,,,
566,NPCData,555,58,Thương Lan,,,,,,,,
567,NPCData,556,58,Hùng Kiếm,,,,,,,,
568,NPCData,557,58,Mã Lân,,,,,,,,
569,NPCData,558,58,Vũ Văn Yến,,,,,,,,
570,NPCData,559,58,Đường Minh,,,,,,,,
571,NPCData,560,58,Trần Tụ Tài,,,,,,,,
572,NPCData,561,58,Lưu Hỏa Kế,,,,,,,,
573,NPCData,562,58,Lục Hỏa Kế,,,,,,,,
574,NPCData,563,58,Trần Mặc,,,,,,,,
575,NPCData,564,58,Vân Thiên Thiên,,,,,,,,
576,NPCData,565,58,Bảo Dư,,,,,,,,
577,NPCData,566,58,Hác Thái,,,,,,,,
578,NPCData,567,58,Ngụy Lượng,,,,,,,,
579,NPCData,568,58,Tương Minh Hiên,,,,,,,,
580,NPCData,569,58,Bạch Thảo,,,,,,,,
581,NPCData,570,58,Chu Bảo Quế,,,,,,,,
582,NPCData,571,58,Ban Ny Lộ,,,,,,,,
583,NPCData,572,58,Kinh Khảm Thật,,,,,,,,
584,NPCData,573,58,Cao Tiếu,,,,,,,,
585,NPCData,574,58,Hồ Tùng Lập,,,,,,,,
586,NPCData,575,58,Ôn Liễu,,,,,,,,
587,NPCData,576,58,Tôn Phảng Trang,,,,,,,,
588,NPCData,577,58,Kiều Thọ,,,,,,,,
589,NPCData,578,58,Cảnh Cung Dật,,,,,,,,
590,NPCData,579,58,Trương Diệc Điền,,,,,,,,
591,NPCData,580,58,Vương Tiêu,,,,,,,,
592,NPCData,581,58,Lí Minh Dương,,,,,,,,
593,NPCData,582,58,Mộc Trạch,,,,,,,,
594,NPCData,583,58,Mộc Hoa,,,,,,,,
595,NPCData,584,58,Mộc Duẫn,,,,,,,,
596,NPCData,585,58,Lộ Hữu,,,,,,,,
597,NPCData,586,58,Trương Trạch Cốc,,,,,,,,
598,NPCData,587,58,Dư Hoa Bình,,,,,,,,
599,NPCData,588,58,Dương Hồng Nhược,,,,,,,,
600,NPCData,589,58,Lí Tiêu,,,,,,,,
601,NPCData,590,58,Lí Diêu,,,,,,,,
602,NPCData,591,58,Triệu Hân Lê,,,,,,,,
603,NPCData,592,58,Trình Tiểu Vân,,,,,,,,
604,NPCData,593,58,Tiền Tiểu Giang,,,,,,,,
605,NPCData,594,58,Đinh Tiểu Lâm,,,,,,,,
606,NPCData,595,58,Khương Bồng Thành,,,,,,,,
607,NPCData,596,58,Vương Mạc Hàn,,,,,,,,
608,NPCData,597,58,Lục Liễu Ca Ca,,,,,,,,
609,NPCData,598,58,Bước Thanh Vân,,,,,,,,
610,NPCData,599,58,Bù Nhìn,,,,,,,,
611,NPCData,600,58,Bù Nhìn,,,,,,,,
612,NPCData,601,58,Bù Nhìn,,,,,,,,
613,NPCData,602,58,Bù Nhìn,,,,,,,,
614,NPCData,603,58,Bù Nhìn,,,,,,,,
615,NPCData,604,58,Bù Nhìn,,,,,,,,
616,NPCData,605,58,Bù Nhìn,,,,,,,,
617,NPCData,606,58,Lí Dã,,,,,,,,
618,NPCData,607,58,Bảo Thời Côn,,,,,,,,
619,NPCData,608,23,Không Văn Đại Sư,,,,,,,,
620,NPCData,609,23,Sài Tiến,,,,,,,,
621,NPCData,610,23,Hắc Thi Thương Nhân,,,,,,,,
622,NPCData,611,23,Tiêu Nhượng,,,,,,,,
623,NPCData,612,23,Lục Ngưng Sương,,,,,,,,
624,NPCData,613,23,Lục Tùng,,,,,,,,
625,NPCData,614,23,Kiều Phong,,,,,,,,
626,NPCData,615,23,Sách Lâm,,,,,,,,
627,NPCData,616,23,Đinh Miễn,,,,,,,,
628,NPCData,617,23,Đinh Lệ,,,,,,,,
629,NPCData,618,4,Hoàng Bảng,,,,,,,,
630,NPCData,619,4,Vương An Thạch,,,,,,,,
631,NPCData,620,4,Âu Dương Tu,,,,,,,,
632,NPCData,621,4,Tằng Củng,,,,,,,,
633,NPCData,622,4,Triều Bổ Chi,,,,,,,,
634,NPCData,623,4,Trương Lỗi,,,,,,,,
635,NPCData,624,4,Nhan Tra Tán,,,,,,,,
636,NPCData,625,4,Hạ Chú,,,,,,,,
637,NPCData,626,4,Vũ Mặc,,,,,,,,
638,NPCData,627,4,Bao Bất Đồng,,,,,,,,
639,NPCData,628,4,Tôn Sơn,,,,,,,,
640,NPCData,629,4,Đặng Bách Xuyên,,,,,,,,
641,NPCData,630,4,Công Dã Can,,,,,,,,
642,NPCData,631,4,Phong Ba Ác,,,,,,,,
643,NPCData,632,4,A Bích,,,,,,,,
644,NPCData,633,4,Mộ Dung Phục,,,,,,,,
645,NPCData,634,4,Vương Thẩm Chi,,,,,,,,
646,NPCData,635,4,Bàng An Thời,,,,,,,,
647,NPCData,636,4,Bàng Thông,,,,,,,,
648,NPCData,637,4,Liễu Kim Thiềm,,,,,,,,
649,NPCData,638,4,Châu Đôn Di,,,,,,,,
650,NPCData,639,4,Vân Lan Lan,,,,,,,,
651,NPCData,640,4,Ngải Hổ,,,,,,,,
652,NPCData,641,4,Vân Yến Nhi,,,,,,,,
653,NPCData,642,4,Tiểu Cao,,,,,,,,
654,NPCData,643,4,Văn Ngạn Bác,,,,,,,,
655,NPCData,644,4,Trương Trạch Đoan,,,,,,,,
656,NPCData,645,4,Lương Đạo Sĩ,,,,,,,,
657,NPCData,646,4,Bao Thế Vinh,,,,,,,,
658,NPCData,647,4,Trí Hóa,,,,,,,,
659,NPCData,648,4,Trịnh Thiên Thọ,,,,,,,,
660,NPCData,649,4,Ngụy Chân,,,,,,,,
661,NPCData,650,4,Hô Diên Báo,,,,,,,,
662,NPCData,651,4,Phan Tuấn,,,,,,,,
663,NPCData,652,4,Trương Thụ Mậu,,,,,,,,
664,NPCData,653,4,Phạm Thuần Túy,,,,,,,,
665,NPCData,654,4,Chúc Tam Niệm,,,,,,,,
666,NPCData,655,4,Ngụy Tam Gia,,,,,,,,
667,NPCData,656,4,Vân San San,,,,,,,,
668,NPCData,657,4,Vân Tuyết Nhi,,,,,,,,
669,NPCData,658,4,Trương Sỹ Tâm,,,,,,,,
670,NPCData,659,4,Phong Hồ Tử,,,,,,,,
671,NPCData,660,4,Lương Hỏa Kế,,,,,,,,
672,NPCData,661,4,Tiết Phi,,,,,,,,
673,NPCData,662,4,Mộ Bạch,,,,,,,,
674,NPCData,663,4,Chu Phong,,,,,,,,
675,NPCData,664,4,Vương Khuê,,,,,,,,
676,NPCData,665,4,Sở Diễn,,,,,,,,
677,NPCData,666,4,Vi Đại Thúc,,,,,,,,
678,NPCData,667,4,Lí Lạc Thi,,,,,,,,
679,NPCData,668,4,Chu Đan Thần,,,,,,,,
680,NPCData,669,4,Tô Song,,,,,,,,
681,NPCData,670,4,Tùy Báo Minh,,,,,,,,
682,NPCData,671,4,Lương Sư Thành,,,,,,,,
683,NPCData,672,4,Tô Thức,,,,,,,,
684,NPCData,673,4,Ngụy Hán Tân,,,,,,,,
685,NPCData,674,4,Tiền Hồng Vũ,,,,,,,,
686,NPCData,675,4,Lâm Hòa Tĩnh,,,,,,,,
687,NPCData,676,4,Trình Viễn Trí,,,,,,,,
688,NPCData,677,4,Liễu Nguyệt Hồng,,,,,,,,
689,NPCData,678,4,Trần Qúy Thường,,,,,,,,
690,NPCData,679,4,Bạch Thế Kính,,,,,,,,
691,NPCData,680,4,Độc Cô Hối,,,,,,,,
692,NPCData,681,4,Tả Đồng,,,,,,,,
693,NPCData,682,4,Nhậm Triệu,,,,,,,,
694,NPCData,683,4,Tôn Tử Vũ,,,,,,,,
695,NPCData,684,4,Đặng Mậu,,,,,,,,
696,NPCData,685,4,Lý Thừa Phong,,,,,,,,
697,NPCData,686,4,Hồ Phồn,,,,,,,,
698,NPCData,687,4,Vương Phu Nhân,,,,,,,,
699,NPCData,688,4,Trương Tiến Bảo,,,,,,,,
700,NPCData,689,4,Hầu Bàn Nghiêm,,,,,,,,
701,NPCData,690,4,Bình Sa Nhan,,,,,,,,
702,NPCData,691,4,Chu Phòng Phong,,,,,,,,
703,NPCData,692,4,Vân Phi Phi,,,,,,,,
704,NPCData,693,4,Vân Tư Nhi,,,,,,,,
705,NPCData,694,4,Phan Thanh Thanh,,,,,,,,
706,NPCData,695,4,Phạm Đại Thành,,,,,,,,
707,NPCData,696,4,Tăng Tam Tỉnh,,,,,,,,
708,NPCData,697,4,Tạ Thượng,,,,,,,,
709,NPCData,698,4,Ngô Giới,,,,,,,,
710,NPCData,699,4,Thầm Trừng,,,,,,,,
711,NPCData,700,4,Tuyết Trúc Liên,,,,,,,,
712,NPCData,701,4,Hoàng Công Đạo,,,,,,,,
713,NPCData,702,4,Hoàng Lăng Ba,,,,,,,,
714,NPCData,703,4,Tiểu Hoa,,,,,,,,
715,NPCData,704,4,Lục Sĩ Tranh,,,,,,,,
716,NPCData,705,4,Tưởng Bình,,,,,,,,
717,NPCData,706,4,Vi Đại Thúc,,,,,,,,
718,NPCData,707,4,Hoa Kiếm Vũ,,,,,,,,
719,NPCData,708,4,Trương Tiểu Tuyền,,,,,,,,
720,NPCData,709,4,Trương Tiểu Hà,,,,,,,,
721,NPCData,710,4,Tiết Chúc,,,,,,,,
722,NPCData,711,4,Âu Dã Vu,,,,,,,,
723,NPCData,712,4,Tô Kiếm Lĩnh,,,,,,,,
724,NPCData,713,4,Lưu Bác,,,,,,,,
725,NPCData,714,4,Hạ Toại Lương,,,,,,,,
726,NPCData,715,4,Lâm Triều Hùng,,,,,,,,
727,NPCData,716,4,Hứa Ngôn Thành,,,,,,,,
728,NPCData,717,4,Trương Dịch Quốc,,,,,,,,
729,NPCData,718,4,Vu Thiên Thiên,,,,,,,,
730,NPCData,719,25,Hô Diên Khánh,,,,,,,,
731,NPCData,720,25,Khấu Tuân,,,,,,,,
732,NPCData,721,25,Lý Cương,,,,,,,,
733,NPCData,722,25,Hắc Thi Thương Nhân,,,,,,,,
734,NPCData,723,25,Đào Yêu Yêu,,,,,,,,
735,NPCData,724,25,Tào Thuần,,,,,,,,
736,NPCData,725,73,A Nhĩ Kim,,,,,,,,
737,NPCData,726,73,Lan Đức,,,,,,,,
738,NPCData,727,73,Tây A lỗ,,,,,,,,
739,NPCData,728,73,La Toa,,,,,,,,
740,NPCData,729,73,Đề Na,,,,,,,,
741,NPCData,730,73,Lý Bách,,,,,,,,
742,NPCData,731,73,Trương Bằng Sơ,,,,,,,,
743,NPCData,732,73,Trác Bối Nhĩ,,,,,,,,
744,NPCData,733,10,Phá Sân,,,,,,,,
745,NPCData,734,10,Hộ Tự Trưởng Lão,,,,,,,,
746,NPCData,735,10,Bản Tướng,,,,,,,,
747,NPCData,736,10,Bản Phàm,,,,,,,,
748,NPCData,737,10,Bản Quán,,,,,,,,
749,NPCData,738,10,Bản Nhân,,,,,,,,
750,NPCData,739,10,Dương Bạch Ngưu,,,,,,,,
751,NPCData,740,10,Thịnh Như Lan,,,,,,,,
752,NPCData,741,13,Đặng Bà,,,,,,,,
753,NPCData,742,13,Ô Lão Đại,,,,,,,,
754,NPCData,743,13,Thạch Tẩu,,,,,,,,
755,NPCData,744,13,Phù Mẫn Nghi,,,,,,,,
756,NPCData,745,13,Lan Kiếm,,,,,,,,
757,NPCData,746,13,Mai Kiếm,,,,,,,,
758,NPCData,747,13,Nhâm Phi Hồng,,,,,,,,
759,NPCData,748,13,Trúc Kiếm,,,,,,,,
760,NPCData,749,14,Tiêu Thiên Dật,,,,,,,,
761,NPCData,750,14,Mạc Thái Xung,,,,,,,,
762,NPCData,751,14,Ninh Hư Tán Nhân,,,,,,,,
763,NPCData,752,14,Trương Trung Hành,,,,,,,,
764,NPCData,753,14,Du Viễn Sơn,,,,,,,,
765,NPCData,754,14,Trương Huyền Tố,,,,,,,,
766,NPCData,755,14,Trương Quân Mộ,,,,,,,,
767,NPCData,756,14,Tinh Sơ Tán Nhân,,,,,,,,
768,NPCData,757,19,Tân Nhân Bằng,,,,,,,,
769,NPCData,758,19,Đoàn Dự,,,,,,,,
770,NPCData,759,19,Huyền Kiếm,,,,,,,,
771,NPCData,760,19,Tân Song Thanh,,,,,,,,
772,NPCData,761,19,Tả Tử Mục,,,,,,,,
773,NPCData,762,19,Mã Ngũ Đức,,,,,,,,
774,NPCData,763,19,Tiết Đại Mụ,,,,,,,,
775,NPCData,764,19,Chung Linh Gặp Nguy,,,,,,,,
776,NPCData,765,19,Đoàn Dự Bị Bắt,,,,,,,,
777,NPCData,766,19,Chung Linh Bắt,,,,,,,,
778,NPCData,767,19,Đoàn Dự Ngoại Thành,,,,,,,,
779,NPCData,768,19,Tiết Vận Lai,,,,,,,,
780,NPCData,769,19,Vương Khuê,,,,,,,,
781,NPCData,770,19,Vương Tiểu Nha,,,,,,,,
782,NPCData,771,19,Can Quang Hào,,,,,,,,
783,NPCData,772,19,Cổ Quang Đạt,,,,,,,,
784,NPCData,773,19,Tôn Quang Lượng,,,,,,,,
785,NPCData,774,19,Lý Quang Bách,,,,,,,,
786,NPCData,775,19,Dư Quang Ngạn,,,,,,,,
787,NPCData,776,19,Cát Quang Bội,,,,,,,,
788,NPCData,777,19,Chung Linh,,,,,,,,
789,NPCData,778,19,Cung Quang Kiệt,,,,,,,,
790,NPCData,779,19,Hầu Quang Anh,,,,,,,,
791,NPCData,780,19,Phương Quang Trí,,,,,,,,
792,NPCData,781,19,Hắc Thi Thương Nhân,,,,,,,,
793,NPCData,782,19,Hắc Thi Thương Nhân,,,,,,,,
794,NPCData,783,19,Giang Hồ Du Y,,,,,,,,
795,NPCData,784,83,Tử Vi,,,,,,,,
796,NPCData,785,83,Phù Dung,,,,,,,,
797,NPCData,786,83,Thuỷ Tiên,,,,,,,,
798,NPCData,787,83,Doanh Địa Hộ Vệ,,,,,,,,
799,NPCData,788,83,Doanh Địa Hộ Vệ,,,,,,,,
800,NPCData,789,83,Doanh Địa Hộ Vệ,,,,,,,,
801,NPCData,790,83,Doanh Địa Hộ Vệ,,,,,,,,
802,NPCData,791,83,Doanh Địa Hộ Vệ,,,,,,,,
803,NPCData,792,83,Chính Tây Giáo Úy,,,,,,,,
804,NPCData,793,83,Khúc Dương,,,,,,,,
805,NPCData,794,83,Giản Đinh,,,,,,,,
806,NPCData,795,83,Chính Nam Giáo Úy,,,,,,,,
807,NPCData,796,83,Đông Bắc Giáo Úy,,,,,,,,
808,NPCData,797,83,Vong Trần,,,,,,,,
809,NPCData,798,11,Hộ Tự Trưởng Lão,,,,,,,,
810,NPCData,799,11,Lý Khôi Lỗi,,,,,,,,
811,NPCData,800,11,Phùng A Tam,,,,,,,,
812,NPCData,801,11,Tần Quán,,,,,,,,
813,NPCData,802,11,Khang Quảng Lăng,,,,,,,,
814,NPCData,803,11,Tô Tinh Hà,,,,,,,,
815,NPCData,804,11,Dương Bạch Ngưu,,,,,,,,
816,NPCData,805,11,Thạch Cam Sương,,,,,,,,
817,NPCData,806,26,Kiều Tiểu Hỷ,,,,,,,,
818,NPCData,807,26,Khấu Tuân,,,,,,,,
819,NPCData,808,26,Trương Thúc Dạ,,,,,,,,
820,NPCData,809,26,Kim Đại Kiên,,,,,,,,
821,NPCData,810,26,Phong Ba Ác,,,,,,,,
822,NPCData,811,26,Bao Bất Đồng,,,,,,,,
823,NPCData,812,26,Tô Phi,,,,,,,,
824,NPCData,813,26,Mã Hán,,,,,,,,
825,NPCData,814,26,Hồ Bảo Thôn Thôn Dân,,,,,,,,
826,NPCData,815,26,Hồ Bảo Thôn Thôn Dân,,,,,,,,
827,NPCData,816,26,Hồ Bảo Thôn Hài Nhi,,,,,,,,
828,NPCData,817,26,Vương Triều,,,,,,,,
829,NPCData,818,12,Thiên Toàn Tử,,,,,,,,
830,NPCData,819,12,Thiên Lang Tử,,,,,,,,
831,NPCData,820,12,Sư Hống Tử,,,,,,,,
832,NPCData,821,12,Vương Ngạn,,,,,,,,
833,NPCData,822,12,Thi Toàn,,,,,,,,
834,NPCData,823,12,Hàn Thế Trung,,,,,,,,
835,NPCData,824,12,Thiên Ưng Tử,,,,,,,,
836,NPCData,825,12,Xuất Trần Tử,,,,,,,,
837,NPCData,826,12,Đinh Xuân Thu,,,,,,,,
838,NPCData,827,31,Lỗ Bình,,,,,,,,
839,NPCData,828,31,Miêu Khánh,,,,,,,,
840,NPCData,829,31,Khúc Đoan,,,,,,,,
841,NPCData,830,31,Liêu Đảo,,,,,,,,
842,NPCData,831,31,Mục Đảo,,,,,,,,
843,NPCData,832,31,Gia Luật Dư Đỗ,,,,,,,,
844,NPCData,833,65,Dương Nguyên,,,,,,,,
845,NPCData,834,65,Đinh Ba Lãng,,,,,,,,
846,NPCData,835,65,Lý Nhược Thủy,,,,,,,,
847,NPCData,836,65,Vũ Văn Thị,,,,,,,,
848,NPCData,837,65,Thôn Dân,,,,,,,,
849,NPCData,838,65,Thôn Dân,,,,,,,,
850,NPCData,839,65,Vương Tư Gia,,,,,,,,
851,NPCData,840,65,Trịnh Dương,,,,,,,,
852,NPCData,841,24,Gia Luật Mạc Ca,,,,,,,,
853,NPCData,842,24,Châu Vô Úy,,,,,,,,
854,NPCData,843,24,Khấu Phong,,,,,,,,
855,NPCData,844,24,Mã Thừa Sảnh,,,,,,,,
856,NPCData,845,24,Đông Hiệu Úy,,,,,,,,
857,NPCData,846,24,Nam Hiệu Úy,,,,,,,,
858,NPCData,847,24,Bắc Hiệu Úy,,,,,,,,
859,NPCData,848,24,Bách Tính Nhạn Môn Quan,,,,,,,,
860,NPCData,849,24,Nhạn Môn Quan Tống Binh,,,,,,,,
861,NPCData,850,24,Chủng Thế Hoành,,,,,,,,
862,NPCData,851,24,Mã Lực,,,,,,,,
863,NPCData,852,61,La Bốc,,,,,,,,
864,NPCData,853,61,Sách Mẫu Lạp,,,,,,,,
865,NPCData,854,61,Cổ Lỗ Lạp,,,,,,,,
866,NPCData,855,61,A Y Na,,,,,,,,
867,NPCData,856,61,A Hắc,,,,,,,,
868,NPCData,857,61,Dương Minh,,,,,,,,
869,NPCData,858,61,A Ngõa,,,,,,,,
870,NPCData,870,81,Quy Giai,,,,,,,,
871,NPCData,871,81,Sa Châu Lãnh,,,,,,,,
872,NPCData,917,16,Vương Hử Chi,,,,,,,,
873,NPCData,918,16,Lý Kế Long,,,,,,,,
874,NPCData,919,16,Vương Thiền Nhất,,,,,,,,
875,NPCData,920,16,Tiết Tăng Huy,,,,,,,,
876,NPCData,921,16,Cửu Nhật Thông,,,,,,,,
877,NPCData,922,16,Vương Xuân,,,,,,,,
878,NPCData,923,16,Cao Dương Bùi,,,,,,,,
879,NPCData,924,16,Tô Mộc Nhiên,,,,,,,,
880,NPCData,925,16,Vương Bàng Nhi,,,,,,,,
881,NPCData,926,16,Tô Cầm,,,,,,,,
882,NPCData,927,16,Ngô Bành,,,,,,,,
883,NPCData,928,16,Vương Huyền Phong,,,,,,,,
884,NPCData,948,17,Đường Nhạc Thiên,,,,,,,,
885,NPCData,949,17,Đường Diệc Phong,,,,,,,,
886,NPCData,950,17,Đường Môn Lão Lão,,,,,,,,
887,NPCData,951,17,Đệ tử Đường Môn,,,,,,,,
888,NPCData,952,17,Đường Xuân,,,,,,,,
889,NPCData,953,17,Đường Nhạc Trùng,,,,,,,,
890,NPCData,954,17,Đường Chử Cơ,,,,,,,,
891,NPCData,955,17,Đường Phỉ Phỉ,,,,,,,,
892,NPCData,956,17,Đường Thanh Thu,,,,,,,,
893,NPCData,957,17,Đường Dư Thành,,,,,,,,
894,NPCData,958,17,Đường Nhược Hề,,,,,,,,
895,NPCData,959,17,Đường Phi Phi,,,,,,,,
896,NPCData,960,17,Đường Thái Thái,,,,,,,,
897,NPCData,961,17,Đường Mộ Tường,,,,,,,,
898,NPCData,972,18,Chẩm Mộng Quy,,,,,,,,
899,NPCData,968,18,Quân Hoàn Châu,,,,,,,,
900,NPCData,969,18,Tạ Xuân Hàn,,,,,,,,
901,NPCData,967,18,Yến Phản,,,,,,,,
902,NPCData,975,18,Túc Hồi Chi,,,,,,,,
903,NPCData,978,18,Hoàng Chí Tri,,,,,,,,
904,NPCData,970,18,Tiêu Thanh Yết,,,,,,,,
905,NPCData,964,18,Đào Ân,,,,,,,,
906,NPCData,965,18,Lý Trường Cát,,,,,,,,
907,NPCData,966,18,Đào Đào,,,,,,,,
908,NPCData,990,137,Vương Nhạn Túc,,,,,,,,
909,NPCData,992,137,U Thảo,,,,,,,,
910,NPCData,989,137,Quan Sơn Nguyệt,,,,,,,,
911,NPCData,987,137,Vương An Ca,,,,,,,,
912,NPCData,988,137,Vương Hòa Linh,,,,,,,,
913,NPCData,986,137,Vương Tố Thương,,,,,,,,
914,NPCData,991,137,Diệp Bà Bà,,,,,,,,
915,NPCData,985,137,Vương Phu Nhân,,,,,,,,
916,NPCData,993,143,Lộ Lan,,,,,,,,
917,NPCData,994,143,Cẩn Trọng,,,,,,,,
918,NPCData,995,143,Mục Vũ,,,,,,,,
919,NPCData,996,143,Nguyên Thanh,,,,,,,,
920,NPCData,997,143,Hành Nghiêm,,,,,,,,
921,NPCData,998,143,Vân Kiêu,,,,,,,,
922,NPCData,999,143,Thất Thúc,,,,,,,,
923,NPCData,1000,143,Lăng Xước,,,,,,,,
924,NPCData,1001,143,Đan Anh,,,,,,,,
925,Portal,,,,25,1122,3986,137,4442,2069,,
926,Portal,,,,137,4598,1952,25,1352,4014,,
927,Portal,,,,2,1070,5470,21,1400,1320,,
928,Portal,,,,2,9470,5480,19,1600,4800,,
929,Portal,,,,2,5120,890,20,9000,9050,,
930,Portal,,,,3,14000,7920,24,8510,1570,,
931,Portal,,,,3,2760,8180,22,8680,5510,,
932,Portal,,,,3,8190,1400,23,1360,8470,,
933,Portal,,,,4,2220,7690,30,9000,8790,,
934,Portal,,,,4,8900,14900,25,6890,1550,,
935,Portal,,,,4,8920,3000,26,1570,8450,,
936,Portal,,,,5,9550,5660,68,947,7010,,
937,Portal,,,,5,760,5660,71,6220,1000,,
938,Portal,,,,5,5140,430,73,1000,7080,,
939,Portal,,,,6,3070,730,23,8620,5920,,
940,Portal,,,,7,2950,520,25,9000,8650,,
941,Portal,,,,8,3120,530,25,9120,2900,,
942,Portal,,,,9,2860,1380,21,9100,4850,,
943,Portal,,,,10,3070,1435,19,2700,1810,,
944,Portal,,,,11,1040,1950,19,3720,8900,,
945,Portal,,,,12,3050,1190,22,1420,1360,,
946,Portal,,,,13,3040,1070,22,2000,8880,,
947,Portal,,,,14,3030,975,30,1030,2700,,
948,Portal,,,,15,5180,600,30,2300,5680,,
949,Portal,,,,19,1370,4720,2,9400,5400,,
950,Portal,,,,19,2700,1555,10,3070,1630,,
951,Portal,,,,19,3720,9180,11,1340,1950,,
952,Portal,,,,19,9090,7730,30,1080,770,,
953,Portal,,,,20,9300,9250,2,5110,1060,,
954,Portal,,,,20,1180,5200,57,8700,8500,,
955,Portal,,,,20,1070,1300,60,8400,6150,,
956,Portal,,,,20,9090,7410,56,1180,630,,
957,Portal,,,,21,1200,1220,2,1370,5400,,
958,Portal,,,,21,9150,4460,9,2860,1580,,
959,Portal,,,,21,3390,9000,22,7420,1550,,
960,Portal,,,,21,7400,1260,17,5300,1100,,
961,Portal,,,,17,5530,800,21,7400,1500,,
962,Portal,,,,22,9175,5620,3,3380,8180,,
963,Portal,,,,22,1800,9070,13,3040,1270,,
964,Portal,,,,22,7420,1250,21,3390,8800,,
965,Portal,,,,22,1120,1360,12,3050,1390,,
966,Portal,,,,22,5320,9190,50,7500,700,,
967,Portal,,,,22,2260,6888,55,7000,7200,,
968,Portal,,,,23,1080,8470,3,8190,1800,,
969,Portal,,,,23,9060,2300,25,3000,9270,,
970,Portal,,,,23,9070,5920,6,3070,1030,,
971,Portal,,,,24,8510,1170,3,13600,7920,,
972,Portal,,,,24,7930,8900,31,7330,1190,,
973,Portal,,,,24,1160,8933,42,733,973,,
974,Portal,,,,24,1140,8340,43,9080,2040,,
975,Portal,,,,24,2400,1200,16,3100,1100,,
976,Portal,,,,16,3110,730,24,2400,1600,,
977,Portal,,,,25,6900,1250,4,8888,14500,,
978,Portal,,,,25,9300,2710,8,3120,675,,
979,Portal,,,,25,9000,8900,7,2950,820,,
980,Portal,,,,25,2960,9440,23,9060,2000,,
981,Portal,,,,26,8440,1400,83,1660,8300,,
982,Portal,,,,26,1170,8600,4,8920,3400,,
983,Portal,,,,26,8880,8300,27,1250,1550,,
984,Portal,,,,27,1070,1400,26,8680,8300,,
985,Portal,,,,27,9600,5150,29,8320,8300,,
986,Portal,,,,27,5440,1330,28,720,7500,,
987,Portal,,,,28,433,7700,27,5440,1530,,
988,Portal,,,,29,8620,8720,27,9400,5150,,
989,Portal,,,,29,8840,1280,84,8800,9000,,
990,Portal,,,,30,9330,8870,4,2460,7670,,
991,Portal,,,,30,1020,540,19,8900,7730,,
992,Portal,,,,30,830,2700,14,3030,1100,,
993,Portal,,,,30,2000,5680,15,5100,800,,
994,Portal,,,,31,7330,990,24,7930,8700,,
995,Portal,,,,31,4480,1940,33,2090,1460,,
996,Portal,,,,31,1740,8300,32,1280,1180,,
997,Portal,,,,32,680,840,31,1740,8100,,
998,Portal,,,,33,2090,1260,31,4600,2200,,
999,Portal,,,,33,740,2929,34,2500,960,,
1000,Portal,,,,34,2500,660,33,940,2929,,
1001,Portal,,,,34,3370,3080,35,990,3600,,
1002,Portal,,,,35,690,3600,34,3070,3080,,
1003,Portal,,,,35,3400,800,36,3230,3200,,
1004,Portal,,,,36,3230,3500,35,3400,950,,
1005,Portal,,,,36,1860,2737,37,820,3240,,
1006,Portal,,,,37,710,3340,36,1860,3000,,
1007,Portal,,,,37,3400,3686,38,2080,600,,
1008,Portal,,,,38,2080,300,37,3400,3486,,
1009,Portal,,,,38,2090,2400,39,860,555,,
1010,Portal,,,,39,860,355,38,2090,2100,,
1011,Portal,,,,39,2530,3210,40,450,3600,,
1012,Portal,,,,40,450,3720,39,2970,3150,,
1013,Portal,,,,40,1270,3130,41,610,3600,,
1014,Portal,,,,41,470,3640,40,1400,3260,,
1015,Portal,,,,42,733,673,24,1460,8933,,
1016,Portal,,,,43,9441,1960,24,1440,8340,,
1017,Portal,,,,43,8280,8000,48,1550,1550,,
1018,Portal,,,,43,3800,9330,45,2070,1560,,
1019,Portal,,,,43,2060,3860,44,7400,850,,
1020,Portal,,,,44,7400,577,43,2360,3860,,
1021,Portal,,,,45,2070,1260,43,3800,9030,,
1022,Portal,,,,45,1300,3480,46,4070,7225,,
1023,Portal,,,,45,8100,8000,47,1920,1170,,
1024,Portal,,,,46,4070,7525,45,1600,3480,,
1025,Portal,,,,47,1920,870,45,7890,8000,,
1026,Portal,,,,48,1250,1550,43,7716,7853,,
1027,Portal,,,,48,9040,7888,49,1550,1550,,
1028,Portal,,,,49,1250,1550,48,8640,7888,,
1029,Portal,,,,50,7500,520,22,5320,9000,,
1030,Portal,,,,50,980,7080,51,7300,1020,,
1031,Portal,,,,51,7300,820,50,980,6900,,
1032,Portal,,,,51,700,7310,52,560,670,,
1033,Portal,,,,52,560,370,51,700,7110,,
1034,Portal,,,,52,6968,6666,53,1100,570,,
1035,Portal,,,,53,800,270,52,6968,6366,,
1036,Portal,,,,53,7120,7410,54,4080,1440,,
1037,Portal,,,,54,4080,1240,53,6920,7410,,
1038,Portal,,,,55,960,4920,70,2300,3150,,
1039,Portal,,,,55,1080,970,68,7175,1212,,
1040,Portal,,,,55,7100,7200,22,2300,6888,,
1041,Portal,,,,56,980,630,20,8870,7200,,
1042,Portal,,,,57,9140,8440,20,1535,4970,,
1043,Portal,,,,57,9400,5300,59,880,6060,,
1044,Portal,,,,59,450,7400,57,9200,5300,,
1045,Portal,,,,60,8600,6150,20,1300,1400,,
1046,Portal,,,,60,760,2150,63,8400,8450,,
1047,Portal,,,,60,1300,1500,65,1400,7230,,
1048,Portal,,,,60,3555,9000,61,1500,8650,,
1049,Portal,,,,60,3420,1800,67,7580,7490,,
1050,Portal,,,,61,1250,8650,60,3555,8800,,
1051,Portal,,,,61,1950,5020,62,1200,7200,,
1052,Portal,,,,62,760,7490,61,2180,5110,,
1053,Portal,,,,63,8636,8740,60,1200,2300,,
1054,Portal,,,,63,3300,800,64,2020,9150,,
1055,Portal,,,,64,2020,9450,63,3300,1000,,
1056,Portal,,,,65,1630,7520,60,1500,1500,,
1057,Portal,,,,65,7300,2780,66,3200,1160,,
1058,Portal,,,,66,3200,960,65,7100,2780,,
1059,Portal,,,,67,7580,7690,60,3420,2000,,
1060,Portal,,,,68,7340,1030,55,1400,1270,,
1061,Portal,,,,68,2250,3535,69,3110,979,,
1062,Portal,,,,68,747,7010,5,9250,5660,,
1063,Portal,,,,69,3310,750,68,2250,3235,,
1064,Portal,,,,70,2125,3460,55,1160,4920,,
1065,Portal,,,,71,6250,630,5,960,5660,,
1066,Portal,,,,71,800,1640,72,2800,1300,,
1067,Portal,,,,72,3020,1300,71,1000,1640,,
1068,Portal,,,,73,1000,7380,5,5140,730,,
1069,Portal,,,,73,3380,1180,74,1100,3260,,
1070,Portal,,,,73,7333,1370,75,3530,7473,,
1071,Portal,,,,74,1100,3430,73,3610,1140,,
1072,Portal,,,,75,3530,7673,73,6400,1233,,
1073,Portal,,,,75,920,850,76,3020,2800,,
1074,Portal,,,,76,3020,3020,75,1000,1100,,
1075,Portal,,,,83,1555,8600,26,8440,1600,,
1076,Portal,,,,83,8776,4488,84,1200,1600,,
1077,Portal,,,,83,8100,1500,85,1240,9070,,
1078,Portal,,,,83,3200,8800,99,3500,1100,,
1079,Portal,,,,84,1055,1470,83,8555,4535,,
1080,Portal,,,,84,8800,9220,29,8955,1455,,
1081,Portal,,,,85,1040,9070,83,8100,1700,,
1082,Portal,,,,85,9060,4700,86,8720,1620,,
1083,Portal,,,,86,8720,1420,85,8860,4700,,
1084,Portal,,,,99,3500,950,83,3400,8600,,
1085,Portal,,,,99,3500,950,83,3400,8600,,
1086,Portal,,,,18,8270,4520,26,7800,7400,,
1087,Portal,,,,26,8020,7200,18,8400,5000,,
1088,Portal,,,,21,9036,2837,143,4873,4091,,
1089,Portal,,,,143,4773,3891,21,8496,2865,,
1090,NPC,,,,3,8770,7080,81,2550,8980,,
1091,NPC,,,,81,2600,9300,3,8870,8960,,
1092,NPC,,,,4,5674,8700,81,2550,8980,,
1093,NPC,,,,81,2600,9300,4,5774,8700,,
1094,NPC,,,,22,2260,6888,55,7000,7200,,
1095,NPC,,,,55,7100,7200,22,2360,6888,,
1096,NPC,,,,1,4882,6588,3,10460,7570,,
1097,NPC,,,,1,4882,6588,3,7570,6090,,
1098,NPC,,,,1,4882,6588,3,6930,5380,,
1099,NPC,,,,1,4882,6588,2,8260,6340,,
1100,NPC,,,,1,4882,6588,4,10600,8780,,
1101,NPC,,,,1,4882,6588,4,6160,8100,,
1102,NPC,,,,1,4882,6588,5,9260,5910,,
1103,NPC,,,,1,4882,6588,6,2970,2140,,
1104,NPC,,,,1,4882,6588,7,2840,2300,,
1105,NPC,,,,1,4882,6588,8,3120,820,,
1106,NPC,,,,1,4882,6588,9,2860,1660,,
1107,NPC,,,,1,4882,6588,10,3000,2110,,
1108,NPC,,,,1,4882,6588,11,2050,1510,,
1109,NPC,,,,1,4882,6588,12,3000,1340,,
1110,NPC,,,,1,4882,6588,13,3050,2310,,
1111,NPC,,,,1,4882,6588,14,3255,2725,,
1112,NPC,,,,1,4882,6588,15,920,1650,,
1113,NPC,,,,1,4882,6588,16,3100,1100,,
1114,NPC,,,,1,4882,6588,17,4000,3800,,
1115,NPC,,,,1,4882,6588,18,8400,5000,,
1116,NPC,,,,1,4882,6588,137,4317,2128,,
1117,NPC,,,,1,4882,6588,143,8180,8060,,
1118,NPC,,,,2,8060,6340,3,10460,7570,,
1119,NPC,,,,2,8060,6340,3,7570,6090,,
1120,NPC,,,,2,8060,6340,3,6930,5380,,
1121,NPC,,,,2,8060,6340,1,5082,6388,,
1122,NPC,,,,2,8060,6340,4,10600,8780,,
1123,NPC,,,,2,8060,6340,4,6160,8100,,
1124,NPC,,,,2,8060,6340,5,9260,5910,,
1125,NPC,,,,2,8060,6340,6,2970,2140,,
1126,NPC,,,,2,8060,6340,7,2840,2300,,
1127,NPC,,,,2,8060,6340,8,3120,820,,
1128,NPC,,,,2,8060,6340,9,2860,1660,,
1129,NPC,,,,2,8060,6340,10,3000,2110,,
1130,NPC,,,,2,8060,6340,11,2050,1510,,
1131,NPC,,,,2,8060,6340,12,3000,1340,,
1132,NPC,,,,2,8060,6340,13,3050,2310,,
1133,NPC,,,,2,8060,6340,14,3255,2725,,
1134,NPC,,,,2,8060,6340,15,920,1650,,
1135,NPC,,,,2,8060,6340,16,3100,1100,,
1136,NPC,,,,2,8060,6340,17,4000,3800,,
1137,NPC,,,,2,8060,6340,18,8400,5000,,
1138,NPC,,,,2,8060,6340,137,4317,2128,,
1139,NPC,,,,2,8060,6340,143,8180,8060,,
1140,NPC,,,,3,10460,7770,1,4882,6388,,
1141,NPC,,,,3,10460,7770,2,8260,6340,,
1142,NPC,,,,3,10460,7770,4,10600,8780,,
1143,NPC,,,,3,10460,7770,4,6160,8100,,
1144,NPC,,,,3,10460,7770,5,9260,5910,,
1145,NPC,,,,3,10460,7770,6,2970,2140,,
1146,NPC,,,,3,10460,7770,7,2840,2300,,
1147,NPC,,,,3,10460,7770,8,3120,820,,
1148,NPC,,,,3,10460,7770,9,2860,1660,,
1149,NPC,,,,3,10460,7770,10,3000,2110,,
1150,NPC,,,,3,10460,7770,11,2050,1510,,
1151,NPC,,,,3,10460,7770,12,3000,1340,,
1152,NPC,,,,3,10460,7770,13,3050,2310,,
1153,NPC,,,,3,10460,7770,14,3255,2725,,
1154,NPC,,,,3,10460,7770,15,920,1650,,
1155,NPC,,,,3,10460,7770,16,3100,1100,,
1156,NPC,,,,3,10460,7770,17,4000,3800,,
1157,NPC,,,,3,10460,7770,18,8400,5000,,
1158,NPC,,,,3,10460,7770,137,4317,2128,,
1159,NPC,,,,3,10460,7770,143,8180,8060,,
1160,NPC,,,,3,7450,6090,1,4882,6388,,
1161,NPC,,,,3,7450,6090,2,8260,6340,,
1162,NPC,,,,3,7450,6090,4,10600,8780,,
1163,NPC,,,,3,7450,6090,4,6160,8100,,
1164,NPC,,,,3,7450,6090,5,9260,5910,,
1165,NPC,,,,3,7450,6090,6,2970,2140,,
1166,NPC,,,,3,7450,6090,7,2840,2300,,
1167,NPC,,,,3,7450,6090,8,3120,820,,
1168,NPC,,,,3,7450,6090,9,2860,1660,,
1169,NPC,,,,3,7450,6090,10,3000,2110,,
1170,NPC,,,,3,7450,6090,11,2050,1510,,
1171,NPC,,,,3,7450,6090,12,3000,1340,,
1172,NPC,,,,3,7450,6090,13,3050,2310,,
1173,NPC,,,,3,7450,6090,14,3255,2725,,
1174,NPC,,,,3,7450,6090,15,920,1650,,
1175,NPC,,,,3,7450,6090,16,3100,1100,,
1176,NPC,,,,3,7450,6090,17,4000,3800,,
1177,NPC,,,,3,7450,6090,18,8400,5000,,
1178,NPC,,,,3,7450,6090,137,4317,2128,,
1179,NPC,,,,3,7450,6090,143,8180,8060,,
1180,NPC,,,,4,10750,9140,1,4882,6388,,
1181,NPC,,,,4,10750,9140,2,8260,6340,,
1182,NPC,,,,4,10750,9140,3,10460,7570,,
1183,NPC,,,,4,10750,9140,3,7570,6090,,
1184,NPC,,,,4,10750,9140,3,6930,5380,,
1185,NPC,,,,4,10750,9140,5,9260,5910,,
1186,NPC,,,,4,10750,9140,6,2970,2140,,
1187,NPC,,,,4,10750,9140,7,2840,2300,,
1188,NPC,,,,4,10750,9140,8,3120,820,,
1189,NPC,,,,4,10750,9140,9,2860,1660,,
1190,NPC,,,,4,10750,9140,10,3000,2110,,
1191,NPC,,,,4,10750,9140,11,2050,1510,,
1192,NPC,,,,4,10750,9140,12,3000,1340,,
1193,NPC,,,,4,10750,9140,13,3050,2310,,
1194,NPC,,,,4,10750,9140,14,3255,2725,,
1195,NPC,,,,4,10750,9140,15,920,1650,,
1196,NPC,,,,4,10750,9140,16,3100,1100,,
1197,NPC,,,,4,10750,9140,17,4000,3800,,
1198,NPC,,,,4,10750,9140,18,8400,5000,,
1199,NPC,,,,4,10750,9140,137,4317,2128,,
1200,NPC,,,,4,10750,9140,143,8180,8060,,
1201,NPC,,,,4,6500,8200,1,4882,6388,,
1202,NPC,,,,4,6500,8200,2,8260,6340,,
1203,NPC,,,,4,6500,8200,3,10460,7570,,
1204,NPC,,,,4,6500,8200,3,7570,6090,,
1205,NPC,,,,4,6500,8200,3,6930,5380,,
1206,NPC,,,,4,6500,8200,5,9260,5910,,
1207,NPC,,,,4,6500,8200,6,2970,2140,,
1208,NPC,,,,4,6500,8200,7,2840,2300,,
1209,NPC,,,,4,6500,8200,8,3120,820,,
1210,NPC,,,,4,6500,8200,9,2860,1660,,
1211,NPC,,,,4,6500,8200,10,3000,2110,,
1212,NPC,,,,4,6500,8200,11,2050,1510,,
1213,NPC,,,,4,6500,8200,12,3000,1340,,
1214,NPC,,,,4,6500,8200,13,3050,2310,,
1215,NPC,,,,4,6500,8200,14,3255,2725,,
1216,NPC,,,,4,6500,8200,15,920,1650,,
1217,NPC,,,,4,6500,8200,16,3100,1100,,
1218,NPC,,,,4,6500,8200,17,4000,3800,,
1219,NPC,,,,4,6500,8200,18,8400,5000,,
1220,NPC,,,,4,6500,8200,137,4317,2128,,
1221,NPC,,,,4,6500,8200,143,8180,8060,,
1222,NPC,,,,5,9060,5910,1,4882,6388,,
1223,NPC,,,,5,9060,5910,2,8260,6340,,
1224,NPC,,,,5,9060,5910,3,7570,6090,,
1225,NPC,,,,5,9060,5910,3,6930,5380,,
1226,NPC,,,,5,9060,5910,3,10460,7570,,
1227,NPC,,,,5,9060,5910,4,10600,8780,,
1228,NPC,,,,5,9060,5910,4,6160,8100,,
1229,NPC,,,,5,9060,5910,6,2970,2140,,
1230,NPC,,,,5,9060,5910,7,2840,2300,,
1231,NPC,,,,5,9060,5910,8,3120,820,,
1232,NPC,,,,5,9060,5910,9,2860,1660,,
1233,NPC,,,,5,9060,5910,10,3000,2110,,
1234,NPC,,,,5,9060,5910,11,2050,1510,,
1235,NPC,,,,5,9060,5910,12,3000,1340,,
1236,NPC,,,,5,9060,5910,13,3050,2310,,
1237,NPC,,,,5,9060,5910,14,3255,2725,,
1238,NPC,,,,5,9060,5910,15,920,1650,,
1239,NPC,,,,5,9060,5910,16,3100,1100,,
1240,NPC,,,,5,9060,5910,17,4000,3800,,
1241,NPC,,,,5,9060,5910,18,8400,5000,,
1242,NPC,,,,5,9060,5910,137,4317,2128,,
1243,NPC,,,,5,9060,5910,143,8180,8060,,
1244,NPC,,,,6,2970,1940,1,4882,6388,,
1245,NPC,,,,6,2970,1940,2,8260,6340,,
1246,NPC,,,,6,2970,1940,3,10460,7570,,
1247,NPC,,,,6,2970,1940,3,7570,6090,,
1248,NPC,,,,6,2970,1940,3,6930,5380,,
1249,NPC,,,,6,2970,1940,4,10600,8780,,
1250,NPC,,,,6,2970,1940,4,6160,8100,,
1251,NPC,,,,6,2970,1940,5,9260,5910,,
1252,NPC,,,,6,2970,1940,7,2840,2300,,
1253,NPC,,,,6,2970,1940,8,3120,820,,
1254,NPC,,,,6,2970,1940,9,2860,1660,,
1255,NPC,,,,6,2970,1940,10,3000,2110,,
1256,NPC,,,,6,2970,1940,11,2050,1510,,
1257,NPC,,,,6,2970,1940,12,3000,1340,,
1258,NPC,,,,6,2970,1940,13,3050,2310,,
1259,NPC,,,,6,2970,1940,14,3255,2725,,
1260,NPC,,,,6,2970,1940,15,920,1650,,
1261,NPC,,,,6,2970,1940,16,3100,1100,,
1262,NPC,,,,6,2970,1940,17,4000,3800,,
1263,NPC,,,,6,2970,1940,18,8400,5000,,
1264,NPC,,,,6,2970,1940,137,4317,2128,,
1265,NPC,,,,6,2970,1940,143,8180,8060,,
1266,NPC,,,,7,3040,2300,1,4882,6388,,
1267,NPC,,,,7,3040,2300,2,8260,6340,,
1268,NPC,,,,7,3040,2300,3,10460,7570,,
1269,NPC,,,,7,3040,2300,3,7570,6090,,
1270,NPC,,,,7,3040,2300,3,6930,5380,,
1271,NPC,,,,7,3040,2300,4,10600,8780,,
1272,NPC,,,,7,3040,2300,4,6160,8100,,
1273,NPC,,,,7,3040,2300,5,9260,5910,,
1274,NPC,,,,7,3040,2300,6,2970,2140,,
1275,NPC,,,,7,3040,2300,8,3120,820,,
1276,NPC,,,,7,3040,2300,9,2860,1660,,
1277,NPC,,,,7,3040,2300,10,3000,2110,,
1278,NPC,,,,7,3040,2300,11,2050,1510,,
1279,NPC,,,,7,3040,2300,12,3000,1340,,
1280,NPC,,,,7,3040,2300,13,3050,2310,,
1281,NPC,,,,7,3040,2300,14,3255,2725,,
1282,NPC,,,,7,3040,2300,15,920,1650,,
1283,NPC,,,,7,3040,2300,16,3100,1100,,
1284,NPC,,,,7,3040,2300,17,4000,3800,,
1285,NPC,,,,7,3040,2300,18,8400,5000,,
1286,NPC,,,,7,3040,2300,137,4317,2128,,
1287,NPC,,,,7,3040,2300,143,8180,8060,,
1288,NPC,,,,8,3290,620,1,4882,6388,,
1289,NPC,,,,8,3290,620,2,8260,6340,,
1290,NPC,,,,8,3290,620,3,10460,7570,,
1291,NPC,,,,8,3290,620,3,7570,6090,,
1292,NPC,,,,8,3290,620,3,6930,5380,,
1293,NPC,,,,8,3290,620,4,10600,8780,,
1294,NPC,,,,8,3290,620,4,6160,8100,,
1295,NPC,,,,8,3290,620,5,9260,5910,,
1296,NPC,,,,8,3290,620,6,2970,2140,,
1297,NPC,,,,8,3290,620,7,2840,2300,,
1298,NPC,,,,8,3290,620,9,2860,1660,,
1299,NPC,,,,8,3290,620,10,3000,2110,,
1300,NPC,,,,8,3290,620,11,2050,1510,,
1301,NPC,,,,8,3290,620,12,3000,1340,,
1302,NPC,,,,8,3290,620,13,3050,2310,,
1303,NPC,,,,8,3290,620,14,3255,2725,,
1304,NPC,,,,8,3290,620,15,920,1650,,
1305,NPC,,,,8,3290,620,16,3100,1100,,
1306,NPC,,,,8,3290,620,17,4000,3800,,
1307,NPC,,,,8,3290,620,18,8400,5000,,
1308,NPC,,,,8,3290,620,137,4317,2128,,
1309,NPC,,,,8,3290,620,143,8180,8060,,
1310,NPC,,,,9,2780,1700,1,4882,6388,,
1311,NPC,,,,9,2780,1700,2,8260,6340,,
1312,NPC,,,,9,2780,1700,3,10460,7570,,
1313,NPC,,,,9,2780,1700,3,7570,6090,,
1314,NPC,,,,9,2780,1700,3,6930,5380,,
1315,NPC,,,,9,2780,1700,4,10600,8780,,
1316,NPC,,,,9,2780,1700,4,6160,8100,,
1317,NPC,,,,9,2780,1700,5,9260,5910,,
1318,NPC,,,,9,2780,1700,6,2970,2140,,
1319,NPC,,,,9,2780,1700,7,2840,2300,,
1320,NPC,,,,9,2780,1700,8,3120,820,,
1321,NPC,,,,9,2780,1700,10,3000,2110,,
1322,NPC,,,,9,2780,1700,11,2050,1510,,
1323,NPC,,,,9,2780,1700,12,3000,1340,,
1324,NPC,,,,9,2780,1700,13,3050,2310,,
1325,NPC,,,,9,2780,1700,14,3255,2725,,
1326,NPC,,,,9,2780,1700,15,920,1650,,
1327,NPC,,,,9,2780,1700,16,3100,1100,,
1328,NPC,,,,9,2780,1700,17,4000,3800,,
1329,NPC,,,,9,2780,1700,18,8400,5000,,
1330,NPC,,,,9,2780,1700,137,4317,2128,,
1331,NPC,,,,9,2780,1700,143,8180,8060,,
1332,NPC,,,,10,3170,2110,1,4882,6388,,
1333,NPC,,,,10,3170,2110,3,7570,6090,,
1334,NPC,,,,10,3170,2110,3,6930,5380,,
1335,NPC,,,,10,3170,2110,2,8260,6340,,
1336,NPC,,,,10,3170,2110,3,10460,7570,,
1337,NPC,,,,10,3170,2110,4,10600,8780,,
1338,NPC,,,,10,3170,2110,4,6160,8100,,
1339,NPC,,,,10,3170,2110,5,9260,5910,,
1340,NPC,,,,10,3170,2110,6,2970,2140,,
1341,NPC,,,,10,3170,2110,7,2840,2300,,
1342,NPC,,,,10,3170,2110,8,3120,820,,
1343,NPC,,,,10,3170,2110,9,2860,1660,,
1344,NPC,,,,10,3170,2110,11,2050,1510,,
1345,NPC,,,,10,3170,2110,12,3000,1340,,
1346,NPC,,,,10,3170,2110,13,3050,2310,,
1347,NPC,,,,10,3170,2110,14,3255,2725,,
1348,NPC,,,,10,3170,2110,15,920,1650,,
1349,NPC,,,,10,3170,2110,16,3100,1100,,
1350,NPC,,,,10,3170,2110,17,4000,3800,,
1351,NPC,,,,10,3170,2110,18,8400,5000,,
1352,NPC,,,,10,3170,2110,137,4317,2128,,
1353,NPC,,,,10,3170,2110,143,8180,8060,,
1354,NPC,,,,11,2210,1510,1,4882,6388,,
1355,NPC,,,,11,2210,1510,3,7570,6090,,
1356,NPC,,,,11,2210,1510,3,6930,5380,,
1357,NPC,,,,11,2210,1510,2,8260,6340,,
1358,NPC,,,,11,2210,1510,3,10460,7570,,
1359,NPC,,,,11,2210,1510,4,10600,8780,,
1360,NPC,,,,11,2210,1510,4,6160,8100,,
1361,NPC,,,,11,2210,1510,5,9260,5910,,
1362,NPC,,,,11,2210,1510,6,2970,2140,,
1363,NPC,,,,11,2210,1510,7,2840,2300,,
1364,NPC,,,,11,2210,1510,8,3120,820,,
1365,NPC,,,,11,2210,1510,9,2860,1660,,
1366,NPC,,,,11,2210,1510,10,3000,2110,,
1367,NPC,,,,11,2210,1510,12,3000,1340,,
1368,NPC,,,,11,2210,1510,13,3050,2310,,
1369,NPC,,,,11,2210,1510,14,3255,2725,,
1370,NPC,,,,11,2210,1510,15,920,1650,,
1371,NPC,,,,11,2210,1510,16,3100,1100,,
1372,NPC,,,,11,2210,1510,17,4000,3800,,
1373,NPC,,,,11,2210,1510,18,8400,5000,,
1374,NPC,,,,11,2210,1510,137,4317,2128,,
1375,NPC,,,,11,2210,1510,143,8180,8060,,
1376,NPC,,,,12,3180,1340,1,4882,6388,,
1377,NPC,,,,12,3180,1340,2,8260,6340,,
1378,NPC,,,,12,3180,1340,3,10460,7570,,
1379,NPC,,,,12,3180,1340,3,7570,6090,,
1380,NPC,,,,12,3180,1340,3,6930,5380,,
1381,NPC,,,,12,3180,1340,4,10600,8780,,
1382,NPC,,,,12,3180,1340,4,6160,8100,,
1383,NPC,,,,12,3180,1340,5,9260,5910,,
1384,NPC,,,,12,3180,1340,6,2970,2140,,
1385,NPC,,,,12,3180,1340,7,2840,2300,,
1386,NPC,,,,12,3180,1340,8,3120,820,,
1387,NPC,,,,12,3180,1340,9,2860,1660,,
1388,NPC,,,,12,3180,1340,10,3000,2110,,
1389,NPC,,,,12,3180,1340,11,2050,1510,,
1390,NPC,,,,12,3180,1340,13,3050,2310,,
1391,NPC,,,,12,3180,1340,14,3255,2725,,
1392,NPC,,,,12,3180,1340,15,920,1650,,
1393,NPC,,,,12,3180,1340,16,3100,1100,,
1394,NPC,,,,12,3180,1340,17,4000,3800,,
1395,NPC,,,,12,3180,1340,18,8400,5000,,
1396,NPC,,,,12,3180,1340,137,4317,2128,,
1397,NPC,,,,12,3180,1340,143,8180,8060,,
1398,NPC,,,,13,2910,2310,1,4882,6388,,
1399,NPC,,,,13,2910,2310,2,8260,6340,,
1400,NPC,,,,13,2910,2310,3,10460,7570,,
1401,NPC,,,,13,2910,2310,3,7570,6090,,
1402,NPC,,,,13,2910,2310,3,6930,5380,,
1403,NPC,,,,13,2910,2310,4,10600,8780,,
1404,NPC,,,,13,2910,2310,4,6160,8100,,
1405,NPC,,,,13,2910,2310,5,9260,5910,,
1406,NPC,,,,13,2910,2310,6,2970,2140,,
1407,NPC,,,,13,2910,2310,7,2840,2300,,
1408,NPC,,,,13,2910,2310,8,3120,820,,
1409,NPC,,,,13,2910,2310,9,2860,1660,,
1410,NPC,,,,13,2910,2310,10,3000,2110,,
1411,NPC,,,,13,2910,2310,11,2050,1510,,
1412,NPC,,,,13,2910,2310,12,3000,1340,,
1413,NPC,,,,13,2910,2310,14,3255,2725,,
1414,NPC,,,,13,2910,2310,15,920,1650,,
1415,NPC,,,,13,2910,2310,16,3100,1100,,
1416,NPC,,,,13,2910,2310,17,4000,3800,,
1417,NPC,,,,13,2910,2310,18,8400,5000,,
1418,NPC,,,,13,2910,2310,137,4317,2128,,
1419,NPC,,,,13,2910,2310,143,8180,8060,,
1420,NPC,,,,14,3255,2825,1,4882,6388,,
1421,NPC,,,,14,3255,2825,2,8260,6340,,
1422,NPC,,,,14,3255,2825,3,10460,7570,,
1423,NPC,,,,14,3255,2825,3,7570,6090,,
1424,NPC,,,,14,3255,2825,3,6930,5380,,
1425,NPC,,,,14,3255,2825,4,10600,8780,,
1426,NPC,,,,14,3255,2825,4,6160,8100,,
1427,NPC,,,,14,3255,2825,5,9260,5910,,
1428,NPC,,,,14,3255,2825,6,2970,2140,,
1429,NPC,,,,14,3255,2825,7,2840,2300,,
1430,NPC,,,,14,3255,2825,8,3120,820,,
1431,NPC,,,,14,3255,2825,9,2860,1660,,
1432,NPC,,,,14,3255,2825,10,3000,2110,,
1433,NPC,,,,14,3255,2825,11,2050,1510,,
1434,NPC,,,,14,3255,2825,12,3000,1340,,
1435,NPC,,,,14,3255,2825,13,3050,2310,,
1436,NPC,,,,14,3255,2825,15,920,1650,,
1437,NPC,,,,14,3255,2825,16,3100,1100,,
1438,NPC,,,,14,3255,2825,17,4000,3800,,
1439,NPC,,,,14,3255,2825,18,8400,5000,,
1440,NPC,,,,14,3255,2825,137,4317,2128,,
1441,NPC,,,,14,3255,2825,143,8180,8060,,
1442,NPC,,,,15,920,1750,1,4882,6388,,
1443,NPC,,,,15,920,1750,2,8260,6340,,
1444,NPC,,,,15,920,1750,3,10460,7570,,
1445,NPC,,,,15,920,1750,3,7570,6090,,
1446,NPC,,,,15,920,1750,3,6930,5380,,
1447,NPC,,,,15,920,1750,4,10600,8780,,
1448,NPC,,,,15,920,1750,4,6160,8100,,
1449,NPC,,,,15,920,1750,5,9260,5910,,
1450,NPC,,,,15,920,1750,6,2970,2140,,
1451,NPC,,,,15,920,1750,7,2840,2300,,
1452,NPC,,,,15,920,1750,8,3120,820,,
1453,NPC,,,,15,920,1750,9,2860,1660,,
1454,NPC,,,,15,920,1750,10,3000,2110,,
1455,NPC,,,,15,920,1750,11,2050,1510,,
1456,NPC,,,,15,920,1750,12,3000,1340,,
1457,NPC,,,,15,920,1750,13,3050,2310,,
1458,NPC,,,,15,920,1750,14,3255,2725,,
1459,NPC,,,,15,920,1750,16,3100,1100,,
1460,NPC,,,,15,920,1750,17,4000,3800,,
1461,NPC,,,,15,920,1750,18,8400,5000,,
1462,NPC,,,,15,920,1750,137,4317,2128,,
1463,NPC,,,,15,920,1750,143,8180,8060,,
1464,NPC,,,,16,3100,1200,1,4882,6388,,
1465,NPC,,,,16,3100,1200,2,8260,6340,,
1466,NPC,,,,16,3100,1200,3,10460,7570,,
1467,NPC,,,,16,3100,1200,3,7570,6090,,
1468,NPC,,,,16,3100,1200,3,6930,5380,,
1469,NPC,,,,16,3100,1200,4,10600,8780,,
1470,NPC,,,,16,3100,1200,4,6160,8100,,
1471,NPC,,,,16,3100,1200,5,9260,5910,,
1472,NPC,,,,16,3100,1200,6,2970,2140,,
1473,NPC,,,,16,3100,1200,7,2840,2300,,
1474,NPC,,,,16,3100,1200,8,3120,820,,
1475,NPC,,,,16,3100,1200,9,2860,1660,,
1476,NPC,,,,16,3100,1200,10,3000,2110,,
1477,NPC,,,,16,3100,1200,11,2050,1510,,
1478,NPC,,,,16,3100,1200,12,3000,1340,,
1479,NPC,,,,16,3100,1200,13,3050,2310,,
1480,NPC,,,,16,3100,1200,14,3255,2725,,
1481,NPC,,,,16,3100,1200,15,920,1650,,
1482,NPC,,,,16,3100,1200,17,4000,3800,,
1483,NPC,,,,16,3100,1200,18,8400,5000,,
1484,NPC,,,,16,3100,1200,137,4317,2128,,
1485,NPC,,,,16,3100,1200,143,8180,8060,,
1486,NPC,,,,17,4030,4000,1,4882,6388,,
1487,NPC,,,,17,4030,4000,2,8260,6340,,
1488,NPC,,,,17,4030,4000,3,10460,7570,,
1489,NPC,,,,17,4030,4000,3,7570,6090,,
1490,NPC,,,,17,4030,4000,3,6930,5380,,
1491,NPC,,,,17,4030,4000,4,10600,8780,,
1492,NPC,,,,17,4030,4000,4,6160,8100,,
1493,NPC,,,,17,4030,4000,5,9260,5910,,
1494,NPC,,,,17,4030,4000,6,2970,2140,,
1495,NPC,,,,17,4030,4000,7,2840,2300,,
1496,NPC,,,,17,4030,4000,8,3120,820,,
1497,NPC,,,,17,4030,4000,9,2860,1660,,
1498,NPC,,,,17,4030,4000,10,3000,2110,,
1499,NPC,,,,17,4030,4000,11,2050,1510,,
1500,NPC,,,,17,4030,4000,12,3000,1340,,
