ID,Name,Icon,ItemLevel,RequireLevel,BoundMoney,BasePrice,SellPrice,Throwable,Sellable,Bound,Stack,MaxUsageTimes,DurationHour,ExtraHint,ScriptID,TypeDesc,Description,IDFamily10M
40002057,Hoàn Mỹ Khôi Hùng Bì,TaskTools1_11,1,1,true,0,0,false,false,false,1,-1,-1,,-1,Đạo cụ nhiệm vụ,"Đạo cụ nhiệm vụ.<br> (Hoàn mỹ Khôi Hùng Bì)<br>Hoàn mỹ không hề có tỳ vết, không bắt mà được, vật yêu thích nhất của giám quân Mã Thừa Sảnh.",4
40002058,Thư Được Mũi Tên Đưa Đến,TaskTools7_12,1,1,true,0,0,false,false,false,1,-1,-1,,-1,Đạo cụ nhiệm vụ,"Đạo cụ nhiệm vụ.<br> (Thư bí mật)<br>Một phong thư bí mật, dùng tên bắn lên cờ của quân tống.",4
40002059,Hồng Thiết Trảo Bì,TaskTools1_11,1,1,true,0,0,false,false,false,1,-1,-1,,-1,Đạo cụ nhiệm vụ,"Đạo cụ nhiệm vụ.<br> (Hồng Thiết Trảo)<br>Một mảnh da bình thường, tìm được ở Nhạn Bắc.",4
40002060,Hồng Quả Phụ Ty,TaskTools3_10,1,1,true,0,0,false,false,false,1,-1,-1,,-1,Đạo cụ nhiệm vụ,"Đạo cụ nhiệm vụ.<br> (Hồng Quả Phụ)<br>1 sợi tơ nhện bình thường, được rút ra từ trên người của Hồng Quả Phụ ở Nhạn Bắc.",4
40002061,Khúc Đoan Gia Thư,TaskTools1_2,1,1,true,0,0,false,false,false,1,-1,-1,,-1,Đạo cụ nhiệm vụ,Đạo cụ nhiệm vụ.<br> (1 bức thư nhà)<br>Trên thư có đề 1 hàng chữ: Võ Di Sơn Khúc Dương thân khởi.,4
40002062,Nam Vực Ngạc Ngư Huyết Dịch,MakeMaterial10_10,1,1,true,0,0,false,false,false,10,-1,-1,,-1,Đạo cụ nhiệm vụ,Đạo cụ nhiệm vụ.<br> (nghiên cứu chữ Huyết)<br>Vật phẩm quan trọng cần thiết khi tiến hành nghiên cứu chữ máu.,4
40002063,Mông Cổ Hắc Phong Thích,TaskTools1_15,1,1,true,0,0,false,false,false,10,-1,-1,,-1,Đạo cụ nhiệm vụ,"Đạo cụ nhiệm vụ.<br> (Hắc Phong Thích)<br>Nghe nói có thể chữa trị những bệnh liên quan đến khớp, eo và chân.",4
40002064,Khăn Tay Của Quận Chúa,Drygoods_6,1,1,true,0,0,false,false,false,1,-1,-1,,-1,Đạo cụ nhiệm vụ,"Đạo cụ nhiệm vụ.<br> (Bạch mã Thanh Ngưu)<br>Một chiếc khăn tay trong câu truyện truyền thuyết có thêu Bạch mã Thanh Ngưu, hương thơm vẫn còn lưu lại trên đó.",4
40002065,Nguyễn Thành Bội Kiếm,TaskTools2_13,1,1,true,0,0,false,false,false,1,-1,-1,,-1,Đạo cụ nhiệm vụ,Đạo cụ nhiệm vụ.<br> (Tuyệt tình kiếm)<br>Vật phẩm yêu quý nhất của Nguyễn Thành.,4
40002066,Bạch Lang Đại Vương Nhĩ Hoàn,TaskTools2_4,1,1,true,0,0,false,false,false,1,-1,-1,,-1,Đạo cụ nhiệm vụ,Đạo cụ nhiệm vụ.<br> (Dũng khí)<br>Bên trong lòng khuyên tai có khắc 1 hàng chữ nhỏ: Dũng khí cần thiết của Ái Chân.,4
40002067,Hắc Phong Mật,TaskTools5_5,1,1,true,0,0,false,false,false,1,-1,-1,,-1,Đạo cụ nhiệm vụ,Đạo cụ nhiệm vụ.<br> (Hắc Phong Mật)<br>Có thể trị liệu những chứng bệnh do hàn sinh ra.,4
40002068,Bạch Lang Bì,Flix2_4,1,1,true,0,0,false,false,false,1,-1,-1,,-1,Đạo cụ nhiệm vụ,Đạo cụ nhiệm vụ.<br> (Bạch Lang Bì)<br>Áo khoác có thể chống lạnh.,4
40002069,Can Lang Phần,TaskTools1_7,1,1,true,0,0,false,false,false,1,-1,-1,,-1,Đạo cụ nhiệm vụ,"Đạo cụ nhiệm vụ.<br> (xua đuổi Hắc Phong)<br>Một đống phân sói khô, có thể đốt thành Lang Yên.",4
40002070,Hỏa Chiết Tử,TaskTools6_1,1,75,true,0,0,true,false,false,1,-1,-1,,-1,Đạo cụ nhiệm vụ,Đạo cụ nhiệm vụ.<br> (xua đuổi Hắc Phong)<br><color=#00FF00>Sử dụng: đốt phân sói khô.,4
40002071,Thư Nhà Của Dũng Sĩ,TaskTools1_2,1,1,true,0,0,false,false,false,1,-1,-1,,-1,Đạo cụ nhiệm vụ,Đạo cụ nhiệm vụ.<br> (Thư nhà của dũng sỹ)<br>Một chiếc quạt giấy rách nát.,4
40002072,Quất Hạch,TaskTools8_14,1,1,true,0,0,false,false,false,10,-1,-1,,-1,Đạo cụ nhiệm vụ,Đạo cụ nhiệm vụ.<br> (năm hạt quýt)<br>Khưu Trọng Thu dùng nó để chế thành thuốc trị liệu ngoại thương.,4
40002073,Nam Vực Kiếm Phái Ngoại Y,TaskTools4_3,1,1,true,0,0,false,false,false,1,-1,-1,,-1,Đạo cụ nhiệm vụ,"Đạo cụ nhiệm vụ.<br> (Căn nhà trống)<br>Bộ đạo phục có thêu biểu tượng của Nam Vực Kiếm Phái, lễ vật mà Đinh Liên Y tặng cho Diệp Lưu Phàm.",4
40002074,Ngũ Lôi Thạch,Ore_4,1,1,true,0,0,false,false,false,1,-1,-1,,-1,Đạo cụ nhiệm vụ,"Đạo cụ nhiệm vụ.<br> (Lôi thần kiều chi mê (lạc đường Lôi thần kiều))<br>1 mảnh kỳ thạch không phải vàng không phải sắt, giữa hai cực thấp thoáng có tia lửa điện phóng ra.",4
40002075,Huyết Y,Cloth5_10,1,1,true,0,0,false,false,false,1,-1,-1,,-1,Đạo cụ nhiệm vụ,"Đạo cụ nhiệm vụ.<br> (Vết Đỏ Thứ 2)<br>Trên Lôi Thần Kiều phát hiện chiếc áo có màu đỏ, là đầu mối quan trọng trong thảm án diệt môn của Nam Vực kiếm phái.",4
40002076,Thạch Phiến Khắc Ấn,MenpaiGoods_10,1,1,true,0,0,false,false,false,1,-1,-1,,-1,Đạo cụ nhiệm vụ,Đạo cụ nhiệm vụ.<br> (Đoạn Kiều Hoa Yêu)<br>Là 1 trong số những nguyên liệu mà Tô Phi sử dụng để dụ Mạch Hữu Nhân hiện thân.,4
40002077,Nhạc Bất Bình Mật Tín,TaskTools1_2,1,1,true,0,0,false,false,false,1,-1,-1,,-1,Đạo cụ nhiệm vụ,Đạo cụ nhiệm vụ.<br> (Đạo Thần)<br>Là 1 bức mật tín vô cùng quan trọng đối với Ngạc Ngư Bang.,4
40002078,Thư Của Mã Hán,TaskTools1_2,1,1,true,0,0,false,false,false,1,-1,-1,,-1,Đạo cụ nhiệm vụ,Đạo cụ nhiệm vụ.<br> (Tay trắng dựng nghiệp)<br>Mã Hán gửi đơn đặt hàng thảo dược đến Thượng Quan Thôn ở Nhĩ Hải,4
40002079,Long Văn Ngân Tỏa Phiến,TaskTools1_14,1,1,true,0,0,false,false,false,1,-1,-1,,-1,Đạo cụ nhiệm vụ,Đạo cụ nhiệm vụ.<br> (Đằng Giáp Tặc Nguyên Soái (nguyên soái của giặc đằng giáp)) (báo quá kết quả chiến đấu)<br>Ngân Tỏa Phiến tượng trưng cho thân phận của tộc trưởng Miêu Tộc đã bị mất trong lúc hỗn chiến.,4
40002080,Phượng Văn Ngân Tỏa Phiến,TaskTools1_14,1,1,true,0,0,false,false,false,1,-1,-1,,-1,Đạo cụ nhiệm vụ,Đạo cụ nhiệm vụ.<br> (Lời nói dối chân thật)<br>Ngân Tỏa Phiến tượng trưng cho thân phận của tộc trưởng Miêu Tộc đã bị mất trong lúc hỗn chiến.,4
40002081,Yêu Bài Của Cầu Lão Thất,Function_13,1,1,true,0,0,false,false,false,1,-1,-1,,-1,Đạo cụ nhiệm vụ,"Đạo cụ nhiệm vụ<br> (Biến cố ở Huyền Vũ Môn)<br>Yêu Bài của Cầu Lão Thất, nội gián Ngạc Ngư Bang.",4
40002082,Ảm Đạm Tu La Trưng Ký,TaskTools1_15,1,1,true,0,0,false,false,false,1,-1,-1,,-1,Đạo cụ nhiệm vụ,"Đạo cụ nhiệm vụ.<br> (1 mảnh tịnh thổ cuối cùng)<br>Biểu tượng trong truyền thuyết của Tu La ma tộc, đã bị mất đi ánh sáng vốn có của nó.",4
40002083,Tuyết Sơn Lang Bì,Flix2_4,1,1,true,0,0,false,false,false,10,-1,-1,,-1,Đạo cụ nhiệm vụ,"Đạo cụ nhiệm vụ.<br> (Hơi thở ấm áp)<br>Da sói mềm mại, có thể làm ra chiếc áo da thượng hạng.",4
40002084,Tuyết Sơn Lang Bì Ngoại Y,Cloth6_6,1,1,true,0,0,false,false,false,1,-1,-1,,-1,Đạo cụ nhiệm vụ,Đạo cụ nhiệm vụ.<br> (Lễ vật đau lòng) (Tình cảm luân hồi)<br>Một chiếc Tuyết Sơn Lang Bì Ngoại Y được làm rất tính xảo.,4
40002085,Chiểu Trạch Ngạc Ngư Bì,TaskTools1_11,1,1,true,0,0,false,false,false,10,-1,-1,,-1,Đạo cụ nhiệm vụ,"Đạo cụ nhiệm vụ.<br> (Lời thỉnh cầu của A Tùng)<br>Da cá sấu, vô cùng cứng rắn.",4
40002086,Hắc Miêu Hộ Thân Phù,TaskTools3_6,1,1,true,0,0,false,false,false,1,-1,-1,,-1,Đạo cụ nhiệm vụ,Đạo cụ nhiệm vụ.<br> (Cảm ơn)<br>Hộ Thân Phù của A Vũ cô gái Miêu tộc.,4
40002087,Ách Tu La Hộ Thân Phù,OtherTools2_7,1,1,true,0,0,false,false,false,1,-1,-1,,-1,Đạo cụ nhiệm vụ,Đạo cụ nhiệm vụ.<br> (Ách Tu La)<br>1 mảnh hộ thân phù sẽ phát tán ra mùi hôi thối nồng nặc.,4
40002088,Vĩnh Dạ Tu La Hộ Thân Phù,OtherTools2_8,1,1,true,0,0,false,false,false,1,-1,-1,,-1,Đạo cụ nhiệm vụ,Đạo cụ nhiệm vụ.<br> (Vĩnh Dạ Tu La)<br>1 mảnh hộ thân phù sẽ phát tán ra mùi hôi thối nồng nặc,4
40002089,Vạn Kiếp Tu La Hộ Thân Phù,OtherTools2_9,1,1,true,0,0,false,false,false,1,-1,-1,,-1,Đạo cụ nhiệm vụ,Đạo cụ nhiệm vụ.<br> (Vạn Kiếp Tu La)<br>1 mảnh hộ thân phù sẽ phát tán ra mùi hôi thối nồng nặc.,4
40002090,Chỉ Thị Của Tu La Vương,TaskTools2_14,1,1,true,0,0,false,false,false,1,-1,-1,,-1,Đạo cụ nhiệm vụ,Đạo cụ nhiệm vụ.<br> (Chỉ thị của Tu La Vương)<br>Chỉ thị của Tu La Vương cho quân đoàn Tu La Yêu Ma.,4
40002091,Răng Của Cao Sơn Bạch Viên,TaskTools1_10,1,1,true,0,0,false,false,false,10,-1,-1,,-1,Đạo cụ nhiệm vụ,Đạo cụ nhiệm vụ.<br> (Đại lao)<br>Chứng cứ đã đánh bại Cao Sơn Bạch Viên ở Vô Lượng Sơn.,4
40002092,Nọc Độc Của Đại Hoàng Phong,TaskTools5_3,1,1,true,0,0,false,false,false,10,-1,-1,,-1,Đạo cụ nhiệm vụ,Đạo cụ nhiệm vụ.<br> (Phong Độc)<br>Dược phẩm trị liệu độc của Thiểm Điện Báo.,4
40002093,Thư Của Mã Ngũ Đức,TaskTools1_2,1,1,true,0,0,false,false,false,1,-1,-1,,-1,Đạo cụ nhiệm vụ,Đạo cụ nhiệm vụ.<br> (Tự địa thủ tài)<br>Trên thư có 3 chứ viết rất lớn: Cấp! Cấp! Cấp!,4
40002094,Thư Của Tân Song Thanh,TaskTools1_2,1,1,true,0,0,false,false,false,1,-1,-1,,-1,Đạo cụ nhiệm vụ,Đạo cụ nhiệm vụ.<br> (Phong tỏa Đôn Hoàng)<br>Thư của Tân Song Thanh viết cho Dương Văn Quảng.,4
40002095,Hổ Bì,TaskTools1_11,1,1,true,0,0,false,false,false,10,-1,-1,,-1,Đạo cụ nhiệm vụ,Đạo cụ nhiệm vụ.<br> (Vật phẩm cống nạp)<br>Cống phẩm của Nữ Chân Hoàn Nhan Bộ giao nộp cho nước Liêu.,4
40002096,Hùng Đảm,OtherTools1_6,1,1,true,0,0,false,false,false,10,-1,-1,,-1,Đạo cụ nhiệm vụ,"Đạo cụ nhiệm vụ.<br> (Hùng Đảm)<br>Dược liệu quý, có tác dụng thanh nhiệt sáng mắt.",4
40002097,Lục Phẩm Diệp Nhân Sâm,TaskTools4_2,1,1,true,0,0,false,false,false,1,-1,-1,,-1,Đạo cụ nhiệm vụ,"Đạo cụ nhiệm vụ.<br> (Cực phẩm nhân sâm)<br>Cực phẩm trong Nhân sâm, hiệu quả chữa trị không phải tầm thường.",4
40002098,Toa Thuốc Của Nam Vực Thần Y,TaskTools1_4,1,1,true,0,0,false,false,false,1,-1,-1,,-1,Đạo cụ nhiệm vụ,Đạo cụ nhiệm vụ.<br> (Toa thuốc của thần y)<br>Toa thuốc của Nam Vực Thần Y Nhạc Trọng Thu viết cho Ngô Khất Mại.,4
40002099,Cờ Của Nữ Chân Tộc Thủ Lĩnh,Scroll_3,1,1,true,0,0,false,false,false,1,-1,-1,,-1,Đạo cụ nhiệm vụ,"Đạo cụ nhiệm vụ.<br> (Đột kích)<br>Tượng trưng cho Nữ Chân Tộc Thủ Lĩnh, trước mắt tạm thời do Hột Thạch Liệt bộ lạc quản lý.",4
40002100,Thượng Đẳng Hổ Bì,TaskTools1_11,1,1,true,0,0,false,false,false,1,-1,-1,,-1,Đạo cụ nhiệm vụ,Đạo cụ nhiệm vụ.<br> (Giấu Tài Năng)<br>Cống phẩm cực đẹp.,4
40002101,Thượng Đẳng Hổ Cốt,MakeMaterial7_1,1,1,true,0,0,false,false,false,1,-1,-1,,-1,Đạo cụ nhiệm vụ,Đạo cụ nhiệm vụ.<br> (Giấu Tài Năng)<br>Cống phẩm cực đẹp.,4
40002102,Thư Của Kha Lý Bố,TaskTools1_2,1,1,true,0,0,false,false,false,1,-1,-1,,-1,Đạo cụ nhiệm vụ,Đạo cụ nhiệm vụ.<br> (Tìm A Cốt Đả)<br>Thư của Hoàn Nhan A Lý Bố viết cho con trai của ông ta là A Cốt Đả.,4
40002103,Dược Tửu,TaskTools1_5,1,1,true,0,0,false,false,false,1,-1,-1,,-1,Đạo cụ nhiệm vụ,Đạo cụ nhiệm vụ.<br> (Đưa DượcTửu)<br>DượcTửu được thê tử của A Cốt Đả là Đồ Đan Phúc Tấn điều chế cho Ngô Khất Mại.,4
40002104,Bạch Hoa Thụ Bì,Flix_7,1,1,true,0,0,false,false,false,1,-1,-1,,-1,Đạo cụ nhiệm vụ,"Đạo cụ nhiệm vụ.<br> (Chân tướng đáng tiếc)<br>Một vốc lớn vỏ cây Bạch Hoa, trên đó có dính nhiều mảnh vụn nhựa cây Bạch Hoa.",4
40002105,Yêu Bài Của Hoắc Tư,Function_13,1,1,true,0,0,false,false,false,1,-1,-1,,-1,Đạo cụ nhiệm vụ,Đạo cụ nhiệm vụ.<br> (Đau đớn bùng phát)<br>Yêu bài của Mãng Cái đại ma đầu Hoắc Tư.,4
40002106,Long Trung Đối,TaskTools1_9,1,1,true,0,0,false,false,false,1,-1,-1,,-1,Đạo cụ nhiệm vụ,Đạo cụ nhiệm vụ.<br> (Thiên hạ chia ba)<br>Trên đó có 3 chữ rất lớn : Long Trung Đối.,4
40002107,Hỏa Pháo Truyền Tin,TaskTools5_15,1,1,true,0,0,false,false,false,1,-1,-1,,-1,Đạo cụ nhiệm vụ,"Đạo cụ nhiệm vụ.<br><color=#00FF00> (Ấn phím phải để sử dụng, chỉ vào địa điểm cần phóng Diệm Hỏa)</color>",4
40002108,Thư Đề Cử,TaskTools1_2,1,1,true,0,0,false,false,false,1,-1,-1,,-1,Đạo cụ nhiệm vụ,"Đạo cụ này đã bỏ, <color=#00FF00>có thể đến Đại Lý tìm Dư Trợ Chi xóa đạo cụ.",4
40002109,Tào Vận Hóa Thuyền,TaskTools1_1,1,1,true,0,0,false,false,false,1,-1,-1,,-1,Đạo cụ nhiệm vụ,"Đạo cụ nhiệm vụ.<br><color=#00FF00> (Ấn phím phải để sử dụng, mở thuyền hàng. Sau khi trọng thương thuyền hàng sẽ bị đắm, có thể sẽ được các hạ hoặc người khác thu dọn.)</color>",4
40002110,1 Rương Dụng Cụ Bếp,TaskTools1_1,1,1,true,0,0,false,false,false,1,-1,-1,,-1,Đạo cụ nhiệm vụ,"Đạo cụ nhiệm vụ.<br>Bồ Lương sản xuất cho Đỗ Tử Đằng rất nhiều dụng cụ làm bếp, để đầy cả 1 thùng.",4
40002111,Kiếm Của Dương Thiết Tín,Merchandise2_13,1,1,true,0,0,false,false,false,1,-1,-1,,-1,Đạo cụ nhiệm vụ,Đạo cụ nhiệm vụ.<br> (Lời thề)<br>Trên chuôi kiếm có khắc chữ Dương.,4
40002112,Trang Sức Của A Chi,TaskTools3_5,1,1,true,0,0,false,false,false,1,-1,-1,,-1,Đạo cụ nhiệm vụ,"Đạo cụ nhiệm vụ<br> (Sự thật đáng sợ)<br>Trang sức của thủ lĩnh Yển Sư Xã, phảng phất sự đáng sợ.",4
40002113,Chân Của Kịch Độc Tri Thù,OtherTools2_11,1,1,true,0,0,false,false,false,10,-1,-1,,-1,Đạo cụ nhiệm vụ,Đạo cụ nhiệm vụ.<br> (La Bốc yêu Tri Thù)<br>1 trong số những vật phẩm mà La Bốc đang thu thập.,4
40002114,Kịch Độc Tri Thù Ty,Drygoods_9,1,1,true,0,0,false,false,false,10,-1,-1,,-1,Đạo cụ nhiệm vụ,Đạo cụ nhiệm vụ.<br> (La Bốc yêu Tri Thù)<br>1 trong số những vật phẩm mà La Bốc đang thu thập.,4
40002115,Giấy Viết Thư Của Thiếu Lâm,TaskTools1_2,1,1,true,0,0,false,false,false,1,-1,-1,,-1,Đạo cụ nhiệm vụ,Đạo cụ nhiệm vụ,4
40002116,Giấy Viết Thư Của Minh Giáo,TaskTools1_2,1,1,true,0,0,false,false,false,1,-1,-1,,-1,Đạo cụ nhiệm vụ,Đạo cụ nhiệm vụ,4
40002117,Giấy Viết Thư Của Cái Bang,TaskTools1_2,1,1,true,0,0,false,false,false,1,-1,-1,,-1,Đạo cụ nhiệm vụ,Đạo cụ nhiệm vụ,4
40002118,Giấy Viết Thư Của Võ Đang,TaskTools1_2,1,1,true,0,0,false,false,false,1,-1,-1,,-1,Đạo cụ nhiệm vụ,Đạo cụ nhiệm vụ,4
40002119,Giấy Viết Thư Của Nga My,TaskTools1_2,1,1,true,0,0,false,false,false,1,-1,-1,,-1,Đạo cụ nhiệm vụ,Đạo cụ nhiệm vụ,4
40002120,Giấy Viết Thư Của Tinh Túc,TaskTools1_2,1,1,true,0,0,false,false,false,1,-1,-1,,-1,Đạo cụ nhiệm vụ,Đạo cụ nhiệm vụ,4
40002121,Giấy Viết Thư Của Thiên Long,TaskTools1_2,1,1,true,0,0,false,false,false,1,-1,-1,,-1,Đạo cụ nhiệm vụ,Đạo cụ nhiệm vụ,4
40002122,Giấy Viết Thư Của Thiên Sơn,TaskTools1_2,1,1,true,0,0,false,false,false,1,-1,-1,,-1,Đạo cụ nhiệm vụ,Đạo cụ nhiệm vụ,4
40002123,Giấy Viết Thư Của Tiêu Dao,TaskTools1_2,1,1,true,0,0,false,false,false,1,-1,-1,,-1,Đạo cụ nhiệm vụ,Đạo cụ nhiệm vụ,4
40002124,Đại Tảo Trửu (Chiếc Chỗi Lớn),TaskTools5_4,1,1,true,0,0,false,false,false,1,-1,-1,,-1,Đạo cụ nhiệm vụ,Đạo cụ nhiệm vụ.<br><color=#00FF00> (Ấn phím phải có thể sử dụng: quét dọn đường xá và đình viện của thiếu lâm tự)</color>,4
40002125,Củi Tản Mát,TaskTools5_1,1,1,true,0,0,false,false,false,10,-1,-1,,-1,Đạo cụ nhiệm vụ,Đạo cụ nhiệm vụ.<br>Củi tản mát trong Thiếu Lâm Tự.,4
40002126,Nấm Tản Mát,TaskTools5_2,1,1,true,0,0,false,false,false,10,-1,-1,,-1,Đạo cụ nhiệm vụ,Đạo cụ nhiệm vụ.<br>Nấm tản mát trong Thiếu Lâm Tự.,4
40002127,Quả Tùng Tản Mát,TaskTools5_3,1,1,true,0,0,false,false,false,10,-1,-1,,-1,Đạo cụ nhiệm vụ,Đạo cụ nhiệm vụ.<br>Quả tùng tản mát trong Thiếu Lâm Tự.,4
40002128,Chìa Khóa Thư Khố,TaskTools3_15,1,1,true,0,0,false,false,false,1,-1,-1,,-1,Đạo cụ nhiệm vụ,Đạo cụ nhiệm vụ.<br> (Giải linh nhân)<br>Chìa khóa để mở cửa lớn thư khố của Thư Viện Tung Dương.,4
40002129,Thuốc An Thần,TaskTools1_12,1,1,true,0,0,false,false,false,1,-1,-1,,-1,Đạo cụ nhiệm vụ,"Đạo cụ nhiệm vụ.<br> (Thuốc An Thần)<br>Thuốc An Thần gia truyền của nhà Lục Tùng, có thể khiến tinh thần đang kinh sợ có thể bình tĩnh lại.",4
40002130,Chìa Khóa Bảo Tàng Màu Hồng,TaskTools3_15,1,1,true,0,0,false,false,false,1,-1,-1,,-1,Đạo cụ nhiệm vụ,Đạo cụ nhiệm vụ.<br> (Chìa khóa bảo tàng màu hồng)<br>1 trong số 3 chiếc chìa khóa dùng để mở bảo tàng của Võ Hầu Từ.,4
40002131,Chìa Khóa Bảo Tàng Màu Vàng,TaskTools3_15,1,1,true,0,0,false,false,false,1,-1,-1,,-1,Đạo cụ nhiệm vụ,Đạo cụ nhiệm vụ.<br> (Chìa khóa bảo tàng màu vàng)<br>1 trong số 3 chiếc chìa khóa dùng để mở bảo tàng của Võ Hầu Từ.,4
40002132,Chìa Khóa Bảo Tàng Màu Xanh,TaskTools3_15,1,1,true,0,0,false,false,false,1,-1,-1,,-1,Đạo cụ nhiệm vụ,Đạo cụ nhiệm vụ.<br> (Chìa khóa bảo tàng màu xanh)<br>1 trong số 3 chiếc chìa khóa dùng để mở bảo tàng của Võ Hầu Từ.,4
40002133,Thư Cầu Viện Của Khương Gia Tập,TaskTools1_2,1,1,true,0,0,false,false,false,1,-1,-1,,-1,Đạo cụ nhiệm vụ,Đạo cụ nhiệm vụ.<br> (Cầu viện)<br>Thôn dân của Khương Gia Tập viết thư cầu viện Dương Văn Quảng.,4
40002134,Thư Của Hồi Cốt Vương Nữ,TaskTools1_2,1,1,true,0,0,false,false,false,1,-1,-1,,-1,Đạo cụ nhiệm vụ,"Đạo cụ nhiệm vụ.<br> (Mông Thần)<br>Không có bì thư, trên giấy viết thư chỉ có duy nhất một cái tên rất quen thuộc : Triệu Hành Đức.",4
40002135,Kiếm Của Lý Trọng Quý,TaskTools2_13,1,1,true,0,0,false,false,false,1,-1,-1,,-1,Đạo cụ nhiệm vụ,Đạo cụ nhiệm vụ.<br> (Giáp kích) Trường kiếm của Lý Trọng Quý-Tư Lệnh Cảnh Vệ Tây Hạ.,4
40002136,Cây Chổi Màu Đỏ,TaskTools5_4,1,1,true,0,0,false,false,false,1,-1,-1,,-1,Đạo cụ nhiệm vụ,Đạo cụ nhiệm vụ.<br> (Thù Ty Mã Tích)<br>Một trong những manh mối của nghi ấn ở Thư Viện Tung Dương.,4
40002137,Phất Trần Màu Đỏ,TaskTools2_2,1,1,true,0,0,false,false,false,1,-1,-1,,-1,Đạo cụ nhiệm vụ,Đạo cụ nhiệm vụ.<br> (Thù Ty Mã Tích)<br>Một trong những manh mối của nghi ấn ở Thư Viện Tung Dương.,4
40002138,Ngọn Nến Bị Thổi Tắt,Merchandise1_11,1,1,true,0,0,false,false,false,1,-1,-1,,-1,Đạo cụ nhiệm vụ,Đạo cụ nhiệm vụ.<br>(Thù ty mã tích)<br>1 trong những dấu vết trong Thư Viện Tung Dương.,4
40002139,Tung Dương Đoạn Trường Thảo,TaskTools1_6,1,1,true,0,0,false,false,false,1,-1,-1,,-1,Đạo cụ nhiệm vụ,Đạo cụ nhiệm vụ.<br> (Tung Dương Đoạn Trường Thảo)<br>Dược phẩm mà Lục Tùng cần dùng để chữa bệnh mất trí cho em gái.,4
40002140,Thụ Bì Khắc Ấn,Herbal1_16,1,1,true,0,0,false,false,false,1,-1,-1,,-1,Đạo cụ nhiệm vụ,Đạo cụ nhiệm vụ.<br> (Bạch Đê Liễu Quỷ)<br>Là 1 trong số những vật liệu để Tô Phi dẫn dụ Mạch Hữu Nhân hiện thân.,4
40002141,Phù Lục Khắc Ấn,OtherTools2_8,1,1,true,0,0,false,false,false,1,-1,-1,,-1,Đạo cụ nhiệm vụ,Đạo cụ nhiệm vụ.<br>(Quy Phong Trang) <br>Là tài liệu của Tô Phi dùng để dụ Sử Mạch Hữu Nhân hiện thân.,4
40002142,Tông Hùng Bì,TaskTools1_11,1,1,true,0,0,false,false,false,10,-1,-1,,-1,Đạo cụ nhiệm vụ,Đạo cụ nhiệm vụ.<br> (Chuẩn bị cho mùa đông)<br>Vật phẩm cần thiết của dân thôn Viên Nguyệt dùng cho mùa đông.,4
40002143,Chìa Khóa Xích Lang Nhân,TaskTools3_15,1,1,true,0,0,false,false,false,1,-1,-1,,-1,Đạo cụ nhiệm vụ,Đạo cụ nhiệm vụ.<br> (Tát Ninh bị bắt)<br>Có thể mở khóa xích trên người Tất Ninh.,4
40002144,Lương Thực Của Lang Nhân,TaskTools1_1,1,1,true,0,0,false,false,false,10,-1,-1,,-1,Đạo cụ nhiệm vụ,Đạo cụ nhiệm vụ.<br> (Câu chuyện về lương thưc)<br>Lương thực chủ yếu để giúp Lang Nhân ở Thiên Sơn có thể sinh tồn.,4
40002145,Thiên Lang Trượng,Spear2_2,1,1,true,0,0,false,false,false,1,-1,-1,,-1,Đạo cụ nhiệm vụ,Đạo cụ nhiệm vụ.<br> (Chỉ thị của thần minh)<br>Thần khí mà Lang Nhân ở Thiên Sơn dùng để nhận thần dụ khi cúng tế.,4
40002146,Thư Của Tát Mã,TaskTools1_2,1,1,true,0,0,false,false,false,1,-1,-1,,-1,Đạo cụ nhiệm vụ,"Đạo cụ nhiệm vụ.<br> (Thương Sơn Phiêu Tuyết)<br>Tát Mã viết cho Tát Tang 1 bức mật hàm, trên bì thư không đề chữ nào cả.",4
40002147,Cẩm Nang Của Tát Tang,TaskTools3_6,1,1,true,0,0,false,false,false,1,-1,-1,,-1,Đạo cụ nhiệm vụ,Đạo cụ nhiệm vụ.<br> (Sự báo đáp hậu hĩnh)<br>Diệu kế chiến thắng nước Liêu.,4
40002148,Hàm Tiếu Hoa,TaskTools7_4,1,1,true,0,0,false,false,false,1,-1,-1,,-1,Đạo cụ nhiệm vụ,Đạo cụ nhiệm vụ.<br> (Nhổ cỏ tận gốc)<br>Thủ hộ hoa hàm tiếu của Sơn Viện Tướng Quân.,4
40002149,Thư Của Tử Vi,TaskTools1_2,1,1,true,0,0,false,false,false,1,-1,-1,,-1,Đạo cụ nhiệm vụ,Đạo cụ nhiệm vụ.<br> (Thông báo nguy hiểm)<br>Thư của Tử Vi viết cho Thủy Tiên.,4
40002150,Long Phụng Ngọc Bội,TaskTools4_1,1,1,true,0,0,false,false,false,1,-1,-1,,-1,Đạo cụ nhiệm vụ,"Đạo cụ nhiệm vụ.<br> (Dĩ vãng như mây khói)<br>Phía sau của Ngọc bội có 1 hàng chữ rất nhỏ : Ngũ nguyệt ngũ nhật trường sinh điện, dạ bán vô nhân tư ngữ thời.",4
40002151,Quy Phong Bí Cấp,TaskTools1_9,1,1,true,0,0,false,false,false,1,-1,-1,,-1,Đạo cụ nhiệm vụ,"Đạo cụ nhiệm vụ.<br>(Quy Phong Chi Mê) <br>Binh khí đả tạo đồ tập, phần mặt đã bị thay đổi qua.",4
40002152,Thiên Sư Thần Kiếm,TaskTools2_13,1,1,true,0,0,false,false,false,1,-1,-1,,-1,Đạo cụ nhiệm vụ,Đạo cụ nhiệm vụ.<br> (Chiêu cuối cùng)<br>Vũ khí cần thiết để đánh bại Thông Thiên.,4
40002153,Linh Kiện Của Vân Mẫu Thạch,Ore_12,1,1,true,0,0,false,false,false,10,-1,-1,,-1,Đạo cụ nhiệm vụ,Đạo cụ nhiệm vụ.<br> (La Bốc yêu Vân Mẫu)<br>1 trong số những vật phẩm mà La Bốc đang thu thập.,4
40002154,Linh Kiện Long Huyết Thạch,Ore_11,1,1,true,0,0,false,false,false,10,-1,-1,,-1,Đạo cụ nhiệm vụ,Đạo cụ nhiệm vụ.<br> (La Bốc cần Long Huyết)<br>1 trong số những vật phẩm mà La Bốc đang thu thập.,4
40002155,Cảm Thiên Thần Cung,Stiletto1_10,1,1,true,0,0,false,false,false,1,-1,-1,,-1,Đạo cụ nhiệm vụ,Đạo cụ nhiệm vụ.<br> (Tuyệt thế thần binh)<br>Tác phẩm đắc ý của Đại công trình sư Sách Mẫu Lạp.,4
40002156,Mão Của A Y Na Làm Ra.,TaskTools3_3,1,1,true,0,0,false,false,false,1,-1,-1,,-1,Đạo cụ nhiệm vụ,Đạo cụ nhiệm vụ.<br> (Ca ca ngốc)<br>A Y Na làm mão cho La Bốc.,4
40002157,Dược Tể Của Cổ Lỗ Lạp,TaskTools1_8,1,1,true,0,0,false,false,false,1,-1,-1,,-1,Đạo cụ nhiệm vụ,Đạo cụ nhiệm vụ.<br> (Bánh bao không hấp)<br>Dược phẩm có thể khiến cho người sử dụng vĩnh viễn không thể kéo được Cảm Thiên Thần Cung.,4
40002158,Lệnh Kỳ Của Dương Văn Quảng,Scroll_3,1,1,true,0,0,false,false,false,1,-1,-1,,-1,Đạo cụ nhiệm vụ,Đạo cụ nhiệm vụ.<br> (Sức lực yếu ớt)<br>Lệnh kỳ của Tư Lệnh Tống Quân là Dương Văn Quảng.,4
40002159,Kim Ty Hương Nang,Bag_1,1,1,true,0,0,false,false,false,1,-1,-1,,-1,Đạo cụ nhiệm vụ,"Đạo cụ nhiệm vụ.<br> (Kim Ty Hương Nang)<br>Túi thơm được thêu bằng tơ vàng, do Lục Ngưng Sương làm ra.",4
40002160,Thiệp Sách Lâm,CircularTaskTool3_4,1,1,true,0,0,false,false,false,1,-1,-1,,-1,Đạo cụ nhiệm vụ,Đạo cụ nhiệm vụ.<br>(Học hải vô nhai) <br>Một tấm thiệp Lan đình tập tự mô phỏng.,4
40002161,Y Điển,XinFa1_6,1,1,true,0,0,false,false,false,1,-1,-1,,-1,Đạo cụ nhiệm vụ,"Đạo cụ nhiệm vụ.<br>(Y thuật Tây thành) <br>Thầy thuốc Tây thành A Duy Sâm Nạp viết thành, Tô Thức trước đó không lâu đã dịch nó sang tiếng Hán.",4
40002162,Nọc Ong Độc,TaskTools6_10,1,1,true,0,0,false,false,false,1,-1,-1,,-1,Đạo cụ nhiệm vụ,Đạo cụ nhiệm vụ.<br>(Hảo huynh đệ) <br>Được chọn ra từ Hoa cảng độc phong thân thượng.,4
40002163,Liềm Hái Thuốc Của Tô Phi,Spear4_10,1,1,true,0,0,false,false,false,1,-1,-1,,-1,Đạo cụ nhiệm vụ,"Đạo cụ nhiệm vụ.<br>(Thái dược liêm của Tô Phi) <br>Một cái Thái dược liêm, xem ra đã sử dụng rất nhiều năm.",4
40002164,Hộp Phủ Đầy Bụi,Bag2_4,1,1,true,0,0,false,false,false,1,-1,-1,,-1,Đạo cụ nhiệm vụ,"Đạo cụ nhiệm vụ.<br>(thí luyện tín dụng) <br>Xem ra một hộp rất thần bí, không ai biết trong hộp có bí mật gì.",4
40002165,Tử Ngọ Châm Cứu Kinh Tàn Diệp,CircularTaskTool3_4,1,1,true,0,0,false,false,false,30,-1,-1,,-1,Đạo cụ nhiệm vụ,"Đạo cụ nhiệm vụ.<br>(Tử Ngọ Châm Cứu Kinh) <br>Tàn hiệt Tử Ngọ Châm Cứu Kinh trong cổ y thư, viết toàn thuật ngữ y học không đầu không đuôi.",4
40002166,Trang Đính Hảo Đích Tử Ngọ Châm Cứu Kinh,XinFa1_6,1,1,true,0,0,false,false,false,1,-1,-1,,-1,Đạo cụ nhiệm vụ,"Đạo cụ nhiệm vụ.<br>(3 người đồng hành) <br>Tàn hiệt Tử Ngọ Châm Cứu Kinh trong cổ y thư, đã trang đính lại.",4
40002167,Hành Quân Bút Ký Tàn Hiệt,CircularTaskTool3_4,1,1,true,0,0,false,false,false,20,-1,-1,,-1,Đạo cụ nhiệm vụ,Đạo cụ nhiệm vụ. <color=#FFC0CB>(Việc Quân Cấp Bách) <color=#FFC0CB>Vương thiều nguyên soái lúc Nam chinh bắc chiến ghi lại bút ký hành quân.,4
40002168,Yên Chi Chiến Kỷ Lược,XinFa1_6,1,1,true,0,0,false,false,false,1,-1,-1,,-1,Đạo cụ nhiệm vụ,Đạo cụ nhiệm vụ. <color=#FFC0CB>(Yên Chi Chiến) <color=#FFC0CB>thời kỳ xuân thu ghi lại lần đại chiến thứ nhất giữa Tấn quốc và Tề quốc.,4
40002169,Bột Mì,CircularTaskTool42_5,1,1,true,0,0,false,false,true,1,-1,-1,,-1,Đạo cụ hoạt động,"Là một trong những nguyên liệu làm Bánh Trung Thu, thu thập đủ Túi Bột Mì, Dầu Tinh Luyện, Nhân Bánh Trung Thu đến <color=#00FF00>Tô Châu	<color=#FFC0CB>Lương Đạo Sĩ</color> hoàn thành nhiệm vụ <color=#00FF00>Ngọc Thố hạ phàm tặng quà</color>.",4
40004000,Trừng Ác Lệnh,TaskTools1_13,1,1,true,0,0,false,false,false,1,-1,-1,,21000,Đạo cụ nhiệm vụ,"Lệnh trừng ác do quan phủ Tô Châu phát, lệnh ghi lại vị trí và ký hiệu hiện tại của hung thủ và ác nhân. Nhấn sử dụng để truy tìm vị trí, và khi đến vị trí nhấn sử dụng lần nữa để triệu hồi ác nhân.",4
40004315,Dư Độc Lệnh Bài,TaskTools1_13,1,1,true,0,0,false,false,false,15000,-1,-1,,-1,Đạo cụ nhiệm vụ,"Đạo cụ nhiệm vụ, Dư Độc Lệnh Bài. Nhận được sau khi tiêu diệt Dư Độc tại Biên giới Tống Liêu. Nghe nói Hoa Kiếm Vũ ở Tô Châu đang cần tìm đạo cụ này.",4
40004316,Thư của Hoa Kiếm Vũ,XinFa3_9,1,1,true,0,0,false,false,false,15000,-1,-1,,-1,Đạo cụ nhiệm vụ,"Thư của Hoa Kiếm Vũ, bị Hồng Hùng Vương tại Rừng Trúc đánh cắp. Thư đề khẩn cấp, cần mau chóng đem đến cho Tiền Hồng Vũ ở Tô Châu.",4
40004410,Tinh Trí Trang Liêm,Treasure_2,1,1,true,0,0,false,false,false,15000,-1,-1,,-1,Đạo cụ nhiệm vụ,"Nữ giới thích trang điểm cho mình, hộp nữ trang mà nữ giới dùng để đựng đồ hóa trang, có khảm kim ngân châu báu, quý giá vô cùng.",4
40004411,Yến Sơn Yên Chi,Merchandise1_14,1,1,true,0,0,false,false,false,15000,-1,-1,,-1,Đạo cụ nhiệm vụ,"Phấn son được sản xuất từ vùng Yến Sơn, Yên chi có tên gốc Yến chi, loại phấn này mịn trơn, nhã nhặn nên rất được nữ giới ưu chuộng",4
40004412,Đại Nội Cung Hoa,Merchandise1_3,1,1,true,0,0,false,false,false,15000,-1,-1,,-1,Đạo cụ nhiệm vụ,"Cung hoa tinh xảo được nhà Đại Tống sản xuất, nữ giới khi đeo nó sẽ xinh đẹp vô cùng",4
40004413,Tuần La Lệnh,TaskTools1_13,1,1,true,124,31,true,true,false,1,-1,-1,,-1,Đạo cụ nhiệm vụ,Tuần La Lệnh,4
40004414,Kính Hồ Thiên Niên Thảo,Herbal2_16,10,1,true,10000,100,false,false,false,1,-1,4,,-1,Dược liệu hiếm,"Nguyên liệu dược thảo hiếm có, từ18: 30 đến 22: 00 mỗi ngày có thể đến Kính Hồ tọa độ (268, 241) luyện Đại Hoàn Đơn#b<color=#00ff00> (sau khi dùng gia tăng <color=#FFC0CB>500.000<color=#00ff00> điểm kinh nghiệm)</color>.",4
40004415,Dược Đỉnh,Herbal2_15,10,1,true,10000,100,false,false,false,1,-1,-1,,-1,Đạo cụ đặc thù,"Có thể kiểm tra tiến độ luyện dược bất cứ lúc nào, đồng thời là vật phẩm cần thiết để nhận được linh dược",4
40004416,Mã Thừa Sảnh Mật Hàm,TaskTools1_2,1,1,true,0,0,false,false,false,15000,-1,-1,,-1,Đạo cụ nhiệm vụ,"Mật hàm của Mã Thừa Sảnh tặng cho Gia Luật Mạc Ca, sự tình cơ mật, tuyệt đối không thể tiếc lộ.",4
40004417,Hồi Thư Của Gia Luật Mạc Ca,TaskTools1_2,1,1,true,0,0,false,false,false,15000,-1,-1,,-1,Đạo cụ nhiệm vụ,Hồi thư của Gia Luật Mạc Ca viếc cho Mã Thừa Sảnh.,4
40004418,Thư Sám Hối Của Ông Quý Chi,TaskTools1_2,1,1,true,0,0,false,false,false,15000,-1,-1,,-1,Đạo cụ nhiệm vụ,Thư sám hối của Ông Quý Chi viết cho Nhị Ca.,4
40004419,Thư Của Tát Mã,TaskTools1_2,1,1,true,0,0,false,false,false,15000,-1,-1,,-1,Đạo cụ nhiệm vụ,Thư của Tát Mã viếc cho muội muội Tát Tuyết.,4
40004426,Ngân Bì Lệnh Tiễn,TaskTools1_13,1,1,true,0,0,false,false,true,15000,-1,-1,,-1,Đạo cụ nhiệm vụ,"Lệnh bài mua tại cửa hàng bang hội, sử dụng để tham gia diệt phỉ <color=#00FF00>Kính Hồ Thủy Trại</color>. Đem lệnh bài này đến <color=#00FF00>Kính Hồ</color>, tìm <color=#FFFF00>Tề Sát Vân</color> để báo danh tham dự.",4
40004430,Duy Tu Mộc Tài,TaskTools9_16,1,1,true,4,1,true,true,false,20,-1,-1,,-1,Đạo cụ nhiệm vụ,Sau khi thu thập số lượng mộc tài nhất định có thể tu sửa lại một số phòng ngự kiến trúc.,4
40004431,Thiệp,Choujiang_1,1,1,true,0,0,false,false,true,1,-1,48,,-1,Vật phẩm hiếm,"Tín vật dùng để tham gia bốc thăm <color=#00FF00>Cá nhân</color> của tân thủ. Có vật này, chứng tỏ các hạ đang tham gia hoạt động bốc thăm, nội dung cụ thể của hoạt động hãy xem trên trang chủ. Trước khi hoạt động kết thúc, xin đừng hủy vật phẩm này.<br><color=#00FF00>(Nhấn sử dụng để dùng)",4
40004432,Thiệp,Choujiang_2,1,1,true,0,0,false,false,true,1,-1,48,,-1,Vật phẩm hiếm,"Tin vật dùng để tham gia bốc thăm<color=#00FF00>Danh sư</color>. Có vật này, chứng tỏ các hạ đang tham gia hoạt động bốc thăm, nội dung cụ thể của hoạt động hãy xem trên trang chủ. Trước khi hoạt động kết thúc, xin đừng hủy vật phẩm này.<br><color=#00FF00>(Nhấn sử dụng để dùng)",4
40004433,Thiệp,Choujiang_3,1,1,true,0,0,false,false,true,1,-1,48,,-1,Vật phẩm hiếm,"Tin vật dùng để tham gia bốc thăm<color=#00FF00>Đặc cấp danh sư</color>. Có vật này, chứng tỏ các hạ đang tham gia hoạt động bốc thăm, nội dung cụ thể của hoạt động hãy xem trên trang chủ. Trước khi hoạt động kết thúc, xin đừng hủy vật phẩm này.<br><color=#00FF00>(Nhấn sử dụng để dùng)",4
40004434,Đồng Yêu Đai Toái Phiến,Icons01_6,1,1,true,4,1,true,true,true,15000,-1,-1,,-1,Vật phẩm hiếm,Mảnh vỡ Minh Chủ Đồng Yêu Đai. Thu thập<color=#FFFF00>40 mảnh</color> có thể đến <color=#00FF00>Lạc Dương <color=#FFC0CB>Vu Cửu Liên</color> để đổi Minh Chủ Đồng Yêu Đai.,4
40004435,Tầm Lộ Chi Tâm,Chrismas2_16,1,1,true,0,0,false,false,false,1,-1,-1,,-1,Đạo cụ nhiệm vụ,Đạo cụ nhiệm vụ.<br>Sử dụng: trong địa điểm tìm kiếm sử dụng Tầm lộ chi tâm.<br><color=#00FF00>,4
40004436,Tầm Lộ Chi Tâm,Chrismas2_16,1,1,true,0,0,false,false,false,1,-1,-1,,-1,Đạo cụ nhiệm vụ,Đạo cụ nhiệm vụ.<br>Sử dụng: trong địa điểm tìm kiếm sử dụng Tầm lộ chi tâm.<br><color=#00FF00>,4
40004437,Tầm Lộ Chi Tâm,Chrismas2_16,1,1,true,0,0,false,false,false,1,-1,-1,,-1,Đạo cụ nhiệm vụ,Đạo cụ nhiệm vụ.<br>Sử dụng: trong địa điểm tìm kiếm sử dụng Tầm lộ chi tâm.<br><color=#00FF00>,4
40004438,Tầm Lộ Chi Tâm,Chrismas2_16,1,1,true,0,0,false,false,false,1,-1,-1,,-1,Đạo cụ nhiệm vụ,Đạo cụ nhiệm vụ.<br>Sử dụng: trong địa điểm tìm kiếm sử dụng Tầm lộ chi tâm.<br><color=#00FF00>,4
40004439,Dạ Minh Châu Vương Tài,Treasure_1,1,1,true,0,0,false,false,false,1,-1,-1,,-1,Đạo cụ nhiệm vụ,Đạo cụ nhiệm vụ,4
40004440,Thịt Diêm Hồ Ngạc Ngư,Meet_3,1,1,true,0,0,false,false,false,10,-1,-1,,-1,Đạo cụ nhiệm vụ,Đạo cụ nhiệm vụ,4
40004441,Mộc Nhân Trục Thừa,CircularTaskTool1_10,1,1,true,0,0,false,false,false,10,-1,-1,,-1,Đạo cụ nhiệm vụ,Đạo cụ nhiệm vụ,4
40004442,Chu Du Đích Can Lương Đại,Bag_1,1,1,true,0,0,false,false,false,1,-1,-1,,-1,Đạo cụ nhiệm vụ,Đạo cụ nhiệm vụ,4
40004443,Tuyết Nguyên Lang Bì,Flix2_4,1,1,true,0,0,false,false,false,10,-1,-1,,-1,Đạo cụ nhiệm vụ,Đạo cụ nhiệm vụ,4
40004444,Hỏa Bả,TaskTools3_7,1,1,true,4,1,false,false,false,1,-1,-1,,-1,Đạo cụ nhiệm vụ,Hỏa Bả mà trong cuộc thi chạy rùa thỏ dùng để thắp cháy Khổng Minh Đăng.<br><color=#00FF00> (Nhấp sử dụng để xem tiến độ nhiệm vụ đang làm),4
40004445,Sinh Mệnh Chi Hoả,Charm4_14,1,1,true,0,0,false,false,false,24,-1,-1,,-1,Đạo cụ nhiệm vụ,"Ngày ngày rực cháy, không bao giờ tắt",4
40004446,Thiêm Danh Bài,CommonLiveSkill2_9,1,1,true,4,1,false,false,false,1,-1,-1,,-1,Đạo cụ nhiệm vụ,Muốn có Thiêm Danh Bài phải đợi BUFF ngày lễ 01/05 biến mất rồi tìm đến chưởng môn của môn phái mình để nhận 1 cái Ô Trân Thú cấp 1 miễn phí,4
40004447,Thánh Hỏa Hỏa Cự,Function_16,1,1,true,0,0,false,false,false,1,-1,-1,,-1,Đạo cụ nhiệm vụ,"Hãy thắp lên ngọn lửa, chứng minh tinh thần thể thao ngày một cao hơn, nhanh hơn và khỏe hơn.",4
40004448,Tân Thủ Lệnh Bài Cấp 1,PetSkill2_3,1,1,true,4,1,false,false,false,1,-1,-1,,9999998,Đạo cụ nhiệm vụ,Bấm để mở 1 món bộ sư môn cấp 20.,4
40004449,Tân Thủ Lệnh Bài Cấp 2,PetSkill2_3,1,1,true,4,1,false,false,false,1,-1,-1,,9999998,Đạo cụ nhiệm vụ,Bấm để mở 1 món bộ sư môn cấp 30.,4
40004450,Tân Thủ Lệnh Bài Cấp 3,PetSkill2_3,1,1,true,4,1,false,false,false,1,-1,-1,,9999998,Đạo cụ nhiệm vụ,Bấm để mở 1 món bộ sư môn cấp 40.,4
40005451,Trang bị Ngự Tứ Cấp 20,PetSkill2_3,1,1,true,4,1,false,false,false,1,-1,-1,,9999998,Đạo cụ nhiệm vụ,Bấm để mở 1 món bộ Ngự Tứ Cấp 20.,4
40005452,Trang bị Ngự Tứ Cấp 30,PetSkill2_3,1,1,true,4,1,false,false,false,1,-1,-1,,9999998,Đạo cụ nhiệm vụ,Bấm để mở 1 món bộ Ngự Tứ Cấp 30.,4
40005453,Trang bị Ngự Tứ Cấp 40,PetSkill2_3,1,1,true,4,1,false,false,false,1,-1,-1,,9999998,Đạo cụ nhiệm vụ,Bấm để mở 1 món bộ Ngự Tứ Cấp 40.,4
40005454,Trang bị Ngự Tứ Cấp 50,PetSkill2_3,1,1,true,4,1,false,false,false,1,-1,-1,,9999998,Đạo cụ nhiệm vụ,Bấm để mở 1 món bộ Ngự Tứ Cấp 50.,4
40005455,Trang bị Ngự Tứ Cấp 60,PetSkill2_3,1,1,true,4,1,false,false,false,1,-1,-1,,9999998,Đạo cụ nhiệm vụ,Bấm để mở 1 món bộ Ngự Tứ Cấp 60.,4
40005456,Trang bị Ngự Tứ Cấp 70,PetSkill2_3,1,1,true,4,1,false,false,false,1,-1,-1,,9999998,Đạo cụ nhiệm vụ,Bấm để mở 1 món bộ Ngự Tứ Cấp 70.,4
40010003,Thủ Ô,Herbal2_7,1,1,true,0,0,false,false,false,15000,-1,-1,,-1,Nhiệm vụ đạo cụ,Vật phẩm yêu cầu của nhiệm vụ.,4
40010004,Long Huyết Khoáng Thạch,Ore_7,1,1,true,0,0,false,false,false,15000,-1,-1,,-1,Nhiệm vụ đạo cụ,Vật phẩm yêu cầu của nhiệm vụ.,4
40010005,Yến huyền ngọc Nhiệm Vụ,Merchandise4_14,1,1,true,1,1,false,false,false,15000,-1,-1,,-1,Nhiệm vụ đạo cụ,Vật phẩm yêu cầu của nhiệm vụ.,4
40010006,Vạn Linh Thạch Nhiệm Vụ,Medicine3_1,1,1,true,1,1,false,false,false,15000,-1,-1,,-1,Nhiệm vụ đạo cụ,Vật phẩm yêu cầu của nhiệm vụ.,4
40010007,Bát bảo tháp Nhiệm Vụ,Treasure_4,1,1,true,1,1,false,false,false,15000,-1,-1,,-1,Nhiệm vụ đạo cụ,Vật phẩm yêu cầu của nhiệm vụ.,4
40010008,Tỳ Bà,Herbal1_8,3,3,true,1,1,false,false,false,15000,-1,-1,,-1,Nhiệm vụ đạo cụ,"Lá dùng làm thuốc, tính bình, vị đắng, có tác dụng thanh phế hạ khí, trị ho, nôn mửa. Có thể dùng làm thuốc.",4
40010009,Cương Sa Thô,Ore_4,1,1,true,0,0,false,false,true,15000,-1,-1,,-1,Nhiệm vụ đạo cụ,Cương sa thô là nguyên liệu các thợ rèn tinh chế thành Kim Cương Sa,4
40010010,Địa Sát Tinh Hoa,taiwanzhuanyong10_8,1,1,true,0,0,false,false,true,15000,-1,-1,,-1,Nhiệm vụ đạo cụ,Nguyên liệu chế tạo Địa Sát Cường Hóa Tinh Hoa,4
40010011,Mảnh Ám Khí,MakeMaterial5_13,1,1,true,0,0,false,false,true,15000,-1,-1,,-1,Nhiệm vụ đạo cụ,"Mảnh nguyên liệu chế tạo ám khí, giao cho Yến Thanh.",4
40010012,Tinh Khí Tán (Sơ cấp),OtherTools1_1,1,1,false,0,0,true,true,false,15000,-1,-1,,20004,Đạo cụ đặc thù,Chứa đựng tinh lực dùng trong gia công nguyên liệu. Sử dụng ngay lập tức phục hồi cho bản thân <color=#00FF00>10 điểm</color> tinh lực.<br><color=#00FF00>Nhấn để sử dụng,4
40010013,Tinh Khí Tán (Trung cấp),OtherTools1_1,2,1,false,4,1,true,true,false,15000,-1,-1,,20004,Đạo cụ đặc thù,Chứa đựng tinh lực dùng trong gia công nguyên liệu. Sử dụng ngay lập tức phục hồi cho bản thân <color=#00FF00>50 điểm</color> tinh lực.<br><color=#00FF00>Nhấn để sử dụng,4
40010014,Tinh Khí Tán (Cao cấp),OtherTools1_1,3,1,false,4,1,true,true,false,15000,-1,-1,,20004,Đạo cụ đặc thù,Chứa đựng tinh lực dùng trong gia công nguyên liệu. Sử dụng ngay lập tức phục hồi cho bản thân <color=#00FF00>100 điểm</color> tinh lực.<br><color=#00FF00>Nhấn để sử dụng,4
40010015,Hoạt Khí Tán (Sơ cấp),OtherTools1_2,1,1,false,4,1,true,true,false,15000,-1,-1,,20004,Đạo cụ đặc thù,Chứa đựng hoạt lực dùng trong chế tạo sản phẩm. Sử dụng ngay lập tức phục hồi cho bản thân <color=#00FF00>10 điểm</color> hoạt lực.<br><color=#00FF00>Nhấn để sử dụng,4
40010016,Hoạt Khí Tán (Trung cấp),OtherTools1_2,2,1,false,4,1,true,true,false,15000,-1,-1,,20004,Đạo cụ đặc thù,Chứa đựng hoạt lực dùng trong chế tạo sản phẩm. Sử dụng ngay lập tức phục hồi cho bản thân <color=#00FF00>50 điểm</color> hoạt lực.<br><color=#00FF00>Nhấn để sử dụng,4
40010017,Hoạt Khí Tán (Cao cấp),OtherTools1_2,3,1,false,4,1,true,true,false,15000,-1,-1,,20004,Đạo cụ đặc thù,Chứa đựng hoạt lực dùng trong chế tạo sản phẩm. Sử dụng ngay lập tức phục hồi cho bản thân <color=#00FF00>100 điểm</color> hoạt lực.<br><color=#00FF00>Nhấn để sử dụng,4
40010018,Tinh Hoạt Khí Tán (Sơ cấp),OtherTools1_3,1,1,false,4,1,true,true,false,15000,-1,-1,,20004,Đạo cụ đặc thù,"Chứa đựng tinh, hoạt lực dùng trong gia công nguyên liệu và chế tạo sản phẩm. Sử dụng ngay lập tức phục hồi cho bản thân <color=#00FF00>10 điểm</color> tinh lực, <color=#00FF00>10 điểm</color> hoạt lực. Mỗi ngày được dùng tối đa <color=#00FF00>10 bình</color> cùng loại.<br><color=#00FF00>Nhấn để sử dụng",4
40010019,Tinh Hoạt Khí Tán (Trung cấp),OtherTools1_3,2,1,false,4,1,true,true,false,15000,-1,-1,,20004,Đạo cụ đặc thù,"Chứa đựng tinh, hoạt lực dùng trong gia công nguyên liệu và chế tạo sản phẩm. Sử dụng ngay lập tức phục hồi cho bản thân <color=#00FF00>50 điểm</color> tinh lực, <color=#00FF00>50 điểm</color> hoạt lực. Mỗi ngày được dùng tối đa <color=#00FF00>10 bình</color> cùng loại.<br><color=#00FF00>Nhấn để sử dụng",4
40010020,Tinh Hoạt Khí Tán (Cao cấp),OtherTools1_3,3,1,false,4,1,true,true,false,15000,-1,-1,,20004,Đạo cụ đặc thù,"Chứa đựng tinh, hoạt lực dùng trong gia công nguyên liệu và chế tạo sản phẩm. Sử dụng ngay lập tức phục hồi cho bản thân <color=#00FF00>100 điểm</color> tinh lực, <color=#00FF00>100 điểm</color> hoạt lực. Mỗi ngày được dùng tối đa <color=#00FF00>10 bình</color> cùng loại.<br><color=#00FF00>Nhấn để sử dụng",4
40010021,Thiết Khoáng Thạch,Ore_2,1,1,true,0,0,false,false,true,15000,-1,-1,,-1,Nhiệm vụ đạo cụ,"Thiết Khoáng Thạch, sản lượng cực lớn, chủng loại đa dạng.",4
40010022,Ngân Khoáng Thạch,Ore_3,1,1,true,0,0,false,false,true,15000,-1,-1,,-1,Nhiệm vụ đạo cụ,"Ngân Khoáng Thạch, độ dẻo và khả năng dát mỏng tốt, dễ đánh bóng và tạo hình.",4
40010023,Đoạn Kiều Hoa,TaskTools12_2,1,20,true,0,0,false,false,true,200,-1,-1,,-1,Đạo cụ nhiệm vụ,"Đoạn Kiều Hoa thuần khiết, những cánh hoa trắng tinh có thể khiến nhiều nhân sĩ ngoại bang phải để mắt đến.",4
40010958,Linh Ngọc Khoáng Thạch,Charm7_4,1,1,true,1,1,true,true,false,15000,-1,-1,,-1,Khoáng Thạch đặc biệt,"Mảnh vụn của Vạn Kiếp Linh Ngọc, dùng để nâng cấp bang hội.",4
40010959,Bang Môn Khuếch Trương,Xiulian1_4,1,1,true,1,1,true,true,false,15000,-1,-1,,-1,Vật liệu đặc thù,<color=#00FF00>Vật phẩm đặc biệt dùng để nâng cấp bang hội.,4
40010960,Lệnh Bài Thương Tiệm 1 Ngày,Function_13,1,1,true,1,1,true,true,false,15000,-1,-1,,21006,Đạo cụ Bày Bán,Vật phẩm sử dụng sẽ tạo ra 1 nhân vật ảo ngồi bán sạp hàng thay nhân vật chính. Vàng thu được từ bày bán từ Nhân Vật Ảo sẽ được cộng vào Vàng trong túi đồ của người chơi.,4
40010961,Lệnh Bài Thương Tiệm 3 Ngày,Function_13,1,1,true,1,1,true,true,false,15000,-1,-1,,21006,Đạo cụ Bày Bán,Vật phẩm sử dụng sẽ tạo ra 1 nhân vật ảo ngồi bán sạp hàng thay nhân vật chính. Vàng thu được từ bày bán từ Nhân Vật Ảo sẽ được cộng vào Vàng trong túi đồ của người chơi.,4
40010962,Lệnh Bài Thương Tiệm 7 Ngày,Function_13,1,1,true,1,1,true,true,false,15000,-1,-1,,21006,Đạo cụ Bày Bán,Vật phẩm sử dụng sẽ tạo ra 1 nhân vật ảo ngồi bán sạp hàng thay nhân vật chính. Vàng thu được từ bày bán từ Nhân Vật Ảo sẽ được cộng vào Vàng trong túi đồ của người chơi.,4
40010963,Lệnh Bài Thương Tiệm 15 Ngày,Function_13,1,1,true,1,1,true,true,false,15000,-1,-1,,21006,Đạo cụ Bày Bán,Vật phẩm sử dụng sẽ tạo ra 1 nhân vật ảo ngồi bán sạp hàng thay nhân vật chính. Vàng thu được từ bày bán từ Nhân Vật Ảo sẽ được cộng vào Vàng trong túi đồ của người chơi.,4
40010964,Lệnh Bài Thương Tiệm 30 Ngày,Function_13,1,1,true,1,1,true,true,false,15000,-1,-1,,21006,Đạo cụ Bày Bán,Vật phẩm sử dụng sẽ tạo ra 1 nhân vật ảo ngồi bán sạp hàng thay nhân vật chính. Vàng thu được từ bày bán từ Nhân Vật Ảo sẽ được cộng vào Vàng trong túi đồ của người chơi.,4
40010971,Thần Long Kim Tệ,CircularTaskTool9_8,1,1,false,1,1,true,true,false,15000,-1,-1,JB_500,9999996,Phiếu vàng,"Loại Kim Tệ Thần Kỳ, quy đổi ra số lượng <style=""#-05""> tương ứng giá ghi trên phiếu.<br><color=#00FF00>(Nhấn để sử dụng)",4
40010972,Thần Long Kim Tệ,CircularTaskTool9_8,1,1,false,1,1,true,true,false,15000,-1,-1,JB_1000,9999996,Phiếu vàng,"Loại Kim Tệ Thần Kỳ, quy đổi ra số lượng <style=""#-05""> tương ứng giá ghi trên phiếu.<br><color=#00FF00>(Nhấn để sử dụng)",4
40010973,Thần Long Kim Tệ,CircularTaskTool9_8,1,1,false,1,1,true,true,false,15000,-1,-1,JB_10000,9999996,Phiếu vàng,"Loại Kim Tệ Thần Kỳ, quy đổi ra số lượng <style=""#-04""> tương ứng giá ghi trên phiếu.<br><color=#00FF00>(Nhấn để sử dụng)",4
40010974,Thần Long Kim Tệ,CircularTaskTool13_7,1,1,false,1,1,true,true,false,15000,-1,-1,JJ_500,9999996,Phiếu vàng,"Loại Kim Tệ Thần Kỳ, quy đổi ra số lượng <style=""#-02""> tương ứng giá ghi trên phiếu.<br><color=#00FF00>(Nhấn để sử dụng)",4
40010975,Thần Long Kim Tệ,CircularTaskTool13_7,1,1,false,1,1,true,true,false,15000,-1,-1,JJ_1000,9999996,Phiếu vàng,"Loại Kim Tệ Thần Kỳ, quy đổi ra số lượng <style=""#-02""> tương ứng giá ghi trên phiếu.<br><color=#00FF00>(Nhấn để sử dụng)",4
40010976,Thần Long Kim Tệ,CircularTaskTool13_7,1,1,false,1,1,true,true,false,15000,-1,-1,JJ_10000,9999996,Phiếu vàng,"Loại Kim Tệ Thần Kỳ, quy đổi ra số lượng <style=""#-01""> tương ứng giá ghi trên phiếu.<br><color=#00FF00>(Nhấn để sử dụng)",4
40010978,Thẻ Tài Phú,Charm_3,1,1,true,4,1,false,false,true,1,-1,-1,,-1,Thẻ Tài Phú,"Tấm thẻ bài thần kỳ, khi sử dụng có thể nhận phần thưởng từ các mốc cấp độ <color=#00FF00>10, 20, 30, 40, 50, 60, 70, 80</color>, mang vật phẩm này đến <color=#FFFF00>Đại Lý</color> tìm <color=#00FF00>Đô Đại Sảng</color> để kích hoạt.",4
40010979,Thần Long Kim Tệ,CircularTaskTool9_8,1,1,true,4,1,false,false,true,15000,-1,-1,JB_100000,9999996,Phiếu vàng,"Loại Kim Tệ Thần Kỳ, quy đổi ra số lượng <style=""#-04""> tương ứng giá ghi trên phiếu.<br><color=#00FF00>(Nhấn để sử dụng)",4
40010980,Thần Long Kim Tệ,CircularTaskTool9_8,1,1,true,4,1,false,false,true,15000,-1,-1,JB_1000000,9999996,Phiếu vàng,"Loại Kim Tệ Thần Kỳ, quy đổi ra số lượng <style=""#-04""> tương ứng giá ghi trên phiếu.<br><color=#00FF00>(Nhấn để sử dụng)",4
40010981,Thần Long Kim Tệ,CircularTaskTool13_7,1,1,true,4,1,false,false,true,15000,-1,-1,JJ_100000,9999996,Phiếu vàng,"Loại Kim Tệ Thần Kỳ, quy đổi ra số lượng <style=""#-01""> tương ứng giá ghi trên phiếu.<br><color=#00FF00>(Nhấn để sử dụng)",4
40010982,Thần Long Kim Tệ,CircularTaskTool13_7,1,1,true,4,1,false,false,true,15000,-1,-1,JJ_1000000,9999996,Phiếu vàng,"Loại Kim Tệ Thần Kỳ, quy đổi ra số lượng <style=""#-01""> tương ứng giá ghi trên phiếu.<br><color=#00FF00>(Nhấn để sử dụng)",4
40010983,Túi Quà Giáng Sinh,CircularTaskTool19_7,1,1,false,0,0,true,true,false,15000,-1,-1,,9999999,Hộp quà sự kiện,Hộp Quà Giáng Sinh chưa nhiều bảo vật quý hiếm.<br><color=#00FF00>Gợi ý: Nhấn sử dụng để nhận ngẫu nhiên một bảo vật.,4
40010984,Kẹo Giáng Sinh,TaskTools15_2,1,1,false,50,10,true,true,false,15000,-1,-1,,-1,Kỳ vật sự kiện,"Nến Giáng Sinh, có thể bán cho thương nhân để đổi lấy vàng.<br><color=#00FF00>Gợi ý: Có thể bán ở chỗ Bồ Lương Đại Lý .",4
40010985,Cây Thông Giáng Sinh,TaskTools14_13,1,1,false,400,100,true,true,false,15000,-1,-1,,-1,Kỳ vật sự kiện,"Cây Thông Giáng Sinh, có thể bán cho thương nhân để đổi lấy vàng.<br><color=#00FF00>Gợi ý: Có thể bán ở chỗ Bồ Lương Đại Lý .",4
40010986,Ngôi Sao Giáng Sinh,TaskTools15_3,1,1,false,4000,1000,true,true,false,15000,-1,-1,,-1,Kỳ vật sự kiện,"Ngôi Sao Giáng Sinh, có thể bán cho thương nhân để đổi lấy vàng.<br><color=#00FF00>Gợi ý: Có thể bán ở chỗ Bồ Lương Đại Lý .",4
40010987,Trứng Phục Sinh,taiwanzhuanyong8_5,1,1,false,400,100,true,true,false,15000,-1,-1,,-1,Kỳ vật sự kiện,"Cây Thông Giáng Sinh, có thể bán cho thương nhân để đổi lấy vàng.<br><color=#00FF00>Gợi ý: Có thể bán ở chỗ Bồ Lương Đại Lý .",4
40011000,Phiếu Kim Nguyên Bảo Khóa,CircularTaskTool64_16,1,1,true,4,1,false,false,true,10,-1,-1,ZD_100000,9999996,Phiếu Kim nguyên bảo,"Tấm ngân phiếu thần kỳ, quy đổi ra số lượng <color=#00FF00>Nguyên bảo</color> tương ứng giá ghi trên phiếu.<br><color=#00FF00>(Nhấn để sử dụng)",4
40004453,Hoàng Kim Chi Liên,Choujiang3_8,1,1,true,4,1,false,false,true,15000,-1,-1,,-1,Đạo cụ nhiệm vụ,Bảo vật dùng để trấn áp Hỏa Diệm Yêu Ma. Vật phẩm nhiệm vụ tuần hoàn Lâu Lan - Hoàng Kim Chi Liên. Giao cho Hà Duyệt để tiếp tục nhiệm vụ tuần hoàn Huyền Phật Châu.,4
40004454,Huyền Phật Châu,Choujiang3_10,1,1,true,4,1,false,false,true,15000,-1,-1,,-1,Đạo cụ nhiệm vụ,"Viên bảo châu thần kỳ, tương truyền có thể trấn áp liệt hỏa, hủ độc và tà ma quỷ giới. Vật phẩm nhiệm vụ tuần hoàn Lâu Lan - Huyền Phật Châu. Giao cho Lưu Thuẫn để tiếp tục nhiệm vụ tuần hoàn Dung Nham Chi Địa.",4
40005000,Họa Long Phấn,CircularTaskTool8_7,1,1,true,40000,10000,false,false,true,15000,-1,-1,FGStudio.Game.Event.Festivals.DragonPainting;,9999988,Thần Long Điểm Nhãn,"Bột thạch cao màu trắng, dùng chút nước hòa vào sau đó có thể tạc tượng trang trí. Vật phẩm sử dụng trong sự kiện <color=#00FF00>Thần Long Điểm Nhãn</color>. Sử dụng sẽ tạo nên bức tượng <color=#FFFF00>Rồng chưa lên màu</color> tại vị trí đang đứng. Chỉ có thể sử dụng ở <color=#00FF00>Đại Lý</color>, <color=#00FF00>Tô Châu</color>, <color=#00FF00>Lạc Dương</color>, <color=#00FF00>Lâu Lan</color> và <color=#00FF00>Lạc Dương Liên Máy Chủ</color>.<br><color=#00FF00>Lưu ý: Tượng rồng sẽ tồn tại tối đa 1 giờ, trong thời gian này phải nhanh chóng sơn phủ.",4
40005001,Họa Long Nhan - Lục,CircularTaskTool4_8,1,1,true,40000,10000,false,false,true,15000,-1,-1,,-1,Thần Long Điểm Nhãn,"Bột màu xanh lục, sử dụng làm một lớp phủ bảo vệ tượng thạch cao rất tốt. Vật phẩm sử dụng trong sự kiện <color=#00FF00>Thần Long Điểm Nhãn</color>. Sử dụng tại tượng <color=#FFFF00>Rồng chưa lên màu</color>, sau khi phủ sẽ tạo nên tượng <color=#FFFF00>Rồng lên màu lần 1</color>.<br><color=#00FF00>Lưu ý: Tượng rồng sẽ tồn tại tối đa 1 giờ, trong thời gian này phải nhanh chóng tô điểm.",4
40005002,Họa Long Nhan - Hồng,CircularTaskTool5_12,1,1,true,40000,10000,false,false,true,15000,-1,-1,,-1,Thần Long Điểm Nhãn,"Bột màu đỏ, sử dụng để tô điểm cho tượng thạch cao. Vật phẩm sử dụng trong sự kiện <color=#00FF00>Thần Long Điểm Nhãn</color>. Sử dụng tại tượng <color=#FFFF00>Rồng lên màu lần 1</color>, sau khi tô điểm sẽ tạo nên tượng <color=#FFFF00>Rồng lên màu lần 2</color>.<br><color=#00FF00>Lưu ý: Tượng rồng sẽ tồn tại tối đa 1 giờ, trong thời gian này phải nhanh chóng tô điểm.",4
40005003,Họa Long Nhan - Tử,CircularTaskTool5_13,1,1,true,40000,10000,false,false,true,15000,-1,-1,,-1,Thần Long Điểm Nhãn,"Bột màu tím, sử dụng để tô điểm cho tượng thạch cao. Vật phẩm sử dụng trong sự kiện <color=#00FF00>Thần Long Điểm Nhãn</color>. Sử dụng tại tượng <color=#FFFF00>Rồng lên màu lần 2</color>, sau khi tô điểm sẽ tạo nên tượng <color=#FFFF00>Tượng rồng hoàn chỉnh</color>.<br><color=#00FF00>Lưu ý: Tượng rồng sẽ tồn tại tối đa 1 giờ, trong thời gian này phải nhanh chóng điểm nhãn.",4
40005004,Thần Long Nhãn,CircularTaskTool20_7,1,1,true,40000,10000,false,false,true,15000,-1,-1,,-1,Thần Long Điểm Nhãn,"Viên ngọc đen tuyền, bên ngoài tỏa ra sắc đỏ như máu. Vật phẩm sử dụng trong sự kiện <color=#00FF00>Thần Long Điểm Nhãn</color>. Sử dụng tại tượng <color=#FFFF00>Tượng rồng hoàn chỉnh</color>, điểm mắt cho rồng sẽ tạo nên một kỳ quan tuyệt vời, sứ giả <color=#FFFF00>Thần Long Hoàn Mỹ</color> giáng trần. Sau đó sẽ nhận được <color=#FFFF00>[Thần Long Ngọc Bội]</color> từ sứ giả.<br><color=#00FF00>Lưu ý: Tượng rồng sẽ tồn tại tối đa 1 giờ, trong thời gian này phải nhanh chóng nhận ngọc bội.",4
40005005,Thần Long Ngọc Bội,CircularTaskTool20_8,1,1,true,40000,10000,false,false,true,15000,-1,-1,,-1,Thần Long Điểm Nhãn,Viên ngọc bội có khắc hình rồng. Vật phẩm sử dụng trong sự kiện <color=#00FF00>Thần Long Điểm Nhãn</color>. Thu thập đủ số lượng nhất định có thể đến <color=#00FF00>Đại Lý</color> tìm <color=#00FF00>Tôn Bát Gia</color> tiên sinh đổi lấy phần thưởng hấp dẫn.,4
38000000,Trứng trân thú: Huyền Nữ Vương Xà(Cấp 95),Cloth2_12,95,95,true,0,0,true,true,false,1,-1,-1,,9999995,Trứng trân thú,"Trứng Trân Thú quý hiếm, nở ra trân thú <color=#00FF00> Huyền Nữ Xà </color>Bảo Bảo <color=#00FF00>cấp 95</color> <color=#FFFF00>[Bình]</color> ",3
38000001,Trứng trân thú: Thiên Phong Chiến Hiết Bảo Bảo(Cấp 95),Cloth2_12,95,95,true,0,0,true,true,false,1,-1,-1,,9999995,Trứng trân thú,"Trứng Trân Thú quý hiếm, nở ra trân thú <color=#00FF00> Thiên Phong Chiến Hiết </color>Bảo Bảo <color=#00FF00>cấp 95</color> <color=#FFFF00>[Ngoại]</color> ",3
39010000,Trứng trân thú: Tý(Cấp 95),Cloth2_12,95,95,true,0,0,true,true,false,1,-1,-1,,9999995,Trứng trân thú,"Trứng Trân Thú quý hiếm, nằm trong bộ sưu tập 12 con giáp, nở ra trân thú <color=#00FF00> Tý </color>Bảo Bảo <color=#00FF00>cấp 95</color> <color=#FFFF00>[Nội]</color> ",3
39010001,Trứng trân thú: Sửu(Cấp 95),Cloth2_12,95,95,true,0,0,true,true,false,1,-1,-1,,9999995,Trứng trân thú,"Trứng Trân Thú quý hiếm, nằm trong bộ sưu tập 12 con giáp, nở ra trân thú <color=#00FF00> Sửu </color>Bảo Bảo <color=#00FF00>cấp 95</color> <color=#FFFF00>[Ngoại]</color> ",3
39010002,Trứng trân thú: Dần(Cấp 95),Cloth2_12,95,95,true,0,0,true,true,false,1,-1,-1,,9999995,Trứng trân thú,"Trứng Trân Thú quý hiếm, nằm trong bộ sưu tập 12 con giáp, nở ra trân thú <color=#00FF00> Dần </color>Bảo Bảo <color=#00FF00>cấp 95</color> <color=#FFFF00>[Bình]</color> ",3
39010003,Trứng trân thú: Mão(Cấp 95),Cloth2_12,95,95,true,0,0,true,true,false,1,-1,-1,,9999995,Trứng trân thú,"Trứng Trân Thú quý hiếm, nằm trong bộ sưu tập 12 con giáp, nở ra trân thú <color=#00FF00> Mão </color>Bảo Bảo <color=#00FF00>cấp 95</color> <color=#FFFF00>[Nội]</color> ",3
39010004,Trứng trân thú: Thìn(Cấp 95),Cloth2_12,95,95,true,0,0,true,true,false,1,-1,-1,,9999995,Trứng trân thú,"Trứng Trân Thú quý hiếm, nằm trong bộ sưu tập 12 con giáp, nở ra trân thú <color=#00FF00> Thìn </color>Bảo Bảo <color=#00FF00>cấp 95</color> <color=#FFFF00>[Nội]</color> ",3
39010005,Trứng trân thú: Tỵ(Cấp 95),Cloth2_12,95,95,true,0,0,true,true,false,1,-1,-1,,9999995,Trứng trân thú,"Trứng Trân Thú quý hiếm, nằm trong bộ sưu tập 12 con giáp, nở ra trân thú <color=#00FF00> Tỵ </color>Bảo Bảo <color=#00FF00>cấp 95</color> <color=#FFFF00>[Nội]</color> ",3
39010006,Trứng trân thú: Ngọ(Cấp 95),Cloth2_12,95,95,true,0,0,true,true,false,1,-1,-1,,9999995,Trứng trân thú,"Trứng Trân Thú quý hiếm, nằm trong bộ sưu tập 12 con giáp, nở ra trân thú <color=#00FF00> Ngọ </color>Bảo Bảo <color=#00FF00>cấp 95</color> <color=#FFFF00>[Ngoại]</color> ",3
39010007,Trứng trân thú: Mùi(Cấp 95),Cloth2_12,95,95,true,0,0,true,true,false,1,-1,-1,,9999995,Trứng trân thú,"Trứng Trân Thú quý hiếm, nằm trong bộ sưu tập 12 con giáp, nở ra trân thú <color=#00FF00> Mùi </color>Bảo Bảo <color=#00FF00>cấp 95</color> <color=#FFFF00>[Bình]</color> ",3
39010008,Trứng trân thú: Thân(Cấp 95),Cloth2_12,95,95,true,0,0,true,true,false,1,-1,-1,,9999995,Trứng trân thú,"Trứng Trân Thú quý hiếm, nằm trong bộ sưu tập 12 con giáp, nở ra trân thú <color=#00FF00> Thân </color>Bảo Bảo <color=#00FF00>cấp 95</color> <color=#FFFF00>[Nội]</color> ",3
39010009,Trứng trân thú: Dậu(Cấp 95),Cloth2_12,95,95,true,0,0,true,true,false,1,-1,-1,,9999995,Trứng trân thú,"Trứng Trân Thú quý hiếm, nằm trong bộ sưu tập 12 con giáp, nở ra trân thú <color=#00FF00> Dậu </color>Bảo Bảo <color=#00FF00>cấp 95</color> <color=#FFFF00>[Nội]</color> ",3
39010010,Trứng trân thú: Tuất(Cấp 95),Cloth2_12,95,95,true,0,0,true,true,false,1,-1,-1,,9999995,Trứng trân thú,"Trứng Trân Thú quý hiếm, nằm trong bộ sưu tập 12 con giáp, nở ra trân thú <color=#00FF00> Tuất </color>Bảo Bảo <color=#00FF00>cấp 95</color> <color=#FFFF00>[Nội]</color> ",3
39010011,Trứng trân thú: Hợi(Cấp 95),Cloth2_12,95,95,true,0,0,true,true,false,1,-1,-1,,9999995,Trứng trân thú,"Trứng Trân Thú quý hiếm, nằm trong bộ sưu tập 12 con giáp, nở ra trân thú <color=#00FF00> Hợi </color>Bảo Bảo <color=#00FF00>cấp 95</color> <color=#FFFF00>[Ngoại]</color> ",3
40010965,Kim Nguyên Bảo Phiếu,CircularTaskTool105_10,1,1,false,4,1,false,false,true,15000,-1,-1,YB_100,9999996,Kim nguyên bảo phiếu,Tấm ngân phiếu này có thể quy đổi ra số lượng <color=#00FF00>Kim Nguyên Bảo</color> tương ứng giá trị ghi trên phiếu.<br><color=#00FF00>(Nhấn để sử dụng),4
40010966,Kim Nguyên Bảo Phiếu,CircularTaskTool105_10,1,1,false,4,1,false,false,true,15000,-1,-1,YB_500,9999996,Kim nguyên bảo phiếu,Tấm ngân phiếu này có thể quy đổi ra số lượng <color=#00FF00>Kim Nguyên Bảo</color> tương ứng giá trị ghi trên phiếu.<br><color=#00FF00>(Nhấn để sử dụng),4
40010967,Kim Nguyên Bảo Phiếu,CircularTaskTool105_10,1,1,false,4,1,false,false,true,15000,-1,-1,YB_1000,9999996,Kim nguyên bảo phiếu,Tấm ngân phiếu này có thể quy đổi ra số lượng <color=#00FF00>Kim Nguyên Bảo</color> tương ứng giá trị ghi trên phiếu.<br><color=#00FF00>(Nhấn để sử dụng),4
40010968,Kim Nguyên Bảo Phiếu (Khóa),CircularTaskTool6_7,1,1,false,4,1,false,false,true,15000,-1,-1,ZD_100,9999996,Kim nguyên bảo phiếu,Tấm ngân phiếu này có thể quy đổi ra số lượng <color=#00FF00>Kim Nguyên Bảo Khóa</color> tương ứng giá trị ghi trên phiếu.<br><color=#00FF00>(Nhấn để sử dụng),4
40010969,Kim Nguyên Bảo Phiếu (Khóa),CircularTaskTool6_7,1,1,false,4,1,false,false,true,15000,-1,-1,ZD_500,9999996,Kim nguyên bảo phiếu,Tấm ngân phiếu này có thể quy đổi ra số lượng <color=#00FF00>Kim Nguyên Bảo Khóa</color> tương ứng giá trị ghi trên phiếu.<br><color=#00FF00>(Nhấn để sử dụng),4
40010970,Kim Nguyên Bảo Phiếu (Khóa),CircularTaskTool6_7,1,1,false,4,1,false,false,true,15000,-1,-1,ZD_1000,9999996,Kim nguyên bảo phiếu,Tấm ngân phiếu này có thể quy đổi ra số lượng <color=#00FF00>Kim Nguyên Bảo Khóa</color> tương ứng giá trị ghi trên phiếu.<br><color=#00FF00>(Nhấn để sử dụng),4
40010977,Kim Nguyên Bảo Phiếu (Khóa),CircularTaskTool6_7,1,1,false,4,1,false,false,true,15000,-1,-1,ZD_10000,9999996,Kim nguyên bảo phiếu,Tấm ngân phiếu này có thể quy đổi ra số lượng <color=#00FF00>Kim Nguyên Bảo Khóa</color> tương ứng giá trị ghi trên phiếu.<br><color=#00FF00>(Nhấn để sử dụng),4
40010988,Kim Nguyên Bảo Phiếu,CircularTaskTool105_10,1,1,false,4,1,false,false,false,15000,-1,-1,YB_5000,9999996,Kim nguyên bảo phiếu,Tấm ngân phiếu này có thể quy đổi ra số lượng <color=#00FF00>Kim Nguyên Bảo</color> tương ứng giá trị ghi trên phiếu.<br><color=#00FF00>(Nhấn để sử dụng),4
40010989,Kim Nguyên Bảo Phiếu,CircularTaskTool105_10,1,1,false,4,1,false,false,false,15000,-1,-1,YB_10000,9999996,Kim nguyên bảo phiếu,Tấm ngân phiếu này có thể quy đổi ra số lượng <color=#00FF00>Kim Nguyên Bảo</color> tương ứng giá trị ghi trên phiếu.<br><color=#00FF00>(Nhấn để sử dụng),4
40010990,Kim Nguyên Bảo Phiếu,CircularTaskTool105_10,1,1,false,4,1,false,false,false,15000,-1,-1,YB_20000,9999996,Kim nguyên bảo phiếu,Tấm ngân phiếu này có thể quy đổi ra số lượng <color=#00FF00>Kim Nguyên Bảo</color> tương ứng giá trị ghi trên phiếu.<br><color=#00FF00>(Nhấn để sử dụng),4
40010991,Kim Nguyên Bảo Phiếu,CircularTaskTool105_10,1,1,false,4,1,false,false,false,15000,-1,-1,YB_50000,9999996,Kim nguyên bảo phiếu,Tấm ngân phiếu này có thể quy đổi ra số lượng <color=#00FF00>Kim Nguyên Bảo</color> tương ứng giá trị ghi trên phiếu.<br><color=#00FF00>(Nhấn để sử dụng),4
40010992,Kim Nguyên Bảo Phiếu,CircularTaskTool105_10,1,1,false,4,1,false,false,false,15000,-1,-1,YB_100000,9999996,Kim nguyên bảo phiếu,Tấm ngân phiếu này có thể quy đổi ra số lượng <color=#00FF00>Kim Nguyên Bảo</color> tương ứng giá trị ghi trên phiếu.<br><color=#00FF00>(Nhấn để sử dụng),4
40010993,Kim Nguyên Bảo Phiếu,CircularTaskTool105_10,1,1,false,4,1,false,false,false,15000,-1,-1,YB_1000,9999996,Kim nguyên bảo phiếu,Tấm ngân phiếu này có thể quy đổi ra số lượng <color=#00FF00>Kim Nguyên Bảo</color> tương ứng giá trị ghi trên phiếu.<br><color=#00FF00>(Nhấn để sử dụng),4
40010994,Kim Nguyên Bảo Phiếu,CircularTaskTool105_10,1,1,false,4,1,false,false,false,15000,-1,-1,YB_2000,9999996,Kim nguyên bảo phiếu,Tấm ngân phiếu này có thể quy đổi ra số lượng <color=#00FF00>Kim Nguyên Bảo</color> tương ứng giá trị ghi trên phiếu.<br><color=#00FF00>(Nhấn để sử dụng),4
40010995,Kim Nguyên Bảo Phiếu,CircularTaskTool105_10,1,1,false,4,1,false,false,false,15000,-1,-1,YB_200000,9999996,Kim nguyên bảo phiếu,Tấm ngân phiếu này có thể quy đổi ra số lượng <color=#00FF00>Kim Nguyên Bảo</color> tương ứng giá trị ghi trên phiếu.<br><color=#00FF00>(Nhấn để sử dụng),4
40010996,Kim Nguyên Bảo Phiếu,CircularTaskTool105_10,1,1,false,4,1,false,false,false,15000,-1,-1,YB_500000,9999996,Kim nguyên bảo phiếu,Tấm ngân phiếu này có thể quy đổi ra số lượng <color=#00FF00>Kim Nguyên Bảo</color> tương ứng giá trị ghi trên phiếu.<br><color=#00FF00>(Nhấn để sử dụng),4
40010997,Kim Nguyên Bảo Phiếu,CircularTaskTool105_10,1,1,false,4,1,false,false,false,15000,-1,-1,YB_500,9999996,Kim nguyên bảo phiếu,Tấm ngân phiếu này có thể quy đổi ra số lượng <color=#00FF00>Kim Nguyên Bảo</color> tương ứng giá trị ghi trên phiếu.<br><color=#00FF00>(Nhấn để sử dụng),4
