ID,Name,Icon,TypeDesc,TargetType,ItemLevel,RequireLevel,BasePrice,SellPrice,Throwable,Sellable,Bound,Stack,MaxUsageTimes,DurationHour,ExtraHint,ProgressTime,ProgressTick,MaxUsageTimesPerDay
30101001,Bánh bao,Food_1,Thực phẩm,Self,1,1,54,1,true,true,false,5000,-1,-1,,10000,1000,
30101002,Cơm chiên Dương Châu,Food_2,Thực phẩm,Self,2,10,144,36,true,true,false,5000,-1,-1,,10000,1000,
30101003,Bánh Ngọc Mễ,Food_3,Thực phẩm,Self,3,20,260,65,true,true,false,5000,-1,-1,,10000,1000,
30101004,Bánh Thiên Tầng,Food2_4,Thực phẩm,Self,4,30,401,100,true,true,false,5000,-1,-1,,10000,1000,
30101005,Khảo Địa Qua,Food_4,Thực phẩm,Self,5,40,568,100,true,true,false,5000,-1,-1,,10000,1000,
30101006,Hoành Thánh,Food_5,Thực phẩm,Self,6,50,762,100,true,true,false,5000,-1,-1,,10000,1000,
30101007,Dầu Điều,Food_14,Thực phẩm,Self,7,60,981,100,true,true,false,5000,-1,-1,,10000,1000,
30101008,Xuân Quyển,Food_15,Thực phẩm,Self,8,60,1226,100,true,true,false,5000,-1,-1,,10000,1000,
30101009,Ma Hoa,Food_16,Thực phẩm,Self,9,60,1497,100,true,true,false,5000,-1,-1,,10000,1000,
30101010,Nguyên Tiêu,Food2_1,Thực phẩm,Self,10,60,1794,100,true,true,false,5000,-1,-1,,10000,1000,
30101011,Thủy Tinh Hoàn Tử,Food2_2,Thực phẩm,Self,11,60,2091,100,true,true,false,5000,-1,-1,,10000,1000,
30101012,Bánh Tiêm,Food2_3,Thực phẩm,Self,12,60,2388,100,true,true,false,5000,-1,-1,,10000,1000,
30101013,Bao Tử,Food_6,Thực phẩm,Self,1,1,42,10,true,true,false,5000,-1,-1,,10000,1000,
30101014,Bì Đản Chúc,Food2_5,Thực phẩm,Self,2,10,108,27,true,true,false,5000,-1,-1,,10000,1000,
30101015,Bát Bảo Chúc,Food2_6,Thực phẩm,Self,3,20,192,48,true,true,false,5000,-1,-1,,10000,1000,
30101016,Lạp Bát Chúc,Food_7,Thực phẩm,Self,4,30,295,73,true,true,false,5000,-1,-1,,10000,1000,
30101017,Giao Tử,Food_8,Thực phẩm,Self,5,40,417,100,true,true,false,5000,-1,-1,,10000,1000,
30101018,Qua Kiểu Mỹ Tiên,Food_9,Thực phẩm,Self,6,50,558,100,true,true,false,5000,-1,-1,,10000,1000,
30101019,La Diện,Food_9,Thực phẩm,Self,7,60,719,100,true,true,false,5000,-1,-1,,10000,1000,
30101020,Phát Cao,Food2_4,Thực phẩm,Self,8,60,898,100,true,true,false,5000,-1,-1,,10000,1000,
30101021,Mễ Cao,Food2_13,Thực phẩm,Self,9,60,1096,100,true,true,false,5000,-1,-1,,10000,1000,
30101022,Hạnh Đào Tô,Food_13,Thực phẩm,Self,10,60,1312,100,true,true,false,5000,-1,-1,,10000,1000,
30101023,Phấn Bì,Food_9,Thực phẩm,Self,11,60,1528,100,true,true,false,5000,-1,-1,,10000,1000,
30101024,Oa Oa Đầu,Food_3,Thực phẩm,Self,12,60,1744,100,true,true,false,5000,-1,-1,,10000,1000,
30101031,Bạch Phong Cao,Food_1,Thực phẩm,Self,1,1,54,13,true,true,false,5000,-1,-1,,10000,1000,
30101032,Ngưu Hoàn Phấn,Food_9,Thực phẩm,Self,2,10,144,36,true,true,false,5000,-1,-1,,10000,1000,
30101033,Hạnh Đào Lạc,Food_3,Thực phẩm,Self,3,20,260,65,true,true,false,5000,-1,-1,,10000,1000,
30101034,Kim Tiền Ma Hoa,Food_16,Thực phẩm,Self,4,30,401,100,true,true,false,5000,-1,-1,,10000,1000,
30101035,Xuân Bính,Food2_4,Thực phẩm,Self,5,40,568,100,true,true,false,5000,-1,-1,,10000,1000,
30101036,Đậu Muộn Phạn,Food_2,Thực phẩm,Self,6,50,762,100,true,true,false,5000,-1,-1,,10000,1000,
30101037,Trùng Dương Cao,Food2_13,Thực phẩm,Self,7,60,981,100,true,true,false,5000,-1,-1,,10000,1000,
30101038,Băng Hoa Cầu,Food2_1,Thực phẩm,Self,8,60,1226,100,true,true,false,5000,-1,-1,,10000,1000,
30101039,Ba Kê,Food_11,Thực phẩm,Self,9,60,1497,100,true,true,false,5000,-1,-1,,10000,1000,
30101040,Vân Thuẫn Diện,Food_9,Thực phẩm,Self,10,60,1794,100,true,true,false,5000,-1,-1,,10000,1000,
30101041,Tang Cúc Chúc,Food_7,Thực phẩm,Self,1,1,42,10,true,true,false,5000,-1,-1,,10000,1000,
30101042,Sơn Dược Chúc,Food2_5,Thực phẩm,Self,2,10,108,27,true,true,false,5000,-1,-1,,10000,1000,
30101043,Tùng Tử Chúc,Food2_5,Thực phẩm,Self,3,20,192,48,true,true,false,5000,-1,-1,,10000,1000,
30101044,Hắc Mễ Chúc,Food_7,Thực phẩm,Self,4,30,295,73,true,true,false,5000,-1,-1,,10000,1000,
30101045,Hồ Đào Chúc,Food_7,Thực phẩm,Self,5,40,417,100,true,true,false,5000,-1,-1,,10000,1000,
30101046,Hải Tiên Chúc,Food2_5,Thực phẩm,Self,6,50,558,100,true,true,false,5000,-1,-1,,10000,1000,
30101047,Sa Sâm Ngân Nhĩ Chúc,Food_7,Thực phẩm,Self,7,60,719,100,true,true,false,5000,-1,-1,,10000,1000,
30101048,Xuyên Bối Bách Hợp Chúc,Food_7,Thực phẩm,Self,8,60,898,100,true,true,false,5000,-1,-1,,10000,1000,
30101049,Sinh Địa Mạch Đông Chúc,Food2_5,Thực phẩm,Self,9,60,1096,100,true,true,false,5000,-1,-1,,10000,1000,
30101050,Bách Quả Dưỡng Sinh Chúc,Food_7,Thực phẩm,Self,10,60,1312,100,true,true,false,5000,-1,-1,,10000,1000,
30101051,Dầu tiền,Food_13,Thực phẩm,Self,1,1,54,13,true,true,false,5000,-1,-1,,10000,1000,
30101052,Khảo Ngọc Mễ,Food3_2,Thực phẩm,Self,2,10,144,36,true,true,false,5000,-1,-1,,10000,1000,
30101053,Cẩm Sắc Sao Phạn,Food2_6,Thực phẩm,Self,3,20,260,65,true,true,false,5000,-1,-1,,10000,1000,
30101054,Bánh khoai,Food2_4,Thực phẩm,Self,4,30,401,100,true,true,false,5000,-1,-1,,10000,1000,
30101055,Nhu Mễ Cao,Food2_8,Thực phẩm,Self,5,40,568,100,true,true,false,5000,-1,-1,,10000,1000,
30101056,Hương Cô Thái Bao,Food_6,Thực phẩm,Self,6,50,762,100,true,true,false,5000,-1,-1,,10000,1000,
30101057,Tàm Đậu Ngân Ty Cao,Food2_6,Thực phẩm,Self,7,60,981,100,true,true,false,5000,-1,-1,,10000,1000,
30101058,Cam Thảo Ý Mễ Bính,Food_3,Thực phẩm,Self,8,60,1226,100,true,true,false,5000,-1,-1,,10000,1000,
30101059,Bách Vị Thanh Ti Diện,Food_9,Thực phẩm,Self,9,60,1497,100,true,true,false,5000,-1,-1,,10000,1000,
30101060,Tiêu Hồn Ý Vị Cao,Food2_6,Thực phẩm,Self,10,60,1794,100,true,true,false,5000,-1,-1,,10000,1000,
30101061,Lục Đậu Cao,Food_3,Thực phẩm,Self,1,1,42,10,true,true,false,5000,-1,-1,,10000,1000,
30101062,Chi Ma Bính,Food2_3,Thực phẩm,Self,2,10,108,27,true,true,false,5000,-1,-1,,10000,1000,
30101063,Dầu Diện Cân,Food2_5,Thực phẩm,Self,3,20,192,48,true,true,false,5000,-1,-1,,10000,1000,
30101064,Hạnh Nhân Tô,Food_3,Thực phẩm,Self,4,30,295,73,true,true,false,5000,-1,-1,,10000,1000,
30101065,Thanh Minh Ba,Food_13,Thực phẩm,Self,5,40,417,100,true,true,false,5000,-1,-1,,10000,1000,
30101066,Ba Tiêu Ham Phạn,Food2_5,Thực phẩm,Self,6,50,558,100,true,true,false,5000,-1,-1,,10000,1000,
30101067,Hoàng Dầu Phát Cao,Food2_4,Thực phẩm,Self,7,60,719,100,true,true,false,5000,-1,-1,,10000,1000,
30101068,Tứ Bảo Chi Ma Chúc,Food2_5,Thực phẩm,Self,8,60,898,100,true,true,false,5000,-1,-1,,10000,1000,
30101069,Ty Qua Diện Tuyến Thang,Food_7,Thực phẩm,Self,9,60,1096,100,true,true,false,5000,-1,-1,,10000,1000,
30101070,Bánh Thiên Đao Tô Tuyết,Food2_4,Thực phẩm,Self,10,60,1312,100,true,true,false,5000,-1,-1,,10000,1000,
30101071,Nhục Ty Hương Cô,Food2_10,Thực phẩm,Self,1,1,54,13,true,true,false,5000,-1,-1,,10000,1000,
30101072,Cô Thương Nhục,Food_2,Thực phẩm,Self,2,10,144,36,true,true,false,5000,-1,-1,,10000,1000,
30101073,Khiếu Hóa Kê,Food_11,Thực phẩm,Self,3,20,260,65,true,true,false,5000,-1,-1,,10000,1000,
30101074,Kiêu Chấp Ngư Phiến,Food_12,Thực phẩm,Self,4,30,401,100,true,true,false,5000,-1,-1,,10000,1000,
30101075,Mã Nghĩa Thượng Thụ,Food_2,Thực phẩm,Self,5,40,568,100,true,true,false,5000,-1,-1,,10000,1000,
30101076,Bát Trân Thuẫn Kê Thang,Food2_6,Thực phẩm,Self,6,50,762,100,true,true,false,5000,-1,-1,,10000,1000,
30101077,Ô Kê Thang,Food2_6,Thực phẩm,Self,7,60,981,100,true,true,false,5000,-1,-1,,10000,1000,
30101078,Bão Tiêu Phụng Trảo,Meet_2,Thực phẩm,Self,8,60,1226,100,true,true,false,5000,-1,-1,,10000,1000,
30101079,Ngư Phúc Dương Nhục,Meet_9,Thực phẩm,Self,9,60,1497,100,true,true,false,5000,-1,-1,,10000,1000,
30101080,Triều Châu Thiện Bao,Food2_5,Thực phẩm,Self,10,60,1794,100,true,true,false,5000,-1,-1,,10000,1000,
30101081,Sinh Thái Nhục Tùng,Food_2,Thực phẩm,Self,1,1,42,10,true,true,false,5000,-1,-1,,10000,1000,
30101082,Tương Ngưu Nhục,Meet_4,Thực phẩm,Self,2,10,108,27,true,true,false,5000,-1,-1,,10000,1000,
30101083,Tạc Hoàng Hoa Ngư,Food_10,Thực phẩm,Self,3,20,192,48,true,true,false,5000,-1,-1,,10000,1000,
30101084,Quan Thang Bao,Food_6,Thực phẩm,Self,4,30,295,73,true,true,false,5000,-1,-1,,10000,1000,
30101085,Lạp Thiêu Hương Loa,Food_5,Thực phẩm,Self,5,40,417,100,true,true,false,5000,-1,-1,,10000,1000,
30101086,Phấn Chưng Áp Nhục,Meet_2,Thực phẩm,Self,6,50,558,100,true,true,false,5000,-1,-1,,10000,1000,
30101087,Hà Bao Tức Ngư,Food_12,Thực phẩm,Self,7,60,719,100,true,true,false,5000,-1,-1,,10000,1000,
30101088,Hào Dầu Ngưu Nhục,Meet_3,Thực phẩm,Self,8,60,898,100,true,true,false,5000,-1,-1,,10000,1000,
30101089,Hồng Muộn Ngưu Nạm,Food_2,Thực phẩm,Self,9,60,1096,100,true,true,false,5000,-1,-1,,10000,1000,
30101090,Túy Phi Bạch Nhục,Meet_12,Thực phẩm,Self,10,60,1312,100,true,true,false,5000,-1,-1,,10000,1000,
30101091,Phao bính,Food2_3,Thực phẩm,Self,1,1,54,1,true,true,false,5000,-1,-1,,10000,1000,
30101092,Hồng tảo phạn,Food2_5,Thực phẩm,Self,2,10,144,36,true,true,false,5000,-1,-1,,10000,1000,
30101093,Thổ đậu phạn,Food2_5,Thực phẩm,Self,3,20,260,65,true,true,false,5000,-1,-1,,10000,1000,
30101094,Hương mễ phạn,Food_7,Thực phẩm,Self,4,30,401,100,true,true,false,5000,-1,-1,,10000,1000,
30101095,Sơn quỳ phạn,Food_7,Thực phẩm,Self,5,40,568,100,true,true,false,5000,-1,-1,,10000,1000,
30101096,Đậu khấu phạn,Food2_5,Thực phẩm,Self,6,50,762,100,true,true,false,5000,-1,-1,,10000,1000,
30101097,Hồng hoa mễ phạn,Food_7,Thực phẩm,Self,7,60,981,100,true,true,false,5000,-1,-1,,10000,1000,
30101098,Thổ đậu tiên bính,Food2_3,Thực phẩm,Self,8,60,1226,100,true,true,false,5000,-1,-1,,10000,1000,
30101099,Du tiên thổ đậu bính,Food_15,Thực phẩm,Self,9,60,1497,100,true,true,false,5000,-1,-1,,10000,1000,
30101100,Ngưu nhục muộn phạn,Food_7,Thực phẩm,Self,10,60,1794,100,true,true,false,5000,-1,-1,,10000,1000,
30101101,Diện bao hãm bính,Food2_4,Thực phẩm,Self,11,60,2091,100,true,true,false,5000,-1,-1,,10000,1000,
30101102,Đỗ nhĩ mạch phạn,Food3_3,Thực phẩm,Self,12,60,2388,100,true,true,false,5000,-1,-1,,10000,1000,
30101103,Thuý mễ bính,Food_3,Thực phẩm,Self,1,1,42,10,true,true,false,5000,-1,-1,,10000,1000,
30101104,Bân thảo cao,Food2_13,Thực phẩm,Self,2,10,108,27,true,true,false,5000,-1,-1,,10000,1000,
30101105,Hồng thự cao,Food2_8,Thực phẩm,Self,3,20,192,48,true,true,false,5000,-1,-1,,10000,1000,
30101106,Vân đậu cao,Food2_13,Thực phẩm,Self,4,30,295,73,true,true,false,5000,-1,-1,,10000,1000,
30101107,Phi tân giang,Food3_4,Thực phẩm,Self,5,40,417,100,true,true,false,5000,-1,-1,,10000,1000,
30101108,Sa đường cao,Food2_13,Thực phẩm,Self,6,50,558,100,true,true,false,5000,-1,-1,,10000,1000,
30101109,Ba tư tảo cao,Food2_4,Thực phẩm,Self,7,60,719,100,true,true,false,5000,-1,-1,,10000,1000,
30101110,Sa nhân vu cao,Food_3,Thực phẩm,Self,8,60,898,100,true,true,false,5000,-1,-1,,10000,1000,
30101111,Hồ trăn tử cao,Food2_4,Thực phẩm,Self,9,60,1096,100,true,true,false,5000,-1,-1,,10000,1000,
30101112,Nhũ hương nhu cao,Function_6,Thực phẩm,Self,10,60,1312,100,true,true,false,5000,-1,-1,,10000,1000,
30101113,Ý mễ phấn cao,Food_3,Thực phẩm,Self,11,60,1528,100,true,true,false,5000,-1,-1,,10000,1000,
30101114,Bổ cốt chi phạn,Food2_5,Thực phẩm,Self,12,60,1744,100,true,true,false,5000,-1,-1,,10000,1000,
30101115,Huân thảo cao,Food2_8,Thực phẩm,Self,1,1,54,13,true,true,false,5000,-1,-1,,10000,1000,
30101116,Bạc hà cao,Food2_4,Thực phẩm,Self,2,10,144,36,true,true,false,5000,-1,-1,,10000,1000,
30101117,Thủ trảo phạn,Food_2,Thực phẩm,Self,3,20,260,65,true,true,false,5000,-1,-1,,10000,1000,
30101118,Đại bàn kê,Food_11,Thực phẩm,Self,4,30,401,100,true,true,false,5000,-1,-1,,10000,1000,
30101119,Tô du trà,Food3_5,Thực phẩm,Self,5,40,568,100,true,true,false,5000,-1,-1,,10000,1000,
30101120,Mạch phiến chúc,Food2_6,Thực phẩm,Self,6,50,762,100,true,true,false,5000,-1,-1,,10000,1000,
30101121,Tô lạc cao,Food_3,Thực phẩm,Self,7,60,981,100,true,true,false,5000,-1,-1,,10000,1000,
30101122,Trân châu tửu nhưỡng,Food2_1,Thực phẩm,Self,8,60,1226,100,true,true,false,5000,-1,-1,,10000,1000,
30101123,Tây mễ da lộ,Food3_6,Thực phẩm,Self,9,60,1497,100,true,true,false,5000,-1,-1,,10000,1000,
30101124,Ba tư dương thối,Meet_11,Thực phẩm,Self,10,60,1794,100,true,true,false,5000,-1,-1,,10000,1000,
30101125,Bì bát chúc,Food_7,Thực phẩm,Self,1,1,42,10,true,true,false,5000,-1,-1,,10000,1000,
30101126,Xích đậu chúc,Food2_5,Thực phẩm,Self,2,10,108,27,true,true,false,5000,-1,-1,,10000,1000,
30101127,Hồ Đào Chúc,Food_7,Thực phẩm,Self,3,20,192,48,true,true,false,5000,-1,-1,,10000,1000,
30101128,Hồi hương chúc,Food2_5,Thực phẩm,Self,4,30,295,73,true,true,false,5000,-1,-1,,10000,1000,
30101129,Kê nhục chúc,Food_7,Thực phẩm,Self,5,40,417,100,true,true,false,5000,-1,-1,,10000,1000,
30101130,Quả tử tương bao,Food_13,Thực phẩm,Self,6,50,558,100,true,true,false,5000,-1,-1,,10000,1000,
30101131,Hổ phách tùng tử chúc,Food2_5,Thực phẩm,Self,7,60,719,100,true,true,false,5000,-1,-1,,10000,1000,
30101132,Thẩm hương liên tâm chúc,Food_7,Thực phẩm,Self,8,60,898,100,true,true,false,5000,-1,-1,,10000,1000,
30101133,Lô oái thanh duẩn chúc,Food2_5,Thực phẩm,Self,9,60,1096,100,true,true,false,5000,-1,-1,,10000,1000,
30101134,Tô hợp hương đậu chúc,Food_7,Thực phẩm,Self,10,60,1312,100,true,true,false,5000,-1,-1,,10000,1000,
30101135,Du tiên bính,Food2_3,Thực phẩm,Self,1,1,54,13,true,true,false,5000,-1,-1,,10000,1000,
30101136,Hà nhân bính,Food_3,Thực phẩm,Self,2,10,144,36,true,true,false,5000,-1,-1,,10000,1000,
30101137,Tàng hồng lao phạn,Food2_5,Thực phẩm,Self,3,20,260,65,true,true,false,5000,-1,-1,,10000,1000,
30101138,Bạc nang,Food2_3,Thực phẩm,Self,4,30,401,100,true,true,false,5000,-1,-1,,10000,1000,
30101139,Thuỷ quả trà,Food3_7,Thực phẩm,Self,5,40,568,100,true,true,false,5000,-1,-1,,10000,1000,
30101140,Oản đậu ta ba,Food2_8,Thực phẩm,Self,6,50,762,100,true,true,false,5000,-1,-1,,10000,1000,
30101141,Thanh chưng tứ sắc ngư,Food_12,Thực phẩm,Self,7,60,981,100,true,true,false,5000,-1,-1,,10000,1000,
30101142,Hồ đào mộc khảo nhục,Meet_6,Thực phẩm,Self,8,60,1226,100,true,true,false,5000,-1,-1,,10000,1000,
30101143,Đinh hương tiểu ngưu nhục,Meet_4,Thực phẩm,Self,9,60,1497,100,true,true,false,5000,-1,-1,,10000,1000,
30101144,Ba gia ngưu nhục thang,Food2_6,Thực phẩm,Self,10,60,1794,100,true,true,false,5000,-1,-1,,10000,1000,
30101145,Hồ bính,Food2_3,Thực phẩm,Self,1,1,42,10,true,true,false,5000,-1,-1,,10000,1000,
30101146,Trăn hạt cao,Food_3,Thực phẩm,Self,2,10,108,27,true,true,false,5000,-1,-1,,10000,1000,
30101147,Sa quả bính,Food2_13,Thực phẩm,Self,3,20,192,48,true,true,false,5000,-1,-1,,10000,1000,
30101148,Ba lạp bính,Food2_4,Thực phẩm,Self,4,30,295,73,true,true,false,5000,-1,-1,,10000,1000,
30101149,Dưa Cáp mật,Food3_8,Thực phẩm,Self,5,40,417,100,true,true,false,5000,-1,-1,,10000,1000,
30101150,Mã não bồ đào,Food2_11,Thực phẩm,Self,6,50,558,100,true,true,false,5000,-1,-1,,10000,1000,
30101151,Da tử lạc,Function_9,Thực phẩm,Self,7,60,719,100,true,true,false,5000,-1,-1,,10000,1000,
30101152,Mạt trát mã quả,Food2_11,Thực phẩm,Self,8,60,898,100,true,true,false,5000,-1,-1,,10000,1000,
30101153,Lưu ly bồ đào,Food2_11,Thực phẩm,Self,9,60,1096,100,true,true,false,5000,-1,-1,,10000,1000,
30101154,Tô du nhân sâm quả,Food3_9,Thực phẩm,Self,10,60,1312,100,true,true,false,5000,-1,-1,,10000,1000,
30101155,Sơn thông nhục,Food_2,Thực phẩm,Self,1,1,54,13,true,true,false,5000,-1,-1,,10000,1000,
30101156,Khảo ba ba,Food_13,Thực phẩm,Self,2,10,144,36,true,true,false,5000,-1,-1,,10000,1000,
30101157,Bồ diệp ngư,Food_12,Thực phẩm,Self,3,20,260,65,true,true,false,5000,-1,-1,,10000,1000,
30101158,Bạc hà hoàn tử,Food2_2,Thực phẩm,Self,4,30,401,100,true,true,false,5000,-1,-1,,10000,1000,
30101159,Hắc tử kê bài,Food3_10,Thực phẩm,Self,5,40,568,100,true,true,false,5000,-1,-1,,10000,1000,
30101160,Mã cáp ngư bài,Food_12,Thực phẩm,Self,6,50,762,100,true,true,false,5000,-1,-1,,10000,1000,
30101161,Hắc ngư tử tương,Food2_12,Thực phẩm,Self,7,60,981,100,true,true,false,5000,-1,-1,,10000,1000,
30101162,Dương nhục muộn thổ đậu,Food3_11,Thực phẩm,Self,8,60,1226,100,true,true,false,5000,-1,-1,,10000,1000,
30101163,Bồ đào trấp thiêu nhục,Meet_3,Thực phẩm,Self,9,60,1497,100,true,true,false,5000,-1,-1,,10000,1000,
30101164,Ba gia toán thiêu gia,Food_2,Thực phẩm,Self,10,60,1794,100,true,true,false,5000,-1,-1,,10000,1000,
30101165,Anh đào kê,Food_11,Thực phẩm,Self,1,1,42,10,true,true,false,5000,-1,-1,,10000,1000,
30101166,Ô hương dương bài,Food3_12,Thực phẩm,Self,2,10,108,27,true,true,false,5000,-1,-1,,10000,1000,
30101167,Nhũ hương cáp tử,Food3_13,Thực phẩm,Self,3,20,192,48,true,true,false,5000,-1,-1,,10000,1000,
30101168,Cảm lãm nhũ cáp,Food3_14,Thực phẩm,Self,4,30,295,73,true,true,false,5000,-1,-1,,10000,1000,
30101169,Khảo tầm ngư,Food_10,Thực phẩm,Self,5,40,417,100,true,true,false,5000,-1,-1,,10000,1000,
30101170,Thạch lưu hương áp,Meet_2,Thực phẩm,Self,6,50,558,100,true,true,false,5000,-1,-1,,10000,1000,
30101171,Đậu đốn tân nhục,Food_2,Thực phẩm,Self,7,60,719,100,true,true,false,5000,-1,-1,,10000,1000,
30101172,Hạt đào chưng nga,Meet_2,Thực phẩm,Self,8,60,898,100,true,true,false,5000,-1,-1,,10000,1000,
30101173,Ba thái kê nhục quyển,Food_15,Thực phẩm,Self,9,60,1096,100,true,true,false,5000,-1,-1,,10000,1000,
30101174,Dương nhục đốn nhu cao,Food3_15,Thực phẩm,Self,10,60,1312,100,true,true,false,5000,-1,-1,,10000,1000,
30102001,Mễ Chỉ Bính,Food_3,Thực phẩm,Self,1,10,200,50,true,true,false,5000,-1,-1,,-1,-1,
30102002,Nhất Phẩm Chúc,Food_5,Thực phẩm,Self,1,10,200,50,true,true,false,5000,-1,-1,,-1,-1,
30102003,Hoa Sinh Thang Viên,Food2_1,Thực phẩm,Self,1,10,200,50,true,true,false,5000,-1,-1,,-1,-1,
30102004,Hồng Đậu Phạn,Food2_5,Thực phẩm,Self,1,10,200,50,true,true,false,5000,-1,-1,,-1,-1,
30102005,Quả Nhân Đậu Bì,Food_7,Thực phẩm,Self,1,10,200,50,true,true,false,5000,-1,-1,,-1,-1,
30102006,Dương Xuân Diện,Food2_5,Thực phẩm,Self,3,10,1200,300,true,true,false,5000,-1,-1,,-1,-1,
30102007,Nam Qua Hàm Phạn,Food2_6,Thực phẩm,Self,3,10,1200,300,true,true,false,5000,-1,-1,,-1,-1,
30102008,Xích Đậu Phật Thủ,Food_2,Thực phẩm,Self,3,10,1200,300,true,true,false,5000,-1,-1,,-1,-1,
30102009,Mai Can Mễ Phạn,Food2_5,Thực phẩm,Self,3,10,1200,300,true,true,false,5000,-1,-1,,-1,-1,
30102010,Kê Dầu Lạc Bính,Food2_3,Thực phẩm,Self,3,10,1200,300,true,true,false,5000,-1,-1,,-1,-1,
30102011,Đào Tô,Food2_4,Thực phẩm,Self,4,40,2400,600,true,true,false,5000,-1,-1,,-1,-1,
30102012,Đồng Tử Cao,Food_3,Thực phẩm,Self,4,40,2400,600,true,true,false,5000,-1,-1,,-1,-1,
30102013,Diệp Nhi Ba,Food2_3,Thực phẩm,Self,4,40,2400,600,true,true,false,5000,-1,-1,,-1,-1,
30102014,Từ Ba,Food2_8,Thực phẩm,Self,4,40,2400,600,true,true,false,5000,-1,-1,,-1,-1,
30102015,Tam Tiên Quyển,Food_15,Thực phẩm,Self,4,40,2400,600,true,true,false,5000,-1,-1,,-1,-1,
30102016,Khuẩn Tử Diện,Food_9,Thực phẩm,Self,6,40,6000,1500,true,true,false,5000,-1,-1,,-1,-1,
30102017,Tiên Tầng Phát Cao,Food2_4,Thực phẩm,Self,6,40,6000,1500,true,true,false,5000,-1,-1,,-1,-1,
30102018,Bạt Ty Cam Thử,Food_4,Thực phẩm,Self,6,40,6000,1500,true,true,false,5000,-1,-1,,-1,-1,
30102019,Nãi Du Tiên Bính,Food_3,Thực phẩm,Self,6,40,6000,1500,true,true,false,5000,-1,-1,,-1,-1,
30102020,Tương Tư Hồng Đậu Chúc,Food2_5,Thực phẩm,Self,6,40,6000,1500,true,true,false,5000,-1,-1,,-1,-1,
30102021,Đề Ty Phát Cao,Food_3,Thực phẩm,Self,7,60,8400,2100,true,true,false,5000,-1,-1,,-1,-1,
30102022,Bánh Hồng Đậu Bản Tử,Food2_4,Thực phẩm,Self,7,60,8400,2100,true,true,false,5000,-1,-1,,-1,-1,
30102023,Kim Bao Ngân,Food_2,Thực phẩm,Self,7,60,8400,2100,true,true,false,5000,-1,-1,,-1,-1,
30102024,Liên Tử Ý Mễ Canh,Food_7,Thực phẩm,Self,7,60,8400,2100,true,true,false,5000,-1,-1,,-1,-1,
30102025,Thanh Tố Nhu Mễ Từ,Food_3,Thực phẩm,Self,7,60,8400,2100,true,true,false,5000,-1,-1,,-1,-1,
30102026,Thủy Áp Nhuận Phế Thang,Food2_5,Thực phẩm,Self,9,60,14400,3600,true,true,false,5000,-1,-1,,-1,-1,
30102027,Hạnh Đào Kê Đinh,Food_2,Thực phẩm,Self,9,60,14400,3600,true,true,false,5000,-1,-1,,-1,-1,
30102028,Ngư Hương Toái Bạch Nhục,Food_5,Thực phẩm,Self,9,60,14400,3600,true,true,false,5000,-1,-1,,-1,-1,
30102029,Sơn Tiêu Túy Kê Si,Meet_9,Thực phẩm,Self,9,60,14400,3600,true,true,false,5000,-1,-1,,-1,-1,
30102030,Hoàng Dầu Bạt Ngư,Food_10,Thực phẩm,Self,9,60,14400,3600,true,true,false,5000,-1,-1,,-1,-1,
30103001,Dương Sâm Thổ Biết Chúc,Food_7,Thực phẩm,Self,4,30,6430,1607,true,true,false,5000,-1,-1,,-1,-1,
30103002,Tứ Hỷ Hoàn Tử,Food3_1,Thực phẩm,Self,1,10,200,50,true,true,false,5000,-1,-1,,-1,-1,
30103003,Bánh Ngư Hương Gia,Food2_3,Thực phẩm,Self,1,10,200,50,true,true,false,5000,-1,-1,,-1,-1,
30103004,Toan Lạp Ngư Phiến,Food_10,Thực phẩm,Self,1,10,200,50,true,true,false,5000,-1,-1,,-1,-1,
30103005,Tửu Chưng Kê,Food_11,Thực phẩm,Self,1,10,200,50,true,true,false,5000,-1,-1,,-1,-1,
30103006,Hải Đái Ngưu Nhục Thang,Food2_6,Thực phẩm,Self,3,10,1200,300,true,true,false,5000,-1,-1,,-1,-1,
30103007,Can Tạc Tức Ngư,Food_10,Thực phẩm,Self,3,10,1200,300,true,true,false,5000,-1,-1,,-1,-1,
30103008,Mộc Nhĩ Trư Nhục Phiến,Food2_12,Thực phẩm,Self,3,10,1200,300,true,true,false,5000,-1,-1,,-1,-1,
30103009,Khảo Nhục Cái Phạn,Food_9,Thực phẩm,Self,3,10,1200,300,true,true,false,5000,-1,-1,,-1,-1,
30103010,Hồng Muộn Hùng Trảo,Meet_5,Thực phẩm,Self,4,40,2400,600,true,true,false,5000,-1,-1,,-1,-1,
30103011,Tử Thái Thang,Food2_5,Thực phẩm,Self,4,40,2400,600,true,true,false,5000,-1,-1,,-1,-1,
30103012,Hồng Thiêu Giáp Ngư,Meet_8,Thực phẩm,Self,4,40,2400,600,true,true,false,5000,-1,-1,,-1,-1,
30103013,Bài Cốt Chúc,Food2_6,Thực phẩm,Self,4,40,2400,600,true,true,false,5000,-1,-1,,-1,-1,
30103014,Ôi Khảo Khuê Ngư,Food_10,Thực phẩm,Self,6,40,6000,1500,true,true,false,5000,-1,-1,,-1,-1,
30103015,Xuyên Nhục Ty,Food2_12,Thực phẩm,Self,6,40,6000,1500,true,true,false,5000,-1,-1,,-1,-1,
30103016,Uyển Tử Si,Food_11,Thực phẩm,Self,6,40,6000,1500,true,true,false,5000,-1,-1,,-1,-1,
30103017,Diêm Tiễn Ngục,Food_2,Thực phẩm,Self,6,40,6000,1500,true,true,false,5000,-1,-1,,-1,-1,
30103018,Nhục Hoàn Hồ Lạp Thang,Food_7,Thực phẩm,Self,7,60,8400,2100,true,true,false,5000,-1,-1,,-1,-1,
30103019,Túy Bài Cốt,Meet_11,Thực phẩm,Self,7,60,8400,2100,true,true,false,5000,-1,-1,,-1,-1,
30103020,Hồng Đậu Thiêu Trư Thủ,Meet_1,Thực phẩm,Self,7,60,8400,2100,true,true,false,5000,-1,-1,,-1,-1,
30103021,Đại Đế Bát Hải Sâm,Food_2,Thực phẩm,Self,7,60,8400,2100,true,true,false,5000,-1,-1,,-1,-1,
30103022,Ma Lạt Áp Châm,Food_2,Thực phẩm,Self,9,60,14400,3600,true,true,false,5000,-1,-1,,-1,-1,
30103023,Hương Cô Hoạt Kê,Food_11,Thực phẩm,Self,9,60,14400,3600,true,true,false,5000,-1,-1,,-1,-1,
30103024,Phỉ Thúy Song Đông Đế Bàng,Meet_3,Thực phẩm,Self,9,60,14400,3600,true,true,false,5000,-1,-1,,-1,-1,
30103025,Sơn Tiêu Chưng Hoản,Food_12,Thực phẩm,Self,9,60,14400,3600,true,true,false,5000,-1,-1,,-1,-1,
30001001,Hành Huyết Tán,Medicine1_3,Dược phẩm,Self,1,1,90,1,true,true,false,5000,-1,-1,,-1,-1,
30001002,Hoạt Huyết Tán,Medicine1_3,Dược phẩm,Self,2,10,228,57,true,true,false,5000,-1,-1,,-1,-1,
30001003,Kim Sang Dược,Medicine1_3,Dược phẩm,Self,3,20,405,101,true,true,false,5000,-1,-1,,-1,-1,
30001004,Lộc Nhung Đan,Medicine1_13,Dược phẩm,Self,4,30,621,155,true,true,false,5000,-1,-1,,-1,-1,
30001005,Sâm Tâm Đan,Medicine1_13,Dược phẩm,Self,5,40,876,219,true,true,false,5000,-1,-1,,-1,-1,
30001006,Thủ Ô Đan,Medicine1_13,Dược phẩm,Self,6,50,1170,292,true,true,false,5000,-1,-1,,-1,-1,
30001007,Tiên Đan Chuyển Sinh,Medicine2_3,Dược phẩm,Self,7,60,1503,375,true,true,false,5000,-1,-1,,-1,-1,
30001008,Tiên Đan Kỳ Lân,Medicine2_3,Dược phẩm,Self,8,60,1872,468,true,true,false,5000,-1,-1,,-1,-1,
30001009,Tiên Đan Hồn Phách,Medicine3_16,Dược phẩm,Self,9,60,2283,570,true,true,false,5000,-1,-1,,-1,-1,
30001010,Tiên Đan Vãng Sinh,Medicine3_16,Dược phẩm,Self,10,60,2730,682,true,true,false,5000,-1,-1,,-1,-1,
30001011,Uyên Ương Bổ Huyết Đan,Medicine1_13,Dược phẩm,Self,5,40,876,219,true,true,false,5000,-1,-1,,-1,-1,
30001012,Long Phụng Hoàn Hồn Đan,Medicine1_13,Dược phẩm,Self,6,50,1170,292,true,true,false,5000,-1,-1,,-1,-1,
30001013,Băng Sâm Tuyết Liên Hoàn,Medicine2_3,Dược phẩm,Self,7,60,1503,375,true,true,false,5000,-1,-1,,-1,-1,
30001014,Cửu Chuyển Thông Thiên Hoàn,Medicine2_4,Dược phẩm,Self,8,60,1872,468,true,true,false,5000,-1,-1,,-1,-1,
30001015,Thiên Chùy Bách Luyện Tán,Medicine3_16,Dược phẩm,Self,9,60,2283,570,true,true,false,5000,-1,-1,,-1,-1,
30001016,Lục diêm thuỷ,CircularTaskTool4_8,Dược phẩm,Self,1,1,90,1,true,true,false,5000,-1,-1,,-1,-1,
30001017,Mộc hương tán,CircularTaskTool1_2,Dược phẩm,Self,2,10,228,57,true,true,false,5000,-1,-1,,-1,-1,
30001018,Hồ đồng thuỷ,Medicine1_4,Dược phẩm,Self,3,20,405,101,true,true,false,5000,-1,-1,,-1,-1,
30001019,Mật tảo hoàn,Medicine2_4,Dược phẩm,Self,4,30,621,155,true,true,false,5000,-1,-1,,-1,-1,
30001020,Quế tâm hoàn,Medicine2_3,Dược phẩm,Self,5,40,876,219,true,true,false,5000,-1,-1,,-1,-1,
30001021,Thanh diệu đan,Medicine1_13,Dược phẩm,Self,6,50,1170,292,true,true,false,5000,-1,-1,,-1,-1,
30001022,A nguyệt hồn tử,Medicine1_5,Dược phẩm,Self,7,60,1503,375,true,true,false,5000,-1,-1,,-1,-1,
30001023,Bà la đức quả,Corn_11,Dược phẩm,Self,8,60,1872,468,true,true,false,5000,-1,-1,,-1,-1,
30001024,Ma la phạm thiên,Medicine1_8,Dược phẩm,Self,9,60,2283,570,true,true,false,5000,-1,-1,,-1,-1,
30001025,Tô hợp hương cao,Medicine1_9,Dược phẩm,Self,10,60,2730,682,true,true,false,5000,-1,-1,,-1,-1,
30001026,A bột sâm,CircularTaskTool1_5,Dược phẩm,Self,5,1,876,219,true,true,false,5000,-1,-1,,-1,-1,
30001027,Bạch long não,Medicine2_10,Dược phẩm,Self,6,1,1170,292,true,true,false,5000,-1,-1,,-1,-1,
30001028,Bà đạm đan,Medicine2_2,Dược phẩm,Self,7,1,1503,375,true,true,false,5000,-1,-1,,-1,-1,
30001029,Phương xuyên khung cao,Medicine1_9,Dược phẩm,Self,8,1,1872,468,true,true,false,5000,-1,-1,,-1,-1,
30001030,Hồ lô ba cao,Medicine1_9,Dược phẩm,Self,9,1,2283,570,true,true,false,5000,-1,-1,,-1,-1,
30002001,Hành Khí Tán,Medicine1_1,Dược phẩm,Self,1,1,114,1,true,true,false,5000,-1,-1,,-1,-1,
30002002,Hoàn Linh Đan,Medicine1_12,Dược phẩm,Self,2,10,279,69,true,true,false,5000,-1,-1,,-1,-1,
30002003,Qui Linh Hoàn,Medicine1_12,Dược phẩm,Self,3,20,489,122,true,true,false,5000,-1,-1,,-1,-1,
30002004,Thái Hương Hoàn,Medicine1_12,Dược phẩm,Self,4,30,741,185,true,true,false,5000,-1,-1,,-1,-1,
30002005,Cam Lộ Đan,Medicine1_12,Dược phẩm,Self,5,40,1041,260,true,true,false,5000,-1,-1,,-1,-1,
30002006,Quỳnh Đan,Medicine1_12,Dược phẩm,Self,6,50,1386,346,true,true,false,5000,-1,-1,,-1,-1,
30002007,Tiên Đan Thu Nguyệt,Medicine2_2,Dược phẩm,Self,7,60,1776,444,true,true,false,5000,-1,-1,,-1,-1,
30002008,Tiên Đan Thần Mộc,Medicine2_2,Dược phẩm,Self,8,60,2211,552,true,true,false,5000,-1,-1,,-1,-1,
30002009,Tiên Đan Kim Nguyên,Medicine4_2,Dược phẩm,Self,9,60,2688,672,true,true,false,5000,-1,-1,,-1,-1,
30002010,Tiên Đan Thần Thông,Medicine4_2,Dược phẩm,Self,10,60,3213,803,true,true,false,5000,-1,-1,,-1,-1,
30002011,Uyên Ương Ích Khí Đan,Medicine1_12,Dược phẩm,Self,5,40,1041,260,true,true,false,5000,-1,-1,,-1,-1,
30002012,Long Phụng Thanh Hồn Đan,Medicine1_12,Dược phẩm,Self,6,50,1386,346,true,true,false,5000,-1,-1,,-1,-1,
30002013,Kim Phụng Ngọc Lộ Hoàn,Medicine2_2,Dược phẩm,Self,7,60,1776,444,true,true,false,5000,-1,-1,,-1,-1,
30002014,Tam Tinh Triệt Địa Hoàn,Medicine2_2,Dược phẩm,Self,8,60,2211,552,true,true,false,5000,-1,-1,,-1,-1,
30002015,Thiên cang đoạn tục giao,Medicine4_2,Dược phẩm,Self,9,60,2688,672,true,true,false,5000,-1,-1,,-1,-1,
30002016,Tường vi thuỷ,CircularTaskTool4_8,Dược phẩm,Self,1,1,114,1,true,true,false,5000,-1,-1,,-1,-1,
30002017,Đinh hương đan,Medicine2_10,Dược phẩm,Self,2,10,279,69,true,true,false,5000,-1,-1,,-1,-1,
30002018,Cam tùng hoàn,Medicine1_12,Dược phẩm,Self,3,20,489,122,true,true,false,5000,-1,-1,,-1,-1,
30002019,Đậu khấu đan,Medicine1_12,Dược phẩm,Self,4,30,741,185,true,true,false,5000,-1,-1,,-1,-1,
30002020,Thanh mộc đan,Medicine1_11,Dược phẩm,Self,5,40,1041,260,true,true,false,5000,-1,-1,,-1,-1,
30002021,Bạch chỉ lộ,CircularTaskTool4_16,Dược phẩm,Self,6,50,1386,346,true,true,false,5000,-1,-1,,-1,-1,
30002022,Bạch tùng hương cao,Medicine1_10,Dược phẩm,Self,7,60,1776,444,true,true,false,5000,-1,-1,,-1,-1,
30002023,Thiên niên tảo lộ,CircularTaskTool4_16,Dược phẩm,Self,8,60,2211,552,true,true,false,5000,-1,-1,,-1,-1,
30002024,Thập hương viên phương,Medicine2_5,Dược phẩm,Self,9,60,2688,672,true,true,false,5000,-1,-1,,-1,-1,
30002025,Mạn đà la gia,Food3_9,Dược phẩm,Self,10,60,3213,803,true,true,false,5000,-1,-1,,-1,-1,
30002026,Đại thực huyết kiệt đan,Medicine2_1,Dược phẩm,Self,5,1,1041,260,true,true,false,5000,-1,-1,,-1,-1,
30002027,Tư liên cam mai đan,Medicine1_16,Dược phẩm,Self,6,1,1386,346,true,true,false,5000,-1,-1,,-1,-1,
30002028,Văn hương bất đãi hoàn,Medicine1_15,Dược phẩm,Self,7,1,1776,444,true,true,false,5000,-1,-1,,-1,-1,
30002029,Oánh triệt lưu ly tán,Medicine1_1,Dược phẩm,Self,8,1,2211,552,true,true,false,5000,-1,-1,,-1,-1,
30002030,Cáp ba tháp khải cao,Medicine2_11,Dược phẩm,Self,9,1,2688,672,true,true,false,5000,-1,-1,,-1,-1,
30003001,Thiết Đả Dược Cao,Medicine1_9,Dược phẩm,Self,1,1,24,1,true,true,false,5000,-1,-1,,10000,1000,
30003002,Phục Linh Cao,Medicine1_9,Dược phẩm,Self,2,10,60,15,true,true,false,5000,-1,-1,,10000,1000,
30003003,Thiên Ma Cao,Medicine1_9,Dược phẩm,Self,3,20,108,27,true,true,false,5000,-1,-1,,10000,1000,
30003004,Đỗ Trọng Cao,Medicine1_9,Dược phẩm,Self,4,30,165,41,true,true,false,5000,-1,-1,,10000,1000,
30003005,Bát Trân Cao,Medicine1_9,Dược phẩm,Self,5,40,233,58,true,true,false,5000,-1,-1,,10000,1000,
30003006,Hồng Nhan Cao,Medicine4_1,Dược phẩm,Self,6,50,312,78,true,true,false,5000,-1,-1,,10000,1000,
30003007,Hổ Cốt Cao,Medicine4_1,Dược phẩm,Self,7,60,400,100,true,true,false,5000,-1,-1,,10000,1000,
30003008,Kiện Bộ Cao,Medicine4_1,Dược phẩm,Self,8,60,499,124,true,true,false,5000,-1,-1,,10000,1000,
30003009,Diên Thọ Cao,Medicine4_1,Dược phẩm,Self,9,60,608,152,true,true,false,5000,-1,-1,,10000,1000,
30003010,Bất Lão Cao,Medicine4_1,Dược phẩm,Self,10,60,728,182,true,true,false,5000,-1,-1,,10000,1000,
30003011,Bách Mạch Tán,Medicine1_3,Dược phẩm,Self,1,1,24,6,true,true,false,5000,-1,-1,,10000,1000,
30003012,Bách Hoa Hoàn,Medicine1_11,Dược phẩm,Self,2,10,60,15,true,true,false,5000,-1,-1,,10000,1000,
30003013,Thanh Tâm Tán,Medicine1_5,Dược phẩm,Self,3,20,108,27,true,true,false,5000,-1,-1,,10000,1000,
30003014,Lưu Vân Cao,TaskTools5_6,Dược phẩm,Self,4,30,165,41,true,true,false,5000,-1,-1,,10000,1000,
30003015,Hồi Tâm Đan,Medicine2_2,Dược phẩm,Self,5,40,233,58,true,true,false,5000,-1,-1,,10000,1000,
30003016,Thần Định Hoàn,Medicine2_7,Dược phẩm,Self,6,50,312,78,true,true,false,5000,-1,-1,,10000,1000,
30003017,Tiên Đan Huy Nguyệt,Medicine2_4,Dược phẩm,Self,7,60,400,100,true,true,false,5000,-1,-1,,10000,1000,
30003018,Tiên Đan Âm Dương,Medicine3_12,Dược phẩm,Self,8,60,499,124,true,true,false,5000,-1,-1,,10000,1000,
30003019,Tiên Đan Hàn Yên,Medicine3_14,Dược phẩm,Self,9,60,608,152,true,true,false,5000,-1,-1,,10000,1000,
30003020,Thiên Trì Tiên Đan,Medicine4_1,Dược phẩm,Self,10,60,728,182,true,true,false,5000,-1,-1,,10000,1000,
30003021,Chỉ giáp hoa tán,Medicine1_2,Dược phẩm,Self,1,1,24,1,true,true,false,5000,-1,-1,,10000,1000,
30003022,Lô oái cao,Medicine1_9,Dược phẩm,Self,2,10,60,15,true,true,false,5000,-1,-1,,10000,1000,
30003023,Hắc tích cao,Medicine1_9,Dược phẩm,Self,3,20,108,27,true,true,false,5000,-1,-1,,10000,1000,
30003024,Xạ hương hoàn,Medicine1_14,Dược phẩm,Self,4,30,165,41,true,true,false,5000,-1,-1,,10000,1000,
30003025,Nạo sa hoàn,Medicine1_11,Dược phẩm,Self,5,40,233,58,true,true,false,5000,-1,-1,,10000,1000,
30003026,Tùng lộ thuỷ,CircularTaskTool4_16,Dược phẩm,Self,6,50,312,78,true,true,false,5000,-1,-1,,10000,1000,
30003027,Thanh lang tán,Medicine2_11,Dược phẩm,Self,7,60,400,100,true,true,false,5000,-1,-1,,10000,1000,
30003028,Sơn vu cao,Medicine1_9,Dược phẩm,Self,8,60,499,124,true,true,false,5000,-1,-1,,10000,1000,
30003029,Đậu khấu cao,Medicine1_9,Dược phẩm,Self,9,60,608,152,true,true,false,5000,-1,-1,,10000,1000,
30003030,Thất khiếu hoàn,Medicine2_8,Dược phẩm,Self,10,60,728,182,true,true,false,5000,-1,-1,,10000,1000,
30003031,Mạc dược cao,Medicine1_10,Dược phẩm,Self,1,1,24,6,true,true,false,5000,-1,-1,,10000,1000,
30003032,A nguỵ hoàn,Medicine1_15,Dược phẩm,Self,2,10,60,15,true,true,false,5000,-1,-1,,10000,1000,
30003033,Ô hử tán,Medicine1_2,Dược phẩm,Self,3,20,108,27,true,true,false,5000,-1,-1,,10000,1000,
30003034,Nhũ hương tán,Medicine1_2,Dược phẩm,Self,4,30,165,41,true,true,false,5000,-1,-1,,10000,1000,
30003035,Hổ phách đan,Medicine2_4,Dược phẩm,Self,5,40,233,58,true,true,false,5000,-1,-1,,10000,1000,
30003036,Vô thực hoàn,Medicine2_3,Dược phẩm,Self,6,50,312,78,true,true,false,5000,-1,-1,,10000,1000,
30003037,Hải nạp hương tuyệt,Medicine2_14,Dược phẩm,Self,7,60,400,100,true,true,false,5000,-1,-1,,10000,1000,
30003038,Phụng tiên hoa hồng,Medicine2_16,Dược phẩm,Self,8,60,499,124,true,true,false,5000,-1,-1,,10000,1000,
30003039,Huân lục hương cao,CircularTaskTool5_13,Dược phẩm,Self,9,60,608,152,true,true,false,5000,-1,-1,,10000,1000,
30003040,An tức hương đan,Medicine2_6,Dược phẩm,Self,10,60,728,182,true,true,false,5000,-1,-1,,10000,1000,
30003100,Nước Dưa Hấu,Cloth6_2,Dược phẩm,Self,10,30,900,175,true,true,false,5000,-1,-1,,-1,-1,
30003101,Lục Đậu Thang,Cloth6_3,Dược phẩm,Self,10,30,900,175,true,true,false,5000,-1,-1,,-1,-1,
30005021,Âm Nguyệt Tán,Medicine1_1,Dược phẩm,Self,1,10,1877,469,true,true,false,5000,-1,-1,,-1,-1,
30005022,Thiên Nhãn Đan,Medicine1_11,Dược phẩm,Self,1,10,1877,469,true,true,false,5000,-1,-1,,-1,-1,
30005023,Bá Vương Hoàn,Medicine1_16,Dược phẩm,Self,1,10,1877,469,true,true,false,5000,-1,-1,,-1,-1,
30005024,Băng Linh Tán,Medicine1_2,Dược phẩm,Self,1,10,1877,469,true,true,false,5000,-1,-1,,-1,-1,
30005025,Tuyền Tinh Tán,Medicine1_6,Dược phẩm,Self,3,10,1877,469,true,true,false,5000,-1,-1,,-1,-1,
30005026,Thiên Xích Đan,Medicine1_14,Dược phẩm,Self,3,10,1877,469,true,true,false,5000,-1,-1,,-1,-1,
30005027,Tích LịchTán,Medicine1_9,Dược phẩm,Self,3,10,1877,469,true,true,false,5000,-1,-1,,-1,-1,
30005028,Qui Tâm Hoàn,Medicine1_15,Dược phẩm,Self,3,10,1877,469,true,true,false,5000,-1,-1,,-1,-1,
30005029,Thiên Hương Cao,Medicine1_7,Dược phẩm,Self,4,30,2883,720,true,true,false,5000,-1,-1,,-1,-1,
30005030,Khinh Thân Tán,Medicine1_10,Dược phẩm,Self,4,30,2883,720,true,true,false,5000,-1,-1,,-1,-1,
30005031,Hạc Vũ Đan,Medicine2_1,Dược phẩm,Self,4,30,2883,720,true,true,false,5000,-1,-1,,-1,-1,
30005032,Long Nha Tán,Medicine2_16,Dược phẩm,Self,4,30,2883,720,true,true,false,5000,-1,-1,,-1,-1,
30005033,Băng Long Đan,Medicine2_4,Dược phẩm,Self,6,30,2883,720,true,true,false,5000,-1,-1,,-1,-1,
30005034,Quy Giáp Tán,Medicine2_15,Dược phẩm,Self,6,30,2883,720,true,true,false,5000,-1,-1,,-1,-1,
30005035,Kim Lôi Hoàn,Medicine2_10,Dược phẩm,Self,6,30,2883,720,true,true,false,5000,-1,-1,,-1,-1,
30005036,Ngũ Độc Tán,Medicine2_11,Dược phẩm,Self,6,30,2883,720,true,true,false,5000,-1,-1,,-1,-1,
30005037,Tiên Đan Thúy Lưu,Medicine2_3,Dược phẩm,Self,7,60,5485,1371,true,true,false,5000,-1,-1,,-1,-1,
30005038,Tiên Đan Vô Danh,Medicine3_13,Dược phẩm,Self,7,60,5485,1371,true,true,false,5000,-1,-1,,-1,-1,
30005039,Tiên Đan Thanh lân,Medicine3_3,Dược phẩm,Self,7,60,5485,1371,true,true,false,5000,-1,-1,,-1,-1,
30005040,Tiên Đan Thái Khê,Medicine3_7,Dược phẩm,Self,7,60,5485,1371,true,true,false,5000,-1,-1,,-1,-1,
30005041,Tiên Đan Băng Giám,Medicine4_2,Dược phẩm,Self,9,60,5485,1371,true,true,false,5000,-1,-1,,-1,-1,
30005042,Tiên Đan Tị Tà,Medicine3_13,Dược phẩm,Self,9,60,5485,1371,true,true,false,5000,-1,-1,,-1,-1,
30005043,Tiên Đan Huyền Viêm,Medicine2_4,Dược phẩm,Self,9,60,5485,1371,true,true,false,5000,-1,-1,,-1,-1,
30005044,Tiên Đan Phụng Châu,Medicine3_13,Dược phẩm,Self,9,60,5485,1371,true,true,false,5000,-1,-1,,-1,-1,
30008002,Thiên linh đan,Cloth3_1,Dược phẩm,Self,9,1,4,1,true,true,false,5000,-1,-1,,-1,-1,
30008003,Địa linh đan,Cloth3_2,Dược phẩm,Pill,9,1,4,1,true,true,false,5000,-1,-1,,-1,-1,
30008014,Thông Thiên Linh Đan,Cloth3_14,Dược phẩm,Self,10,1,4,1,true,true,false,5000,-1,-1,,-1,-1,
30008015,Triệt Địa Linh Đan,Cloth3_15,Dược phẩm,Pill,10,1,4,1,true,true,false,5000,-1,-1,,-1,-1,
30008016,Tiểu Linh Đan,Cloth3_16,Dược phẩm,Self,5,1,4,1,true,true,false,5000,-1,-1,,-1,-1,
30008017,Cao Cấp Thiên Linh Đan,Cloth3_13,Dược phẩm,Self,10,1,4,1,true,true,false,5000,-1,-1,,-1,-1,
30008027,Thiên linh đan,Cloth3_1,Dược phẩm,Self,9,1,4,1,true,true,true,5000,-1,-1,,-1,-1,
30008028,Địa linh đan,Cloth3_2,Dược phẩm,Pill,9,1,4,1,true,true,true,5000,-1,-1,,-1,-1,
30103038,Tuyết Sâm Ngọc Thiểm Hoàn,Medicine2_8,Dược phẩm,Self,10,1,4000,1000,true,true,false,5000,-1,-1,,10000,1000,
30103039,Bách hoa ngọc lộ hoàn,Medicine2_4,Dược phẩm,Self,10,1,4000,1000,true,true,false,5000,-1,-1,,10000,1000,
30103040,Vương Mẫu Tiên Đan,Medicine3_13,Dược phẩm,Self,10,1,4000,1000,true,true,false,5000,-1,-1,,10000,1000,
30201001,Tiểu Huyết Chú,Charm_15,Dược phẩm,Self,1,1,1877,469,true,true,false,5000,-1,-1,,-1,-1,
30201002,Hồng Huyết Chú,Charm_15,Dược phẩm,Self,2,10,2883,720,true,true,false,5000,-1,-1,,-1,-1,
30201003,Xích Huyết Chú,Charm_15,Dược phẩm,Self,3,20,4328,1082,true,true,false,5000,-1,-1,,-1,-1,
30201004,Thiên Huyết Trù,Charm_15,Dược phẩm,Self,4,30,5485,1371,true,true,false,5000,-1,-1,,-1,-1,
30201005,Vạn Huyết Trù,Charm_15,Dược phẩm,Self,5,40,7314,1828,true,true,false,5000,-1,-1,,-1,-1,
30201006,Tiểu Ma Chú,Charm_14,Dược phẩm,Self,1,1,1877,469,true,true,false,5000,-1,-1,,-1,-1,
30201007,Đại Ma Chú,Charm_14,Dược phẩm,Self,2,10,2883,720,true,true,false,5000,-1,-1,,-1,-1,
30201008,Địa Ma Chú,Charm_14,Dược phẩm,Self,3,20,4328,1082,true,true,false,5000,-1,-1,,-1,-1,
30201009,Quỷ Ma Chú,Charm_14,Dược phẩm,Self,4,30,5485,1371,true,true,false,5000,-1,-1,,-1,-1,
30201010,Thiên Ma Chú,Charm_14,Dược phẩm,Self,5,40,7314,1828,true,true,false,5000,-1,-1,,-1,-1,
30202001,Đại Lực Xá Lợi,MenpaiGoods_1,Dược phẩm,Self,1,1,1877,469,true,true,false,5000,-1,-1,,-1,-1,
30202002,Tượng Lực Xá Lợi,MenpaiGoods_2,Dược phẩm,Self,2,10,2883,720,true,true,false,5000,-1,-1,,-1,-1,
30202003,Thần Lực Xá Lợi,MenpaiGoods_3,Dược phẩm,Self,3,30,5485,1371,true,true,false,5000,-1,-1,,-1,-1,
30202004,Tiểu Chiến Hỏa,MenpaiGoods_5,Dược phẩm,Self,1,1,1877,469,true,true,false,5000,-1,-1,,-1,-1,
30202005,Lang Yên Hỏa,MenpaiGoods_6,Dược phẩm,Self,2,10,2883,720,true,true,false,5000,-1,-1,,-1,-1,
30202006,Liên Thiên Hoả,MenpaiGoods_7,Dược phẩm,Self,3,30,5485,1371,true,true,false,5000,-1,-1,,-1,-1,
30202007,Hoa Tử Mã Nghĩa Tửu,Medicine2_11,Dược phẩm,Self,1,1,1877,469,true,true,false,5000,-1,-1,,-1,-1,
30202008,Hoa Tử Ngô Công Tửu,Medicine2_12,Dược phẩm,Self,2,10,2883,720,true,true,false,5000,-1,-1,,-1,-1,
30202009,Hoa Tử Mãng Sà Tửu,FightSkillGaiBang1_12,Dược phẩm,Self,3,30,5485,1371,true,true,false,5000,-1,-1,,-1,-1,
30202010,Thông Linh Đan,Medicine2_10,Dược phẩm,Self,1,1,1877,469,true,true,false,5000,-1,-1,,-1,-1,
30202011,Thái Cực Đan,Medicine2_5,Dược phẩm,Self,2,10,2883,720,true,true,false,5000,-1,-1,,-1,-1,
30202012,Thánh Linh Đan,Medicine2_6,Dược phẩm,Self,3,30,5485,1371,true,true,false,5000,-1,-1,,-1,-1,
30202013,Thông Linh Thiệp,Charm_1,Dược phẩm,Self,1,1,1877,469,true,true,false,5000,-1,-1,,-1,-1,
30202014,Thái Cực Thiệp,Charm_9,Dược phẩm,Self,2,10,2883,720,true,true,false,5000,-1,-1,,-1,-1,
30202015,Thánh Linh Thiệp,Charm_10,Dược phẩm,Self,3,30,5485,1371,true,true,false,5000,-1,-1,,-1,-1,
30202016,Thông Linh Trung,MenpaiGoods_13,Dược phẩm,Self,1,1,1877,469,true,true,false,5000,-1,-1,,-1,-1,
30202017,Thái Cực Trung,MenpaiGoods_14,Dược phẩm,Self,2,10,2883,720,true,true,false,5000,-1,-1,,-1,-1,
30202018,Thánh Linh Trung,MenpaiGoods_15,Dược phẩm,Self,3,30,5485,1371,true,true,false,5000,-1,-1,,-1,-1,
30202019,Tráng Cốt Tinh,MenpaiGoods_9,Dược phẩm,Self,1,1,1877,469,true,true,false,5000,-1,-1,,-1,-1,
30202020,Cường Thân Tinh,MenpaiGoods_10,Dược phẩm,Self,2,10,2883,720,true,true,false,5000,-1,-1,,-1,-1,
30202021,Hộ Thể Tinh,MenpaiGoods_11,Dược phẩm,Self,3,30,5485,1371,true,true,false,5000,-1,-1,,-1,-1,
30202022,Tráng Cốt Xá Lợi,MenpaiGoods_1,Dược phẩm,Self,1,1,1877,469,true,true,false,5000,-1,-1,,-1,-1,
30202023,Cường Thân Xá Lợi,MenpaiGoods_2,Dược phẩm,Self,2,10,2883,720,true,true,false,5000,-1,-1,,-1,-1,
30202024,Hộ Thể Xá Lợi,MenpaiGoods_3,Dược phẩm,Self,3,30,5485,1371,true,true,false,5000,-1,-1,,-1,-1,
30202025,Tráng Cốt Đan,Medicine2_10,Dược phẩm,Self,1,1,1877,469,true,true,false,5000,-1,-1,,-1,-1,
30202026,Cường Thân Đan,Medicine2_5,Dược phẩm,Self,2,10,2883,720,true,true,false,5000,-1,-1,,-1,-1,
30202027,Hộ Thể Đan,Medicine2_6,Dược phẩm,Self,3,30,5485,1371,true,true,false,5000,-1,-1,,-1,-1,
30202028,Tráng Cốt Thiệp,Charm_1,Dược phẩm,Self,1,1,1877,469,true,true,false,5000,-1,-1,,-1,-1,
30202029,Cường Thân Thiệp,Charm_9,Dược phẩm,Self,2,10,2883,720,true,true,false,5000,-1,-1,,-1,-1,
30202030,Hộ Thể Thiệp,Charm_10,Dược phẩm,Self,3,30,5485,1371,true,true,false,5000,-1,-1,,-1,-1,
30202031,Tráng Cốt Trung,MenpaiGoods_13,Dược phẩm,Self,1,1,1877,469,true,true,false,5000,-1,-1,,-1,-1,
30202032,Cường Thân Trung,MenpaiGoods_14,Dược phẩm,Self,2,10,2883,720,true,true,false,5000,-1,-1,,-1,-1,
30202033,Hộ Thể Trung,MenpaiGoods_15,Dược phẩm,Self,3,30,5485,1371,true,true,false,5000,-1,-1,,-1,-1,
30202034,Linh Xảo Trung,MenpaiGoods_13,Dược phẩm,Self,1,1,1877,469,true,true,false,5000,-1,-1,,-1,-1,
30202035,Yến Hành Trung,MenpaiGoods_14,Dược phẩm,Self,2,10,2883,720,true,true,false,5000,-1,-1,,-1,-1,
30202036,Thần Hành Trung,MenpaiGoods_15,Dược phẩm,Self,3,30,5485,1371,true,true,false,5000,-1,-1,,-1,-1,
30202037,Linh Xảo Hỏa,MenpaiGoods_5,Dược phẩm,Self,1,1,1877,469,true,true,false,5000,-1,-1,,-1,-1,
30202038,Yến Hành Hỏa,MenpaiGoods_6,Dược phẩm,Self,2,10,2883,720,true,true,false,5000,-1,-1,,-1,-1,
30202039,Thần Hành Hỏa,MenpaiGoods_7,Dược phẩm,Self,3,30,5485,1371,true,true,false,5000,-1,-1,,-1,-1,
30202040,Linh Xảo Tửu,Medicine2_11,Dược phẩm,Self,1,1,1877,469,true,true,false,5000,-1,-1,,-1,-1,
30202041,Yến Hành Tửu,Medicine2_12,Dược phẩm,Self,2,10,2883,720,true,true,false,5000,-1,-1,,-1,-1,
30202042,Thần Hành Tửu,CircularTaskTool5_12,Dược phẩm,Self,3,30,5485,1371,true,true,false,5000,-1,-1,,-1,-1,
30202043,Linh Xảo Thiệp,Charm_1,Dược phẩm,Self,1,1,1877,469,true,true,false,5000,-1,-1,,-1,-1,
30202044,Yến Hành Thiệp,Charm_9,Dược phẩm,Self,2,10,2883,720,true,true,false,5000,-1,-1,,-1,-1,
30202045,Thần Hành Thiệp,Charm_10,Dược phẩm,Self,3,30,5485,1371,true,true,false,5000,-1,-1,,-1,-1,
30202046,Linh Xảo Tinh,MenpaiGoods_9,Dược phẩm,Self,1,1,1877,469,true,true,false,5000,-1,-1,,-1,-1,
30202047,Yến Hành Tinh,MenpaiGoods_10,Dược phẩm,Self,2,10,2883,720,true,true,false,5000,-1,-1,,-1,-1,
30202048,Thần Hành Tinh,MenpaiGoods_11,Dược phẩm,Self,3,30,5485,1371,true,true,false,5000,-1,-1,,-1,-1,
30202049,Tiểu Phật Xá Lợi,MenpaiGoods_1,Dược phẩm,Self,1,1,1877,469,true,true,false,5000,-1,-1,,-1,-1,
30202050,Đại Phật Xá Lợi,MenpaiGoods_2,Dược phẩm,Self,2,10,2883,720,true,true,false,5000,-1,-1,,-1,-1,
30202051,Di Lặc Xá Lợi,MenpaiGoods_3,Dược phẩm,Self,3,30,5485,1371,true,true,false,5000,-1,-1,,-1,-1,
30202052,Thiểm Tỵ Trung,MenpaiGoods_15,Dược phẩm,Self,1,1,1877,469,true,true,false,5000,-1,-1,,-1,-1,
30202053,Đóa Thiểm Trung,MenpaiGoods_16,Dược phẩm,Self,4,30,5485,1371,true,true,false,5000,-1,-1,,-1,-1,
30202054,Bồ Đề Xá Lợi,MenpaiGoods_3,Dược phẩm,Self,1,1,1877,469,true,true,false,5000,-1,-1,,-1,-1,
30202055,La Hán Xá Lợi,MenpaiGoods_4,Dược phẩm,Self,4,30,5485,1371,true,true,false,5000,-1,-1,,-1,-1,
30202056,Tinh Luyện Hỏa,MenpaiGoods_5,Dược phẩm,Self,1,1,1877,469,true,true,false,5000,-1,-1,,-1,-1,
30202057,Xích Luyện Hỏa,MenpaiGoods_6,Dược phẩm,Self,2,10,2883,720,true,true,false,5000,-1,-1,,-1,-1,
30202058,Thần Luyện Hỏa,MenpaiGoods_7,Dược phẩm,Self,3,30,5485,1371,true,true,false,5000,-1,-1,,-1,-1,
30202059,Huyền Phòng Trùng Tửu,Medicine2_11,Dược phẩm,Self,1,1,1877,469,true,true,false,5000,-1,-1,,-1,-1,
30202060,Huyền Phòng Dược Tửu,Medicine2_12,Dược phẩm,Self,2,10,2883,720,true,true,false,5000,-1,-1,,-1,-1,
30202061,Huyền Phòng Sà Tửu,CircularTaskTool5_14,Dược phẩm,Self,3,30,5485,1371,true,true,false,5000,-1,-1,,-1,-1,
30202062,Hoa Tử Trùng Tửu,TaskTools5_9,Dược phẩm,Self,1,1,1877,469,true,true,false,5000,-1,-1,,-1,-1,
30202063,Hoa Tử Sà Tửu,TaskTools1_5,Dược phẩm,Self,4,30,5485,1371,true,true,false,5000,-1,-1,,-1,-1,
30202064,Chướng Khí Độc,OtherTools1_8,Dược phẩm,Self,1,1,1877,469,true,true,false,5000,-1,-1,,-1,-1,
30202065,Hàn Thấp Độc,OtherTools1_9,Dược phẩm,Self,2,10,2883,720,true,true,false,5000,-1,-1,,-1,-1,
30202066,Vân Khí Độc,OtherTools1_10,Dược phẩm,Self,3,30,5485,1371,true,true,false,5000,-1,-1,,-1,-1,
30202067,Đồng Bì Đan,Medicine2_10,Dược phẩm,Self,1,1,1877,469,true,true,false,5000,-1,-1,,-1,-1,
30202068,Thiết Bì Đan,Medicine2_5,Dược phẩm,Self,2,10,2883,720,true,true,false,5000,-1,-1,,-1,-1,
30202069,Long Cốt Đan,Medicine2_6,Dược phẩm,Self,3,30,5485,1371,true,true,false,5000,-1,-1,,-1,-1,
30202070,Viễn Sơn Thiệp,Charm_1,Dược phẩm,Self,1,1,1877,469,true,true,false,5000,-1,-1,,-1,-1,
30202071,Lưu Vân Thiệp,Charm_9,Dược phẩm,Self,2,10,2883,720,true,true,false,5000,-1,-1,,-1,-1,
30202072,Tàn Dương Thiệp,Charm_10,Dược phẩm,Self,3,30,5485,1371,true,true,false,5000,-1,-1,,-1,-1,
30202073,Thủy Kính Phù,Charm_4,Dược phẩm,Self,1,1,1877,469,true,true,false,5000,-1,-1,,-1,-1,
30202074,Hàn Băng Phù,Charm_7,Dược phẩm,Self,2,10,2883,720,true,true,false,5000,-1,-1,,-1,-1,
30202075,Huyền Băng Phù,Charm_8,Dược phẩm,Self,3,30,5485,1371,true,true,false,5000,-1,-1,,-1,-1,
30202076,Tỵ Điện Phù,Charm_4,Dược phẩm,Self,1,1,1877,469,true,true,false,5000,-1,-1,,-1,-1,
30202077,Tỵ Lôi Phù,Charm_7,Dược phẩm,Self,2,10,2883,720,true,true,false,5000,-1,-1,,-1,-1,
30202078,Vô Điện Phù,Charm_8,Dược phẩm,Self,3,30,5485,1371,true,true,false,5000,-1,-1,,-1,-1,
30202079,Tỵ Hỏa Phù,Charm_4,Dược phẩm,Self,1,1,1877,469,true,true,false,5000,-1,-1,,-1,-1,
30202080,Tỵ Viêm Phù,Charm_7,Dược phẩm,Self,2,10,2883,720,true,true,false,5000,-1,-1,,-1,-1,
30202081,Tỵ Diệm Phù,Charm_8,Dược phẩm,Self,3,30,5485,1371,true,true,false,5000,-1,-1,,-1,-1,
30202082,Tỵ Độc Phù,Charm_4,Dược phẩm,Self,1,1,1877,469,true,true,false,5000,-1,-1,,-1,-1,
30202083,Tỵ Chướng Phù,Charm_7,Dược phẩm,Self,2,10,2883,720,true,true,false,5000,-1,-1,,-1,-1,
30202084,Tỵ Quỷ Phù,Charm_8,Dược phẩm,Self,3,30,5485,1371,true,true,false,5000,-1,-1,,-1,-1,
30202088,Vi Phong Thiệp,Charm_1,Dược phẩm,Self,1,1,1877,469,true,true,false,5000,-1,-1,,-1,-1,
30202089,Tật Phong Thiệp,Charm_9,Dược phẩm,Self,2,10,2883,720,true,true,false,5000,-1,-1,,-1,-1,
30202090,Cuồng Phong Thiệp,Charm_10,Dược phẩm,Self,3,30,5485,1371,true,true,false,5000,-1,-1,,-1,-1,
30202091,Từ Bi Tinh,MenpaiGoods_9,Dược phẩm,Self,1,1,1877,469,true,true,false,5000,-1,-1,,-1,-1,
30202092,Cam Lâm Tinh,MenpaiGoods_10,Dược phẩm,Self,4,30,5485,1371,true,true,false,5000,-1,-1,,-1,-1,
30202093,Phổ ĐộTinh,MenpaiGoods_11,Dược phẩm,Self,1,1,1877,469,true,true,false,5000,-1,-1,,-1,-1,
30202094,Hoạt Băng Tinh,MenpaiGoods_9,Dược phẩm,Self,2,10,2883,720,true,true,false,5000,-1,-1,,-1,-1,
30202095,Tuyết Băng Tinh,MenpaiGoods_10,Dược phẩm,Self,3,30,5485,1371,true,true,false,5000,-1,-1,,-1,-1,
30203001,Thủy Hàn Phù,Charm_4,Dược phẩm,Self,1,1,1877,469,true,true,false,5000,-1,-1,,-1,-1,
30203002,Băng Hàn Phù,Charm_7,Dược phẩm,Self,2,10,2883,720,true,true,false,5000,-1,-1,,-1,-1,
30203003,Thiên Hàn Phù,Charm_8,Dược phẩm,Self,3,30,5485,1371,true,true,false,5000,-1,-1,,-1,-1,
30203004,Tiểu Băng Tinh,MenpaiGoods_9,Dược phẩm,Self,1,1,1877,469,true,true,false,5000,-1,-1,,-1,-1,
30203005,Hải Băng Tinh,MenpaiGoods_10,Dược phẩm,Self,2,10,2883,720,true,true,false,5000,-1,-1,,-1,-1,
30203006,Thiên Băng Tinh,MenpaiGoods_11,Dược phẩm,Self,3,30,5485,1371,true,true,false,5000,-1,-1,,-1,-1,
30203007,Phật Đà Xá Lợi,MenpaiGoods_1,Dược phẩm,Self,1,1,1877,469,true,true,false,5000,-1,-1,,-1,-1,
30203008,Đại Đà Xá Lợi,MenpaiGoods_2,Dược phẩm,Self,2,10,2883,720,true,true,false,5000,-1,-1,,-1,-1,
30203009,Phật Minh Xá Lợi,MenpaiGoods_3,Dược phẩm,Self,3,30,5485,1371,true,true,false,5000,-1,-1,,-1,-1,
30203010,Huy Huyền Đan,Medicine2_10,Dược phẩm,Self,1,1,1877,469,true,true,false,5000,-1,-1,,-1,-1,
30203011,Tinh Huyền Đan,Medicine2_5,Dược phẩm,Self,2,10,2883,720,true,true,false,5000,-1,-1,,-1,-1,
30203012,Nguyệt Huyền Đan,Medicine2_6,Dược phẩm,Self,3,30,5485,1371,true,true,false,5000,-1,-1,,-1,-1,
30203013,Liệt Hỏa,MenpaiGoods_5,Dược phẩm,Self,1,1,1877,469,true,true,false,5000,-1,-1,,-1,-1,
30203014,Chân Hỏa,MenpaiGoods_6,Dược phẩm,Self,2,10,2883,720,true,true,false,5000,-1,-1,,-1,-1,
30203015,Thánh Hỏa,MenpaiGoods_7,Dược phẩm,Self,3,30,5485,1371,true,true,false,5000,-1,-1,,-1,-1,
30203016,Điện Hỏa Thiệp,Charm_1,Dược phẩm,Self,1,1,1877,469,true,true,false,5000,-1,-1,,-1,-1,
30203017,Lôi Hỏa Thiệp,Charm_9,Dược phẩm,Self,2,10,2883,720,true,true,false,5000,-1,-1,,-1,-1,
30203018,Thiên Hoả Thiệp,Charm_10,Dược phẩm,Self,3,30,5485,1371,true,true,false,5000,-1,-1,,-1,-1,
30203019,Trùng Độc,OtherTools1_8,Dược phẩm,Self,1,1,1877,469,true,true,false,5000,-1,-1,,-1,-1,
30203020,Thi Độc,OtherTools1_9,Dược phẩm,Self,2,10,2883,720,true,true,false,5000,-1,-1,,-1,-1,
30203021,Quỷ Độc,OtherTools1_10,Dược phẩm,Self,3,30,5485,1371,true,true,false,5000,-1,-1,,-1,-1,
30203022,Hoa Tử Tri Thù Tửu,Medicine2_11,Dược phẩm,Self,1,1,1877,469,true,true,false,5000,-1,-1,,-1,-1,
30203023,Hoa Tử Độc Hát Tửu,Medicine2_12,Dược phẩm,Self,2,10,2883,720,true,true,false,5000,-1,-1,,-1,-1,
30203024,Hoa Tử Độc Xà Tửu,FightSkillGaiBang1_16,Dược phẩm,Self,3,30,5485,1371,true,true,false,5000,-1,-1,,-1,-1,
30203025,Địa Hoả,MenpaiGoods_5,Dược phẩm,Self,1,1,1877,469,true,true,false,5000,-1,-1,,-1,-1,
30203026,Thiên Hoả,MenpaiGoods_6,Dược phẩm,Self,2,10,2883,720,true,true,false,5000,-1,-1,,-1,-1,
30203027,Minh Hoả,MenpaiGoods_7,Dược phẩm,Self,3,30,5485,1371,true,true,false,5000,-1,-1,,-1,-1,
30203028,Nhân Ý Thiệp,Charm_1,Dược phẩm,Self,1,1,1877,469,true,true,false,5000,-1,-1,,-1,-1,
30203029,Địa Ý Thiệp,Charm_9,Dược phẩm,Self,2,10,2883,720,true,true,false,5000,-1,-1,,-1,-1,
30203030,Thiên Ý Thiệp,Charm_10,Dược phẩm,Self,3,30,5485,1371,true,true,false,5000,-1,-1,,-1,-1,
30203031,Mịch Nhân Tinh,MenpaiGoods_9,Dược phẩm,Self,1,1,1877,469,true,true,false,5000,-1,-1,,-1,-1,
30203032,Mịch Vật Tinh,MenpaiGoods_10,Dược phẩm,Self,2,10,2883,720,true,true,false,5000,-1,-1,,-1,-1,
30203033,Mịch TâmTinh,MenpaiGoods_11,Dược phẩm,Self,3,30,5485,1371,true,true,false,5000,-1,-1,,-1,-1,
30203034,Ưng Nhãn Trung,MenpaiGoods_13,Dược phẩm,Self,1,1,1877,469,true,true,false,5000,-1,-1,,-1,-1,
30203035,Thiên Nhãn Trung,MenpaiGoods_14,Dược phẩm,Self,1,10,2883,720,true,true,false,5000,-1,-1,,-1,-1,
30203036,Thần Nhãn Trung,MenpaiGoods_15,Dược phẩm,Self,2,30,5485,1371,true,true,false,5000,-1,-1,,-1,-1,
30203037,Lạc Huyền Đan,Medicine4_13,Dược phẩm,Self,2,10,2883,720,true,true,false,5000,-1,-1,,-1,-1,
30203038,Toái Huyền Đan,Medicine4_13,Dược phẩm,Self,3,30,5485,1371,true,true,false,5000,-1,-1,,-1,-1,
30203039,Thối Thần Hỏa,Medicine4_11,Dược phẩm,Self,2,10,2883,720,true,true,false,5000,-1,-1,,-1,-1,
30203040,Diệt Thiên Hỏa,Medicine4_11,Dược phẩm,Self,3,30,5485,1371,true,true,false,5000,-1,-1,,-1,-1,
30203041,Phệ tâm độc,Medicine4_12,Dược phẩm,Self,2,10,2883,720,true,true,false,5000,-1,-1,,-1,-1,
30203042,Phụ Cốt Độc,Medicine4_12,Dược phẩm,Self,3,30,5485,1371,true,true,false,5000,-1,-1,,-1,-1,
30203043,Băng Huyền Tinh,Medicine4_10,Dược phẩm,Self,2,10,2883,720,true,true,false,5000,-1,-1,,-1,-1,
30203044,Sương Nguyệt Tinh,Medicine4_10,Dược phẩm,Self,3,30,5485,1371,true,true,false,5000,-1,-1,,-1,-1,
30203045,Tẩu Tốt Binh Phù,Medicine5_9,Dược phẩm,Self,1,1,1877,469,true,true,false,5000,-1,-1,,-1,-1,
30203046,Hành Quân Binh Phù,Medicine5_7,Dược phẩm,Self,2,10,2883,720,true,true,false,5000,-1,-1,,-1,-1,
30203047,Chiến Cổ Binh Phù,Medicine5_8,Dược phẩm,Self,3,20,4328,1082,true,true,false,5000,-1,-1,,-1,-1,
30203048,Lệ Khí Binh Phù,Medicine5_11,Dược phẩm,Self,4,30,5485,1371,true,true,false,5000,-1,-1,,-1,-1,
30203049,Tướng Lệnh Binh Phù,Medicine5_10,Dược phẩm,Self,5,40,7314,1828,true,true,false,5000,-1,-1,,-1,-1,
30203050,Tam Tài Binh Phù,Medicine5_3,Dược phẩm,Self,1,1,1877,469,true,true,false,5000,-1,-1,,-1,-1,
30203051,Lục Hợp Binh Phù,Medicine5_2,Dược phẩm,Self,2,10,2883,720,true,true,false,5000,-1,-1,,-1,-1,
30203052,Bát Quái Binh Phù,Medicine5_5,Dược phẩm,Self,3,30,5485,1371,true,true,false,5000,-1,-1,,-1,-1,
30203053,Ngự Địch Binh Phù,Medicine5_4,Dược phẩm,Self,1,1,1877,469,true,true,false,5000,-1,-1,,-1,-1,
30203054,Thuẫn Phòng Binh Phù,Medicine5_6,Dược phẩm,Self,2,10,2883,720,true,true,false,5000,-1,-1,,-1,-1,
30203055,Kết Trận Binh Phù,Medicine5_1,Dược phẩm,Self,3,30,5485,1371,true,true,false,5000,-1,-1,,-1,-1,
30203056,Xung Kích Binh Phù,Medicine5_13,Dược phẩm,Self,1,1,1877,469,true,true,false,5000,-1,-1,,-1,-1,
30203057,Phá Quân Binh Phù,Medicine5_14,Dược phẩm,Self,2,10,2883,720,true,true,false,5000,-1,-1,,-1,-1,
30203058,Sát Trận Binh Phù,Medicine5_15,Dược phẩm,Self,3,30,5485,1371,true,true,false,5000,-1,-1,,-1,-1,
30505214,Thiên linh đan,Cloth3_1,Dược phẩm,Self,9,1,4,1,true,true,true,5000,-1,-1,,-1,-1,
31000000,Kim đan Hồ Lô,Cloth2_4,Dược phẩm,Self,10,10,4,1,true,false,false,1,200,-1,,-1,-1,
31000001,Tiên đan hồ lô,Cloth2_5,Dược phẩm,Self,10,10,4,1,true,false,false,1,25,-1,,-1,-1,
31000002,Ngọc dịch tịnh bình,Cloth2_6,Dược phẩm,Self,10,10,4,1,true,false,false,1,500,-1,,-1,-1,
31000003,Tiên lộ tịnh bình,Cloth2_7,Dược phẩm,Self,10,10,4,1,true,false,false,1,20,-1,,-1,-1,
31000004,Tiên thiên quy tâm đan,Charm3_3,Dược phẩm,Self,10,10,4,1,true,false,false,1,20,-1,,-1,-1,
31000005,Kim đan Hồ Lô,Cloth2_4,Dược phẩm,Self,10,10,4,1,true,false,true,1,200,-1,,-1,-1,
31000006,Ngân Đan Hồ Lô,Icons03_1,Dược phẩm,Self,10,10,4,1,true,false,true,1,65,-1,,-1,-1,
31000007,Ngọc Dịch Bảo Bình,Cloth2_6,Dược phẩm,Self,10,10,4,1,true,false,true,1,50,-1,,-1,-1,
31000008,Ngọc dịch tịnh bình,Cloth2_6,Dược phẩm,Self,10,10,4,1,true,false,true,1,500,-1,,-1,-1,
31000017,Vương Mẫu Tiên Đan,Medicine3_13,Dược phẩm,Self,10,1,40000,10000,true,true,false,5000,-1,-1,,-1,-1,
30602001,Thịt tươi,Meet_1,Thức ăn trân thú,PetMeat,1,1,12,3,true,true,false,5000,-1,-1,,-1,-1,
30602002,Thịt nạc,Meet_2,Thức ăn trân thú,PetMeat,2,1,32,8,true,true,false,5000,-1,-1,,-1,-1,
30602003,Khuỷu chân trước,Meet_3,Thức ăn trân thú,PetMeat,3,1,57,14,true,true,false,5000,-1,-1,,-1,-1,
30602004,Khuỷu chân sau,Meet_4,Thức ăn trân thú,PetMeat,4,1,88,22,true,true,false,5000,-1,-1,,-1,-1,
30602005,Thịt đùi trước,Meet_6,Thức ăn trân thú,PetMeat,5,1,125,31,true,true,false,5000,-1,-1,,-1,-1,
30602006,Thịt đùi sau,Meet_7,Thức ăn trân thú,PetMeat,6,1,167,41,true,true,false,5000,-1,-1,,-1,-1,
30602007,Thịt cổ,Meet_8,Thức ăn trân thú,PetMeat,7,1,215,53,true,true,false,5000,-1,-1,,-1,-1,
30602008,Thịt trong sống lưng,Meet_11,Thức ăn trân thú,PetMeat,8,1,268,67,true,true,false,5000,-1,-1,,-1,-1,
30602009,Ba chỉ,Meet_9,Thức ăn trân thú,PetMeat,9,1,327,81,true,true,false,5000,-1,-1,,-1,-1,
30602010,Mỡ mỏng,Meet_12,Thức ăn trân thú,PetMeat,10,1,391,97,true,true,false,5000,-1,-1,,-1,-1,
30603001,Lá cây tử vi,Herbal1_4,Thức ăn trân thú,PetGrass,1,1,12,3,true,true,false,5000,-1,-1,,-1,-1,
30603002,Cát Đằng,TaskTools8_5,Thức ăn trân thú,PetGrass,2,1,32,8,true,true,false,5000,-1,-1,,-1,-1,
30603003,Cam Lam,Herbal1_15,Thức ăn trân thú,PetGrass,3,1,57,14,true,true,false,5000,-1,-1,,-1,-1,
30603004,Tông Lữ,Herbal1_6,Thức ăn trân thú,PetGrass,4,1,88,22,true,true,false,5000,-1,-1,,-1,-1,
30603005,Cát Cánh,Herbal1_9,Thức ăn trân thú,PetGrass,5,1,125,31,true,true,false,5000,-1,-1,,-1,-1,
30603006,Chu Lan,Herbal1_10,Thức ăn trân thú,PetGrass,6,1,167,41,true,true,false,5000,-1,-1,,-1,-1,
30603007,Thủ Vỹ Thảo,Herbal1_2,Thức ăn trân thú,PetGrass,7,1,215,53,true,true,false,5000,-1,-1,,-1,-1,
30603008,Hải Vu,Herbal2_4,Thức ăn trân thú,PetGrass,8,1,268,67,true,true,false,5000,-1,-1,,-1,-1,
30603009,Thảo Cầu,Herbal2_2,Thức ăn trân thú,PetGrass,9,1,327,81,true,true,false,5000,-1,-1,,-1,-1,
30603010,Thận Quyết,Herbal1_12,Thức ăn trân thú,PetGrass,10,1,391,97,true,true,false,5000,-1,-1,,-1,-1,
30604001,Trách Mãnh,PetFood_1,Thức ăn trân thú,PetWorm,1,1,12,3,true,true,false,5000,-1,-1,,-1,-1,
30604002,Tằm,PetFood_2,Thức ăn trân thú,PetWorm,2,1,32,8,true,true,false,5000,-1,-1,,-1,-1,
30604003,Thiên Ngưu,PetFood_3,Thức ăn trân thú,PetWorm,3,1,57,14,true,true,false,5000,-1,-1,,-1,-1,
30604004,Hoàng Trùng,PetFood_4,Thức ăn trân thú,PetWorm,4,1,88,22,true,true,false,5000,-1,-1,,-1,-1,
30604005,Thiền,PetFood_9,Thức ăn trân thú,PetWorm,5,1,125,31,true,true,false,5000,-1,-1,,-1,-1,
30604006,Phi Nga,PetFood_6,Thức ăn trân thú,PetWorm,6,1,167,41,true,true,false,5000,-1,-1,,-1,-1,
30604007,Kim Qui,PetFood_7,Thức ăn trân thú,PetWorm,7,1,215,53,true,true,false,5000,-1,-1,,-1,-1,
30604008,Đường Lang,PetFood_8,Thức ăn trân thú,PetWorm,8,1,268,67,true,true,false,5000,-1,-1,,-1,-1,
30604009,Tất Xuất,PetFood_5,Thức ăn trân thú,PetWorm,9,1,327,81,true,true,false,5000,-1,-1,,-1,-1,
30604010,Điệp,PetFood_10,Thức ăn trân thú,PetWorm,10,1,391,97,true,true,false,5000,-1,-1,,-1,-1,
30605001,Tiểu Mạch,Corn_1,Thức ăn trân thú,PetRice,1,1,12,3,true,true,false,5000,-1,-1,,-1,-1,
30605002,Đại Mễ,Corn_2,Thức ăn trân thú,PetRice,2,1,32,8,true,true,false,5000,-1,-1,,-1,-1,
30605003,Ngọc Mễ,Corn_3,Thức ăn trân thú,PetRice,3,1,57,14,true,true,false,5000,-1,-1,,-1,-1,
30605004,Hoa Sinh,Corn_4,Thức ăn trân thú,PetRice,4,1,88,22,true,true,false,5000,-1,-1,,-1,-1,
30605005,Hồng Thử,Corn_5,Thức ăn trân thú,PetRice,5,1,125,31,true,true,false,5000,-1,-1,,-1,-1,
30605006,Cao Lương,Corn_6,Thức ăn trân thú,PetRice,6,1,167,41,true,true,false,5000,-1,-1,,-1,-1,
30605007,Chi Mã,Corn_7,Thức ăn trân thú,PetRice,7,1,215,53,true,true,false,5000,-1,-1,,-1,-1,
30605008,Lục Đậu,Corn_8,Thức ăn trân thú,PetRice,8,1,268,67,true,true,false,5000,-1,-1,,-1,-1,
30605009,Hoàng Đậu,Corn_9,Thức ăn trân thú,PetRice,9,1,327,81,true,true,false,5000,-1,-1,,-1,-1,
30605010,Tàm Đậu,Corn_10,Thức ăn trân thú,PetRice,10,1,391,97,true,true,false,5000,-1,-1,,-1,-1,
30008006,Mã yên,Cloth2_14,Đạo cụ,Pill,10,10,4,1,true,true,false,1,5,-1,,-1,-1,
30008009,Càn Khôn Hồ,Cloth2_13,Đạo cụ đặc thù,Self,10,1,4,1,true,true,false,5000,-1,-1,,-1,-1,
31000010,Tiên đan hồ lô,Cloth2_5,Dược phẩm,Self,10,10,4,1,true,false,false,1,300,-1,,-1,-1,
31000011,Tiên đan hồ lô,Cloth2_5,Dược phẩm,Self,10,10,4,1,true,false,false,1,300,-1,,-1,-1,
31000012,Tiên lộ tịnh bình,Cloth2_7,Dược phẩm,Self,10,10,4,1,true,false,false,1,200,-1,,-1,-1,
31000013,Tiên lộ tịnh bình,Cloth2_7,Dược phẩm,Self,10,10,4,1,true,false,false,1,200,-1,,-1,-1,
31000014,Tuyết Sâm Ngọc Thiểm Hoàn,Medicine2_8,Dược phẩm,Self,10,1,4000,1000,true,true,false,5000,-1,-1,,-1,-1,
31000015,Bách Hoa Ngọc Lộ Hoàn,Medicine2_4,Dược phẩm,Self,10,1,4000,1000,true,true,false,5000,-1,-1,,-1,-1,
31000016,Vương Mẫu Tiên Đan,Medicine3_13,Dược phẩm,Self,10,1,4000,1000,true,true,false,5000,-1,-1,,-1,-1,
32000100,Thiên Linh Tửu Đại,CircularTaskTool18_13,Đạo cụ đặc thù,Self,10,1,4,1,true,true,false,1,-1,121,,-1,-1,
32000101,Thiên Linh Tửu Trung,CircularTaskTool18_12,Đạo cụ đặc thù,Self,10,1,4,1,true,true,false,1,-1,121,,-1,-1,
32000102,Thiên Linh Tửu Tiểu,CircularTaskTool18_11,Đạo cụ đặc thù,Self,10,1,4,1,true,true,false,1,-1,121,,-1,-1,
32000103,Thiên Linh Tửu Sơ,CircularTaskTool18_14,Đạo cụ đặc thù,Self,10,1,4,1,true,true,false,1,-1,121,,-1,-1,
32000104,Dạ Minh Châu,CircularTaskTool31_12,Đạo cụ đặc thù,Self,10,1,4,1,true,true,false,15000,-1,-1,,-1,-1,5
32000105,Thiên Linh Đan Hoàng Kim,CircularTaskTool20_16,Dược phẩm,Self,9,1,4,1,true,true,false,15000,-1,-1,,-1,-1,
32000200,Bồi Huyết Đan Đại (Trác Lộc),Medicine2_8,Dược phẩm,Self,10,1,4000,1000,true,true,false,15000,-1,-1,,-1,-1,
32000201,Bồi Khí Đan Đại (Trác Lộc),Medicine2_4,Dược phẩm,Self,10,1,4000,1000,true,true,false,15000,-1,-1,,-1,-1,
32000202,Toàn Linh Đan Đại (Trác Lộc),Medicine3_13,Dược phẩm,Self,10,1,4000,1000,true,true,false,15000,-1,-1,,-1,-1,
32000203,Bồi Huyết Đan (Trác Lộc),Medicine2_5,Dược phẩm,Self,10,1,4000,1000,true,true,false,15000,-1,-1,,-1,-1,
32000204,Bồi Khí Đan (Trác Lộc),Medicine2_6,Dược phẩm,Self,10,1,4000,1000,true,true,false,15000,-1,-1,,-1,-1,
32000205,Toàn Linh Đan (Trác Lộc),Medicine2_10,Dược phẩm,Self,10,1,4000,1000,true,true,false,15000,-1,-1,,-1,-1,
32000206,Huyết Chú,OtherTools1_11,Dược phẩm,Self,5,1,1,1,true,true,false,15000,-1,-1,,-1,-1,
32000207,Khí Chú,OtherTools1_12,Dược phẩm,Self,5,1,1,1,true,true,false,15000,-1,-1,,-1,-1,
32000208,Phù Cường Lực,taiwanzhuanyong10_5,Dược phẩm,Self,3,1,1,1,true,true,false,15000,-1,-1,,-1,-1,
32000209,Phù Nội Lực,taiwanzhuanyong10_6,Dược phẩm,Self,3,1,1,1,true,true,false,15000,-1,-1,,-1,-1,
32000210,Phù Thể Lực,taiwanzhuanyong10_7,Dược phẩm,Self,3,1,1,1,true,true,false,15000,-1,-1,,-1,-1,
32000211,Phù Thân Pháp,taiwanzhuanyong10_8,Dược phẩm,Self,3,1,1,1,true,true,false,15000,-1,-1,,-1,-1,
32000212,Thiểm Điện Phù,taiwanzhuanyong10_4,Dược phẩm,Self,4,1,1,1,true,true,false,15000,-1,-1,,-1,-1,
32000213,Thiên Nhãn Phù,taiwanzhuanyong10_3,Dược phẩm,Self,3,1,1,1,true,true,false,15000,-1,-1,,-1,-1,
32000214,Kháng Băng Phù,Charm_8,Dược phẩm,Self,3,1,1,1,true,true,false,15000,-1,-1,,-1,-1,
32000215,Kháng Hỏa Phù,Charm_4,Dược phẩm,Self,3,1,1,1,true,true,false,15000,-1,-1,,-1,-1,
32000216,Kháng Huyền Phù,Charm_1,Dược phẩm,Self,3,1,1,1,true,true,false,15000,-1,-1,,-1,-1,
32000217,Kháng Độc Phù,Charm_7,Dược phẩm,Self,3,1,1,1,true,true,false,15000,-1,-1,,-1,-1,
32000218,Cổ Độc,Weather1_5,Dược phẩm,Self,3,1,1,1,true,true,false,15000,-1,-1,,-1,-1,
32000219,Thiên Hàn,Weather1_3,Dược phẩm,Self,3,1,1,1,true,true,false,15000,-1,-1,,-1,-1,
32000220,Quang Minh,Weather1_6,Dược phẩm,Self,3,1,1,1,true,true,false,15000,-1,-1,,-1,-1,
32000221,Thánh Hỏa,Weather2_8,Dược phẩm,Self,3,1,1,1,true,true,false,15000,-1,-1,,-1,-1,
32000300,Mỡ Mỏng Sơ Cấp,Meet_12,Thức ăn trân thú,PetMeat,10,1,1,1,true,true,false,15000,-1,-1,,-1,-1,
32000301,Thận Quyết Sơ Cấp,Herbal1_12,Thức ăn trân thú,PetGrass,10,1,1,1,true,true,false,15000,-1,-1,,-1,-1,
32000302,Điệp Sơ Cấp,PetFood_10,Thức ăn trân thú,PetWorm,10,1,1,1,true,true,false,15000,-1,-1,,-1,-1,
32000303,Tàm Đậu Sơ Cấp,Corn_10,Thức ăn trân thú,PetRice,10,1,1,1,true,true,false,15000,-1,-1,,-1,-1,
32000304,Mỡ Mỏng Trung Cấp,Meet_12,Thức ăn trân thú,PetMeat,10,1,1,1,true,true,false,15000,-1,-1,,-1,-1,
32000305,Thận Quyết Trung Cấp,Herbal1_12,Thức ăn trân thú,PetGrass,10,1,1,1,true,true,false,15000,-1,-1,,-1,-1,
32000306,Điệp Trung Cấp,PetFood_10,Thức ăn trân thú,PetWorm,10,1,1,1,true,true,false,15000,-1,-1,,-1,-1,
32000307,Tàm Đậu Trung Cấp,Corn_10,Thức ăn trân thú,PetRice,10,1,1,1,true,true,false,15000,-1,-1,,-1,-1,
32000308,Mỡ Mỏng Cao Cấp,Meet_12,Thức ăn trân thú,PetMeat,10,1,1,1,true,true,false,15000,-1,-1,,-1,-1,
32000309,Thận Quyết Cao Cấp,Herbal1_12,Thức ăn trân thú,PetGrass,10,1,1,1,true,true,false,15000,-1,-1,,-1,-1,
32000310,Điệp Cao Cấp,PetFood_10,Thức ăn trân thú,PetWorm,10,1,1,1,true,true,false,15000,-1,-1,,-1,-1,
32000311,Tàm Đậu Cao Cấp,Corn_10,Thức ăn trân thú,PetRice,10,1,1,1,true,true,false,15000,-1,-1,,-1,-1,
32000312,Mỡ Mỏng Sơ Cấp,Meet_12,Thức ăn trân thú,PetMeat,10,1,1,1,true,true,false,15000,-1,-1,,-1,-1,
32000313,Thận Quyết Sơ Cấp,Herbal1_12,Thức ăn trân thú,PetGrass,10,1,1,1,true,true,false,15000,-1,-1,,-1,-1,
32000314,Điệp Sơ Cấp,PetFood_10,Thức ăn trân thú,PetWorm,10,1,1,1,true,true,false,15000,-1,-1,,-1,-1,
32000315,Tàm Đậu Sơ Cấp,Corn_10,Thức ăn trân thú,PetRice,10,1,1,1,true,true,false,15000,-1,-1,,-1,-1,
32000322,Mỡ Mỏng Trung Cấp,Meet_12,Thức ăn trân thú,PetMeat,10,1,1,1,true,true,false,15000,-1,-1,,-1,-1,
32000323,Thận Quyết Trung Cấp,Herbal1_12,Thức ăn trân thú,PetGrass,10,1,1,1,true,true,false,15000,-1,-1,,-1,-1,
32000324,Điệp Đặc Trung Cấp,PetFood_10,Thức ăn trân thú,PetWorm,10,1,1,1,true,true,false,15000,-1,-1,,-1,-1,
32000325,Tàm Đậu Trung Cấp,Corn_10,Thức ăn trân thú,PetRice,10,1,1,1,true,true,false,15000,-1,-1,,-1,-1,
32000332,Mỡ Mỏng Cao Cấp,Meet_12,Thức ăn trân thú,PetMeat,10,1,1,1,true,true,false,15000,-1,-1,,-1,-1,
32000333,Thận Quyết Cao Cấp,Herbal1_12,Thức ăn trân thú,PetGrass,10,1,1,1,true,true,false,15000,-1,-1,,-1,-1,
32000334,Điệp Cao Cấp,PetFood_10,Thức ăn trân thú,PetWorm,10,1,1,1,true,true,false,15000,-1,-1,,-1,-1,
32000335,Tàm Đậu Cao Cấp,Corn_10,Thức ăn trân thú,PetRice,10,1,1,1,true,true,false,15000,-1,-1,,-1,-1,
32010100,Cường Lực Đan Sơ Phẩm,Medicine2_5,Dược phẩm,Self,3,1,1,1,true,true,false,15000,-1,-1,,-1,-1,
32010200,Nội Lực Đan Sơ Phẩm,Medicine2_6,Dược phẩm,Self,3,1,1,1,true,true,false,15000,-1,-1,,-1,-1,
32010300,Thiểm Điện Đan Sơ Phẩm,Medicine3_1,Dược phẩm,Self,4,1,1,1,true,true,false,15000,-1,-1,,-1,-1,
32010400,Thiên Nhãn Đan Sơ Phẩm,Medicine3_10,Dược phẩm,Self,3,1,1,1,true,true,false,15000,-1,-1,,-1,-1,
32010500,Cổ Độc Đan Sơ Phẩm,Medicine2_9,Dược phẩm,Self,3,1,1,1,true,true,false,15000,-1,-1,,-1,-1,
32010600,Thiên Hàn Đan Sơ Phẩm,Medicine3_15,Dược phẩm,Self,3,1,1,1,true,true,false,15000,-1,-1,,-1,-1,
32010700,Quang Minh Đan Sơ Phẩm,Medicine2_7,Dược phẩm,Self,3,1,1,1,true,true,false,15000,-1,-1,,-1,-1,
32010800,Thánh Hỏa Đan Sơ Phẩm,Medicine3_4,Dược phẩm,Self,3,1,1,1,true,true,false,15000,-1,-1,,-1,-1,
32010900,Kháng Hỏa Đan Sơ Phẩm,Medicine2_8,Dược phẩm,Self,3,1,1,1,true,true,false,15000,-1,-1,,-1,-1,
32011000,Kháng Huyền Đan Sơ Phẩm,Medicine3_9,Dược phẩm,Self,3,1,1,1,true,true,false,15000,-1,-1,,-1,-1,
32011100,Kháng Độc Đan Sơ Phẩm,Medicine3_16,Dược phẩm,Self,3,1,1,1,true,true,false,15000,-1,-1,,-1,-1,
32011200,Kháng Băng Đan Sơ Phẩm,Medicine4_2,Dược phẩm,Self,3,1,1,1,true,true,false,15000,-1,-1,,-1,-1,
32011300,Hộ Thể Đan Sơ Phẩm,Medicine3_5,Dược phẩm,Self,3,1,1,1,true,true,false,15000,-1,-1,,-1,-1,
32010101,Cường Lực Đan Trung Phẩm,Medicine2_5,Dược phẩm,Self,3,1,1,1,true,true,false,15000,-1,-1,,-1,-1,
32010201,Nội Lực Đan Trung Phẩm,Medicine2_6,Dược phẩm,Self,3,1,1,1,true,true,false,15000,-1,-1,,-1,-1,
32010301,Thiểm Điện Đan Trung Phẩm,Medicine3_1,Dược phẩm,Self,4,1,1,1,true,true,false,15000,-1,-1,,-1,-1,
32010401,Thiên Nhãn Đan Trung Phẩm,Medicine3_10,Dược phẩm,Self,3,1,1,1,true,true,false,15000,-1,-1,,-1,-1,
32010501,Cổ Độc Đan Trung Phẩm,Medicine2_9,Dược phẩm,Self,3,1,1,1,true,true,false,15000,-1,-1,,-1,-1,
32010601,Thiên Hàn Đan Trung Phẩm,Medicine3_15,Dược phẩm,Self,3,1,1,1,true,true,false,15000,-1,-1,,-1,-1,
32010701,Quang Minh Đan Trung Phẩm,Medicine2_7,Dược phẩm,Self,3,1,1,1,true,true,false,15000,-1,-1,,-1,-1,
32010801,Thánh Hỏa Đan Trung Phẩm,Medicine3_4,Dược phẩm,Self,3,1,1,1,true,true,false,15000,-1,-1,,-1,-1,
32010901,Kháng Hỏa Đan Trung Phẩm,Medicine2_8,Dược phẩm,Self,3,1,1,1,true,true,false,15000,-1,-1,,-1,-1,
32011001,Kháng Huyền Đan Trung Phẩm,Medicine3_9,Dược phẩm,Self,3,1,1,1,true,true,false,15000,-1,-1,,-1,-1,
32011101,Kháng Độc Đan Trung Phẩm,Medicine3_16,Dược phẩm,Self,3,1,1,1,true,true,false,15000,-1,-1,,-1,-1,
32011201,Kháng Băng Đan Trung Phẩm,Medicine4_2,Dược phẩm,Self,3,1,1,1,true,true,false,15000,-1,-1,,-1,-1,
32011301,Hộ Thể Đan Trung Phẩm,Medicine3_5,Dược phẩm,Self,3,1,1,1,true,true,false,15000,-1,-1,,-1,-1,
32010102,Cường Lực Đan Thượng Phẩm,Medicine2_5,Dược phẩm,Self,3,1,1,1,true,true,false,15000,-1,-1,,-1,-1,
32010202,Nội Lực Đan Thượng Phẩm,Medicine2_6,Dược phẩm,Self,3,1,1,1,true,true,false,15000,-1,-1,,-1,-1,
32010302,Thiểm Điện Đan Thượng Phẩm,Medicine3_1,Dược phẩm,Self,4,1,1,1,true,true,false,15000,-1,-1,,-1,-1,
32010402,Thiên Nhãn Đan Thượng Phẩm,Medicine3_10,Dược phẩm,Self,3,1,1,1,true,true,false,15000,-1,-1,,-1,-1,
32010502,Cổ Độc Đan Thượng Phẩm,Medicine2_9,Dược phẩm,Self,3,1,1,1,true,true,false,15000,-1,-1,,-1,-1,
32010602,Thiên Hàn Đan Thượng Phẩm,Medicine3_15,Dược phẩm,Self,3,1,1,1,true,true,false,15000,-1,-1,,-1,-1,
32010702,Quang Minh Đan Thượng Phẩm,Medicine2_7,Dược phẩm,Self,3,1,1,1,true,true,false,15000,-1,-1,,-1,-1,
32010802,Thánh Hỏa Đan Thượng Phẩm,Medicine3_4,Dược phẩm,Self,3,1,1,1,true,true,false,15000,-1,-1,,-1,-1,
32010902,Kháng Hỏa Đan Thượng Phẩm,Medicine2_8,Dược phẩm,Self,3,1,1,1,true,true,false,15000,-1,-1,,-1,-1,
32011002,Kháng Huyền Đan Thượng Phẩm,Medicine3_9,Dược phẩm,Self,3,1,1,1,true,true,false,15000,-1,-1,,-1,-1,
32011102,Kháng Độc Đan Thượng Phẩm,Medicine3_16,Dược phẩm,Self,3,1,1,1,true,true,false,15000,-1,-1,,-1,-1,
32011202,Kháng Băng Đan Thượng Phẩm,Medicine4_2,Dược phẩm,Self,3,1,1,1,true,true,false,15000,-1,-1,,-1,-1,
32011302,Hộ Thể Đan Thượng Phẩm,Medicine3_5,Dược phẩm,Self,3,1,1,1,true,true,false,15000,-1,-1,,-1,-1,
32010103,Cường Lực Đan Hoàn Mỹ,Medicine2_5,Dược phẩm,Self,3,1,1,1,true,true,false,15000,-1,-1,,-1,-1,
32010203,Nội Lực Đan Hoàn Mỹ,Medicine2_6,Dược phẩm,Self,3,1,1,1,true,true,false,15000,-1,-1,,-1,-1,
32010303,Thiểm Điện Đan Hoàn Mỹ,Medicine3_1,Dược phẩm,Self,4,1,1,1,true,true,false,15000,-1,-1,,-1,-1,
32010403,Thiên Nhãn Đan Hoàn Mỹ,Medicine3_10,Dược phẩm,Self,3,1,1,1,true,true,false,15000,-1,-1,,-1,-1,
32010503,Cổ Độc Đan Hoàn Mỹ,Medicine2_9,Dược phẩm,Self,3,1,1,1,true,true,false,15000,-1,-1,,-1,-1,
32010603,Thiên Hàn Đan Hoàn Mỹ,Medicine3_15,Dược phẩm,Self,3,1,1,1,true,true,false,15000,-1,-1,,-1,-1,
32010703,Quang Minh Đan Hoàn Mỹ,Medicine2_7,Dược phẩm,Self,3,1,1,1,true,true,false,15000,-1,-1,,-1,-1,
32010803,Thánh Hỏa Đan Hoàn Mỹ,Medicine3_4,Dược phẩm,Self,3,1,1,1,true,true,false,15000,-1,-1,,-1,-1,
32010903,Kháng Hỏa Đan Hoàn Mỹ,Medicine2_8,Dược phẩm,Self,3,1,1,1,true,true,false,15000,-1,-1,,-1,-1,
32011003,Kháng Huyền Đan Hoàn Mỹ,Medicine3_9,Dược phẩm,Self,3,1,1,1,true,true,false,15000,-1,-1,,-1,-1,
32011103,Kháng Độc Đan Hoàn Mỹ,Medicine3_16,Dược phẩm,Self,3,1,1,1,true,true,false,15000,-1,-1,,-1,-1,
32011203,Kháng Băng Đan Hoàn Mỹ,Medicine4_2,Dược phẩm,Self,3,1,1,1,true,true,false,15000,-1,-1,,-1,-1,
32011303,Hộ Thể Đan Hoàn Mỹ,Medicine3_5,Dược phẩm,Self,3,1,1,1,true,true,false,15000,-1,-1,,-1,-1,
32011403,Phục Hoàn Đan,Medicine4_13,Dược phẩm,Self,12,1,1,1,true,true,false,15000,-1,-1,,-1,-1,
33000001,Lam Sắc Linh Đan,taiwanzhuanyong10_6,Phụ thân linh đan,Spirit,1,1,12,3,true,true,false,15000,-1,-1,,-1,-1,
33000002,Phấn Sắc Linh Đan,taiwanzhuanyong10_7,Phụ thân linh đan,Spirit,1,1,12,3,true,true,false,15000,-1,-1,,-1,-1,
33000003,Tử Sắc Linh Đan,taiwanzhuanyong10_8,Phụ thân linh đan,Spirit,1,1,12,3,true,true,false,15000,-1,-1,,-1,-1,
33000004,Hoàng Sắc Linh Đan,taiwanzhuanyong10_5,Phụ thân linh đan,Spirit,1,1,12,3,true,true,false,15000,-1,-1,,-1,-1,
33000005,Thông Thiên Linh Đan,Cloth3_14,Dược phẩm,Self,10,1,4,1,true,true,false,5000,-1,-1,,-1,-1,
33000006,Triệt Địa Linh Đan,Cloth3_15,Dược phẩm,Pill,10,1,4,1,true,true,false,5000,-1,-1,,-1,-1,
33000007,Rượu Mừng Tân Niên,CircularTaskTool18_13,Đạo cụ đặc thù,Self,10,1,4,1,true,true,false,1,-1,121,,-1,-1,
