ID,Name,ResName,Type,Level,FactionID,SkillID,AttackType,Quality
36169,Bình Thiên Đại Khốt Bảo Bảo,pet_2024NiuMoWangJi,Child,,,,,
36170,Bình Thiên Đại Khốt Trưởng Thành,pet_2024NiuMoWangJi,Wild,,,,,
36171,Bình Thiên Đại Khốt Biến Dị,pet_2024NiuMoWangErJi,Rare,,,,,
36172,Bình Thiên Đại Khốt Biến Dị,pet_2024NiuMoWangErJi01,Rare,,,,,
36173,Bình Thiên Đại Khốt Biến Dị,pet_2024NiuMoWangSanJi,Rare,,,,,
36174,Bình Thiên Đại Khốt Biến Dị,pet_2024NiuMoWangSanJi01,Rare,,,,,
36175,Bình Thiên Đại Khốt Biến Dị,pet_2024NiuMoWangSiJi,Rare,,,,,
36176,Bình Thiên Đại Khốt Biến Dị,pet_2024NiuMoWangSiJi01,Rare,,,,,
36177,Bình Thiên Đại Khốt Biến Dị,pet_2024NiuMoWangWuJi02,Rare,,,,,
36178,Bình Thiên Đại Khốt Biến Dị,pet_2024NiuMoWangWuJi01,Rare,,,,,
36179,Bình Thiên Đại Khốt Bảo Bảo,pet_2024NiuMoWangJi,Child,,,,,
36180,Bách Biến Khốt Tăng Trưởng Thành,pet_2024TangSengJi,Wild,,,,,
36181,Bách Biến Khốt Tăng Biến Dị,pet_2024TangSengJi01,Rare,,,,,
36182,Bách Biến Khốt Tăng Biến Dị,pet_2024TangSengErJi,Rare,,,,,
36189,Bách Biến Khốt Tăng Bảo Bảo,pet_2024TangSengJi,Child,,,,,
36190,Bách Biến Khốt Tăng Trưởng Thành,pet_2024TangSengJi,Wild,,,,,
36191,Bách Biến Khốt Tăng Biến Dị,pet_2024TangSengJi01,Rare,,,,,
36192,Bách Biến Khốt Tăng Biến Dị,pet_2024TangSengErJi,Rare,,,,,
36193,Bách Biến Khốt Tăng Biến Dị,pet_2024TangSengSanJi,Rare,,,,,
36199,Bách Biến Khốt Tăng Bảo Bảo,pet_2024TangSengJi,Child,,,,,
36200,Bách Biến Khốt Tăng Trưởng Thành,pet_2024TangSengJi,Wild,,,,,
36201,Bách Biến Khốt Tăng Biến Dị,pet_2024TangSengJi01,Rare,,,,,
36202,Bách Biến Khốt Tăng Biến Dị,pet_2024TangSengErJi,Rare,,,,,
36203,Bách Biến Khốt Tăng Biến Dị,pet_2024TangSengSanJi,Rare,,,,,
36204,Bách Biến Khốt Tăng Biến Dị,pet_2024TangSengSiJi,Rare,,,,,
36209,Bách Biến Khốt Tăng Bảo Bảo,pet_2024TangSengJi,Child,,,,,
36210,Bách Biến Khốt Tăng Trưởng Thành,pet_2024TangSengJi,Wild,,,,,
36211,Bách Biến Khốt Tăng Biến Dị,pet_2024TangSengJi01,Rare,,,,,
36212,Bách Biến Khốt Tăng Biến Dị,pet_2024TangSengErJi,Rare,,,,,
36213,Bách Biến Khốt Tăng Biến Dị,pet_2024TangSengSanJi,Rare,,,,,
36214,Bách Biến Khốt Tăng Biến Dị,pet_2024TangSengSiJi,Rare,,,,,
36215,Bách Biến Khốt Tăng Biến Dị,pet_2024TangSengYinDuASan,Rare,,,,,
36219,Bách Biến Khốt Tăng Bảo Bảo,pet_2024TangSengJi,Child,,,,,
36220,Bách Biến Khốt Tăng Trưởng Thành,pet_2024TangSengJi,Wild,,,,,
36221,Bách Biến Khốt Tăng Biến Dị,pet_2024TangSengJi01,Rare,,,,,
36222,Bách Biến Khốt Tăng Biến Dị,pet_2024TangSengErJi,Rare,,,,,
36223,Bách Biến Khốt Tăng Biến Dị,pet_2024TangSengSanJi,Rare,,,,,
36224,Bách Biến Khốt Tăng Biến Dị,pet_2024TangSengSiJi,Rare,,,,,
36225,Bách Biến Khốt Tăng Biến Dị,pet_2024TangSengYinDuASan,Rare,,,,,
36226,Bách Biến Khốt Tăng Biến Dị,pet_2024TangSengLuoMaYongShi,Rare,,,,,
36229,Bách Biến Khốt Tăng Bảo Bảo,pet_2024TangSengJi,Child,,,,,
36230,Bách Biến Khốt Tăng Trưởng Thành,pet_2024TangSengJi,Wild,,,,,
36231,Bách Biến Khốt Tăng Biến Dị,pet_2024TangSengJi01,Rare,,,,,
36232,Bách Biến Khốt Tăng Biến Dị,pet_2024TangSengErJi,Rare,,,,,
36233,Bách Biến Khốt Tăng Biến Dị,pet_2024TangSengSanJi,Rare,,,,,
36234,Bách Biến Khốt Tăng Biến Dị,pet_2024TangSengSiJi,Rare,,,,,
36235,Bách Biến Khốt Tăng Biến Dị,pet_2024TangSengYinDuASan,Rare,,,,,
36236,Bách Biến Khốt Tăng Biến Dị,pet_2024TangSengLuoMaYongShi,Rare,,,,,
36237,Bách Biến Khốt Tăng Biến Dị,pet_2024TangSengAiJiFaLao,Rare,,,,,
36239,Bách Biến Khốt Tăng Bảo Bảo,pet_2024TangSengJi,Child,,,,,
36240,Bách Biến Khốt Tăng Trưởng Thành,pet_2024TangSengJi,Wild,,,,,
36241,Bách Biến Khốt Tăng Biến Dị,pet_2024TangSengJi01,Rare,,,,,
36242,Bách Biến Khốt Tăng Biến Dị,pet_2024TangSengErJi,Rare,,,,,
36243,Bách Biến Khốt Tăng Biến Dị,pet_2024TangSengSanJi,Rare,,,,,
36244,Bách Biến Khốt Tăng Biến Dị,pet_2024TangSengSiJi,Rare,,,,,
36245,Bách Biến Khốt Tăng Biến Dị,pet_2024TangSengYinDuASan,Rare,,,,,
36246,Bách Biến Khốt Tăng Biến Dị,pet_2024TangSengLuoMaYongShi,Rare,,,,,
36247,Bách Biến Khốt Tăng Biến Dị,pet_2024TangSengAiJiFaLao,Rare,,,,,
36248,Bách Biến Khốt Tăng Biến Dị,pet_2024TangSengWuJi,Rare,,,,,
36249,Bách Biến Khốt Tăng Bảo Bảo,pet_2024TangSengJi,Child,,,,,
36250,Thực Cốt Minh Xà Trưởng Thành,pet_2024VIPXiangLiuSheJi,Wild,,,,,
36251,Thực Cốt Minh Xà Biến Dị,pet_2024VIPXiangLiuSheErJi,Rare,,,,,
36252,Thực Cốt Minh Xà Biến Dị,pet_2024VIPXiangLiuSheErJi01,Rare,,,,,
36259,Thực Cốt Minh Xà Bảo Bảo,pet_2024VIPXiangLiuSheJi,Child,,,,,
36260,Thực Cốt Minh Xà Trưởng Thành,pet_2024VIPXiangLiuSheJi,Wild,,,,,
36261,Thực Cốt Minh Xà Biến Dị,pet_2024VIPXiangLiuSheErJi,Rare,,,,,
36262,Thực Cốt Minh Xà Biến Dị,pet_2024VIPXiangLiuSheErJi01,Rare,,,,,
36263,Thực Cốt Minh Xà Biến Dị,pet_2024VIPXiangLiuSheSanJi01,Rare,,,,,
36269,Thực Cốt Minh Xà Bảo Bảo,pet_2024VIPXiangLiuSheJi,Child,,,,,
36270,Thực Cốt Minh Xà Trưởng Thành,pet_2024VIPXiangLiuSheJi,Wild,,,,,
36271,Thực Cốt Minh Xà Biến Dị,pet_2024VIPXiangLiuSheErJi,Rare,,,,,
36272,Thực Cốt Minh Xà Biến Dị,pet_2024VIPXiangLiuSheErJi01,Rare,,,,,
36273,Thực Cốt Minh Xà Biến Dị,pet_2024VIPXiangLiuSheSanJi01,Rare,,,,,
36274,Thực Cốt Minh Xà Biến Dị,pet_2024VIPXiangLiuSheSanJi,Rare,,,,,
36279,Thực Cốt Minh Xà Bảo Bảo,pet_2024VIPXiangLiuSheJi,Child,,,,,
36280,Thực Cốt Minh Xà Trưởng Thành,pet_2024VIPXiangLiuSheJi,Wild,,,,,
36281,Thực Cốt Minh Xà Biến Dị,pet_2024VIPXiangLiuSheErJi,Rare,,,,,
36282,Thực Cốt Minh Xà Biến Dị,pet_2024VIPXiangLiuSheErJi01,Rare,,,,,
36283,Thực Cốt Minh Xà Biến Dị,pet_2024VIPXiangLiuSheSanJi01,Rare,,,,,
36284,Thực Cốt Minh Xà Biến Dị,pet_2024VIPXiangLiuSheSanJi,Rare,,,,,
36285,Thực Cốt Minh Xà Biến Dị,pet_2024VIPXiangLiuSheSiJi,Rare,,,,,
36289,Thực Cốt Minh Xà Bảo Bảo,pet_2024VIPXiangLiuSheJi,Child,,,,,
36290,Thực Cốt Minh Xà Trưởng Thành,pet_2024VIPXiangLiuSheJi,Wild,,,,,
36291,Thực Cốt Minh Xà Biến Dị,pet_2024VIPXiangLiuSheErJi,Rare,,,,,
36292,Thực Cốt Minh Xà Biến Dị,pet_2024VIPXiangLiuSheErJi01,Rare,,,,,
36293,Thực Cốt Minh Xà Biến Dị,pet_2024VIPXiangLiuSheSanJi01,Rare,,,,,
36294,Thực Cốt Minh Xà Biến Dị,pet_2024VIPXiangLiuSheSanJi,Rare,,,,,
36295,Thực Cốt Minh Xà Biến Dị,pet_2024VIPXiangLiuSheSiJi,Rare,,,,,
36296,Thực Cốt Minh Xà Biến Dị,pet_2024VIPXiangLiuSheSiJi01,Rare,,,,,
36299,Thực Cốt Minh Xà Bảo Bảo,pet_2024VIPXiangLiuSheJi,Child,,,,,
36300,Thực Cốt Minh Xà Trưởng Thành,pet_2024VIPXiangLiuSheJi,Wild,,,,,
36301,Thực Cốt Minh Xà Biến Dị,pet_2024VIPXiangLiuSheErJi,Rare,,,,,
36302,Thực Cốt Minh Xà Biến Dị,pet_2024VIPXiangLiuSheErJi01,Rare,,,,,
36303,Thực Cốt Minh Xà Biến Dị,pet_2024VIPXiangLiuSheSanJi01,Rare,,,,,
36304,Thực Cốt Minh Xà Biến Dị,pet_2024VIPXiangLiuSheSanJi,Rare,,,,,
36305,Thực Cốt Minh Xà Biến Dị,pet_2024VIPXiangLiuSheSiJi,Rare,,,,,
36306,Thực Cốt Minh Xà Biến Dị,pet_2024VIPXiangLiuSheSiJi01,Rare,,,,,
36307,Thực Cốt Minh Xà Biến Dị,pet_2024VIPXiangLiuSheWuJi01,Rare,,,,,
36309,Thực Cốt Minh Xà Bảo Bảo,pet_2024VIPXiangLiuSheJi,Child,,,,,
36310,Thực Cốt Minh Xà Trưởng Thành,pet_2024VIPXiangLiuSheJi,Wild,,,,,
36311,Thực Cốt Minh Xà Biến Dị,pet_2024VIPXiangLiuSheErJi,Rare,,,,,
36312,Thực Cốt Minh Xà Biến Dị,pet_2024VIPXiangLiuSheErJi01,Rare,,,,,
36313,Thực Cốt Minh Xà Biến Dị,pet_2024VIPXiangLiuSheSanJi01,Rare,,,,,
36314,Thực Cốt Minh Xà Biến Dị,pet_2024VIPXiangLiuSheSanJi,Rare,,,,,
36315,Thực Cốt Minh Xà Biến Dị,pet_2024VIPXiangLiuSheSiJi,Rare,,,,,
36316,Thực Cốt Minh Xà Biến Dị,pet_2024VIPXiangLiuSheSiJi01,Rare,,,,,
36317,Thực Cốt Minh Xà Biến Dị,pet_2024VIPXiangLiuSheWuJi01,Rare,,,,,
36318,Thực Cốt Minh Xà Biến Dị,pet_2024VIPXiangLiuSheWuJi,Rare,,,,,
36319,Thực Cốt Minh Xà Bảo Bảo,pet_2024VIPXiangLiuSheJi,Child,,,,,
36320,Linh Vu Nguyệt Thần Trưởng Thành,pet_2025YueShenJi,Wild,,,,,
36321,Linh Vu Nguyệt Thần Biến Dị,pet_2025YueShenErJi01,Rare,,,,,
36322,Linh Vu Nguyệt Thần Biến Dị,pet_2025YueShenErJi,Rare,,,,,
36329,Linh Vu Nguyệt Thần Bảo Bảo,pet_2025YueShenJi,Child,,,,,
36330,Linh Vu Nguyệt Thần Trưởng Thành,pet_2025YueShenJi,Wild,,,,,
36331,Linh Vu Nguyệt Thần Biến Dị,pet_2025YueShenErJi01,Rare,,,,,
36332,Linh Vu Nguyệt Thần Biến Dị,pet_2025YueShenErJi,Rare,,,,,
36333,Linh Vu Nguyệt Thần Biến Dị,pet_2025YueShenSanJi01,Rare,,,,,
36339,Linh Vu Nguyệt Thần Bảo Bảo,pet_2025YueShenJi,Child,,,,,
36340,Linh Vu Nguyệt Thần Trưởng Thành,pet_2025YueShenJi,Wild,,,,,
36341,Linh Vu Nguyệt Thần Biến Dị,pet_2025YueShenErJi01,Rare,,,,,
36342,Linh Vu Nguyệt Thần Biến Dị,pet_2025YueShenErJi,Rare,,,,,
36343,Linh Vu Nguyệt Thần Biến Dị,pet_2025YueShenSanJi01,Rare,,,,,
36344,Linh Vu Nguyệt Thần Biến Dị,pet_2025YueShenSanJi,Rare,,,,,
36349,Linh Vu Nguyệt Thần Bảo Bảo,pet_2025YueShenJi,Child,,,,,
36350,Linh Vu Nguyệt Thần Trưởng Thành,pet_2025YueShenJi,Wild,,,,,
36351,Linh Vu Nguyệt Thần Biến Dị,pet_2025YueShenErJi01,Rare,,,,,
36352,Linh Vu Nguyệt Thần Biến Dị,pet_2025YueShenErJi,Rare,,,,,
36353,Linh Vu Nguyệt Thần Biến Dị,pet_2025YueShenSanJi01,Rare,,,,,
36354,Linh Vu Nguyệt Thần Biến Dị,pet_2025YueShenSanJi,Rare,,,,,
36355,Linh Vu Nguyệt Thần Biến Dị,pet_2025YueShenSiJi,Rare,,,,,
36359,Linh Vu Nguyệt Thần Bảo Bảo,pet_2025YueShenJi,Child,,,,,
36360,Linh Vu Nguyệt Thần Trưởng Thành,pet_2025YueShenJi,Wild,,,,,
36361,Linh Vu Nguyệt Thần Biến Dị,pet_2025YueShenErJi01,Rare,,,,,
36362,Linh Vu Nguyệt Thần Biến Dị,pet_2025YueShenErJi,Rare,,,,,
36363,Linh Vu Nguyệt Thần Biến Dị,pet_2025YueShenSanJi01,Rare,,,,,
36364,Linh Vu Nguyệt Thần Biến Dị,pet_2025YueShenSanJi,Rare,,,,,
36365,Linh Vu Nguyệt Thần Biến Dị,pet_2025YueShenSiJi,Rare,,,,,
36366,Linh Vu Nguyệt Thần Biến Dị,pet_2025YueShenSiJi01,Rare,,,,,
36369,Linh Vu Nguyệt Thần Bảo Bảo,pet_2025YueShenJi,Child,,,,,
36370,Linh Vu Nguyệt Thần Trưởng Thành,pet_2025YueShenJi,Wild,,,,,
36371,Linh Vu Nguyệt Thần Biến Dị,pet_2025YueShenErJi01,Rare,,,,,
36372,Linh Vu Nguyệt Thần Biến Dị,pet_2025YueShenErJi,Rare,,,,,
36373,Linh Vu Nguyệt Thần Biến Dị,pet_2025YueShenSanJi01,Rare,,,,,
36374,Linh Vu Nguyệt Thần Biến Dị,pet_2025YueShenSanJi,Rare,,,,,
36375,Linh Vu Nguyệt Thần Biến Dị,pet_2025YueShenSiJi,Rare,,,,,
36376,Linh Vu Nguyệt Thần Biến Dị,pet_2025YueShenSiJi01,Rare,,,,,
36377,Linh Vu Nguyệt Thần Biến Dị,pet_2025YueShenWuJi01,Rare,,,,,
36379,Linh Vu Nguyệt Thần Bảo Bảo,pet_2025YueShenJi,Child,,,,,
36380,Linh Vu Nguyệt Thần Trưởng Thành,pet_2025YueShenJi,Wild,,,,,
36381,Linh Vu Nguyệt Thần Biến Dị,pet_2025YueShenErJi01,Rare,,,,,
36382,Linh Vu Nguyệt Thần Biến Dị,pet_2025YueShenErJi,Rare,,,,,
36383,Linh Vu Nguyệt Thần Biến Dị,pet_2025YueShenSanJi01,Rare,,,,,
36384,Linh Vu Nguyệt Thần Biến Dị,pet_2025YueShenSanJi,Rare,,,,,
36385,Linh Vu Nguyệt Thần Biến Dị,pet_2025YueShenSiJi,Rare,,,,,
36386,Linh Vu Nguyệt Thần Biến Dị,pet_2025YueShenSiJi01,Rare,,,,,
36387,Linh Vu Nguyệt Thần Biến Dị,pet_2025YueShenWuJi01,Rare,,,,,
36388,Linh Vu Nguyệt Thần Biến Dị,pet_2025YueShenWuJi02,Rare,,,,,
36389,Linh Vu Nguyệt Thần Bảo Bảo,pet_2025YueShenJi,Child,,,,,
36390,Cửu Thiên Thần Hoàng Trưởng Thành,pet_2025FengHuangJi,Wild,,,,,
36391,Cửu Thiên Thần Hoàng Biến Dị,pet_2025FengHuangErJi01,Rare,,,,,
36392,Cửu Thiên Thần Hoàng Biến Dị,pet_2025FengHuangErJi,Rare,,,,,
36399,Cửu Thiên Thần Hoàng Bảo Bảo,pet_2025FengHuangJi,Child,,,,,
36400,Cửu Thiên Thần Hoàng Trưởng Thành,pet_2025FengHuangJi,Wild,,,,,
36401,Cửu Thiên Thần Hoàng Biến Dị,pet_2025FengHuangErJi01,Rare,,,,,
36402,Cửu Thiên Thần Hoàng Biến Dị,pet_2025FengHuangErJi,Rare,,,,,
36403,Cửu Thiên Thần Hoàng Biến Dị,pet_2025FengHuangSanJi01,Rare,,,,,
36409,Cửu Thiên Thần Hoàng Bảo Bảo,pet_2025FengHuangJi,Child,,,,,
36410,Cửu Thiên Thần Hoàng Trưởng Thành,pet_2025FengHuangJi,Wild,,,,,
36411,Cửu Thiên Thần Hoàng Biến Dị,pet_2025FengHuangErJi01,Rare,,,,,
36412,Cửu Thiên Thần Hoàng Biến Dị,pet_2025FengHuangErJi,Rare,,,,,
36413,Cửu Thiên Thần Hoàng Biến Dị,pet_2025FengHuangSanJi01,Rare,,,,,
36414,Cửu Thiên Thần Hoàng Biến Dị,pet_2025FengHuangSanJi,Rare,,,,,
36419,Cửu Thiên Thần Hoàng Bảo Bảo,pet_2025FengHuangJi,Child,,,,,
36420,Cửu Thiên Thần Hoàng Trưởng Thành,pet_2025FengHuangJi,Wild,,,,,
36421,Cửu Thiên Thần Hoàng Biến Dị,pet_2025FengHuangErJi01,Rare,,,,,
36422,Cửu Thiên Thần Hoàng Biến Dị,pet_2025FengHuangErJi,Rare,,,,,
36423,Cửu Thiên Thần Hoàng Biến Dị,pet_2025FengHuangSanJi01,Rare,,,,,
36424,Cửu Thiên Thần Hoàng Biến Dị,pet_2025FengHuangSanJi,Rare,,,,,
36425,Cửu Thiên Thần Hoàng Biến Dị,pet_2025FengHuangSiJi01,Rare,,,,,
36429,Cửu Thiên Thần Hoàng Bảo Bảo,pet_2025FengHuangJi,Child,,,,,
36430,Cửu Thiên Thần Hoàng Trưởng Thành,pet_2025FengHuangJi,Wild,,,,,
36431,Cửu Thiên Thần Hoàng Biến Dị,pet_2025FengHuangErJi01,Rare,,,,,
36432,Cửu Thiên Thần Hoàng Biến Dị,pet_2025FengHuangErJi,Rare,,,,,
36433,Cửu Thiên Thần Hoàng Biến Dị,pet_2025FengHuangSanJi01,Rare,,,,,
36434,Cửu Thiên Thần Hoàng Biến Dị,pet_2025FengHuangSanJi,Rare,,,,,
36435,Cửu Thiên Thần Hoàng Biến Dị,pet_2025FengHuangSiJi01,Rare,,,,,
36436,Cửu Thiên Thần Hoàng Biến Dị,pet_2025FengHuangSiJi,Rare,,,,,
36439,Cửu Thiên Thần Hoàng Bảo Bảo,pet_2025FengHuangJi,Child,,,,,
36440,Cửu Thiên Thần Hoàng Trưởng Thành,pet_2025FengHuangJi,Wild,,,,,
36441,Cửu Thiên Thần Hoàng Biến Dị,pet_2025FengHuangErJi01,Rare,,,,,
36442,Cửu Thiên Thần Hoàng Biến Dị,pet_2025FengHuangErJi,Rare,,,,,
36443,Cửu Thiên Thần Hoàng Biến Dị,pet_2025FengHuangSanJi01,Rare,,,,,
36444,Cửu Thiên Thần Hoàng Biến Dị,pet_2025FengHuangSanJi,Rare,,,,,
36445,Cửu Thiên Thần Hoàng Biến Dị,pet_2025FengHuangSiJi01,Rare,,,,,
36446,Cửu Thiên Thần Hoàng Biến Dị,pet_2025FengHuangSiJi,Rare,,,,,
36447,Cửu Thiên Thần Hoàng Biến Dị,pet_2025FengHuangWuJi,Rare,,,,,
36449,Cửu Thiên Thần Hoàng Bảo Bảo,pet_2025FengHuangJi,Child,,,,,
36450,Cửu Thiên Thần Hoàng Trưởng Thành,pet_2025FengHuangJi,Wild,,,,,
36451,Cửu Thiên Thần Hoàng Biến Dị,pet_2025FengHuangErJi01,Rare,,,,,
36452,Cửu Thiên Thần Hoàng Biến Dị,pet_2025FengHuangErJi,Rare,,,,,
36453,Cửu Thiên Thần Hoàng Biến Dị,pet_2025FengHuangSanJi01,Rare,,,,,
36454,Cửu Thiên Thần Hoàng Biến Dị,pet_2025FengHuangSanJi,Rare,,,,,
36455,Cửu Thiên Thần Hoàng Biến Dị,pet_2025FengHuangSiJi01,Rare,,,,,
36456,Cửu Thiên Thần Hoàng Biến Dị,pet_2025FengHuangSiJi,Rare,,,,,
36457,Cửu Thiên Thần Hoàng Biến Dị,pet_2025FengHuangWuJi,Rare,,,,,
36458,Cửu Thiên Thần Hoàng Biến Dị,pet_2025FengHuangWuJi01,Rare,,,,,
36459,Cửu Thiên Thần Hoàng Bảo Bảo,pet_2025FengHuangJi,Child,,,,,
31468,Thần Long Mãng,ZhenShou121218ZuanShiVIPShe8,Rare,,,,,
31469,Thần Long Cát Tường Miêu,MoJingMao8a,Rare,,,,,
31470,Thần Long Ngọc Thố,ZhenShou20110803QiXiJieTuZi9a,Rare,,,,,
31471,Tiểu Long Thần Biến Dị,ZhenShou20111125ShengDanJieLongBaoBao9,Rare,,,,,
31472,Tiểu Long Thần Biến Dị,ZhenShou20111125ShengDanJieLongBaoBao9,Rare,,,,,
318110,Huyền Nữ Vương Xà Trưởng Thành,ZhenShou20130614MeiNuShe1,Wild,,,,,
318111,Huyền Nữ Vương Xà Biến Dị,ZhenShou20130614MeiNuShe2,Rare,,,,,
318112,Huyền Nữ Vương Xà Biến Dị,ZhenShou20130614MeiNuShe3,Rare,,,,,
318113,Huyền Nữ Vương Xà Biến Dị,ZhenShou20130614MeiNuShe5,Rare,,,,,
318114,Huyền Nữ Vương Xà Biến Dị,ZhenShou20130614MeiNuShe4,Rare,,,,,
318115,Huyền Nữ Vương Xà Biến Dị,ZhenShou20130614MeiNuShe7,Rare,,,,,
318116,Huyền Nữ Vương Xà Biến Dị,ZhenShou20130614MeiNuShe8,Rare,,,,,
318117,Huyền Nữ Vương Xà Biến Dị,ZhenShou20130614MeiNuShe9,Rare,,,,,
318118,Huyền Nữ Vương Xà Biến Dị,ZhenShou20130614MeiNuShe6,Rare,,,,,
318119,Huyền Nữ Vương Xà Bảo Bảo,ZhenShou20130614MeiNuShe1,Child,,,,,
31473,Oa Hoàng Long Đế,ZhenShou160927JueXingLongMang2,Rare,,,,,
31474,Oa Hoàng Long Quân,ZhenShou160927JueXingLongMang2,Rare,,,,,
31475,Oa Hoàng Long Tướng,ZhenShou160927JueXingLongMang2,Rare,,,,,
31476,Long Tam Thái Tử Biến Dị,ZhenShou160309TaiZiLong08,Rare,,,,,
31477,Long Tam Thái Tử Biến Dị,ZhenShou160309TaiZiLong09,Rare,,,,,
31478,Thiên Mệnh Huyền Phượng Biến Dị,ZhenShou161112ZuanShiVIPFengHuang09,Rare,,,,,
31479,Thiên Mệnh Huyền Phượng Biến Dị,ZhenShou161112ZuanShiVIPFengHuang08,Rare,,,,,
327060,Tý Trưởng Thành,ZhenShou20110928YanShuBaoBao1,Wild,,,,,
327061,Tý Biến Dị,ZhenShou20110928YanShuBaoBao2,Rare,,,,,
327062,Tý Biến Dị,ZhenShou20110928YanShuBaoBao3,Rare,,,,,
327063,Tý Biến Dị,ZhenShou20110928YanShuBaoBao4,Rare,,,,,
327064,Tý Biến Dị,ZhenShou20110928YanShuBaoBao5,Rare,,,,,
327065,Tý Biến Dị,ZhenShou20110928YanShuBaoBao6,Rare,,,,,
327066,Tý Biến Dị,ZhenShou20110928YanShuBaoBao7,Rare,,,,,
327067,Tý Biến Dị,ZhenShou20110928YanShuBaoBao8,Rare,,,,,
327068,Tý Biến Dị,ZhenShou20110928YanShuBaoBao9,Rare,,,,,
327069,Tý Bảo Bảo,ZhenShou20110928YanShuBaoBao1,Child,,,,,
327960,Sửu Trưởng Thành,ZhenShouMaoMaoNiu1,Wild,,,,,
327961,Sửu Biến Dị,ZhenShouMaoMaoNiu2,Rare,,,,,
327962,Sửu Biến Dị,ZhenShouMaoMaoNiu3,Rare,,,,,
327963,Sửu Biến Dị,ZhenShouMaoMaoNiu4,Rare,,,,,
327964,Sửu Biến Dị,ZhenShouMaoMaoNiu5,Rare,,,,,
327965,Sửu Biến Dị,ZhenShouMaoMaoNiu6,Rare,,,,,
327966,Sửu Biến Dị,ZhenShouMaoMaoNiu7,Rare,,,,,
327967,Sửu Biến Dị,ZhenShouMaoMaoNiu8,Rare,,,,,
327968,Sửu Biến Dị,ZhenShouMaoMaoNiu9,Rare,,,,,
327969,Sửu Bảo Bảo,ZhenShouMaoMaoNiu1,Child,,,,,
323240,Dần Trưởng Thành,ZhenShouChunJieZhenQiHu1,Wild,,,,,
323241,Dần Biến Dị,ZhenShouChunJieZhenQiHu2,Rare,,,,,
323242,Dần Biến Dị,ZhenShouChunJieZhenQiHu3,Rare,,,,,
323243,Dần Biến Dị,ZhenShouChunJieZhenQiHu4,Rare,,,,,
323244,Dần Biến Dị,ZhenShouChunJieZhenQiHu5,Rare,,,,,
323245,Dần Biến Dị,ZhenShouChunJieZhenQiHu6,Rare,,,,,
323246,Dần Biến Dị,ZhenShouChunJieZhenQiHu7,Rare,,,,,
323247,Dần Biến Dị,ZhenShouChunJieZhenQiHu8,Rare,,,,,
323248,Dần Biến Dị,ZhenShouChunJieZhenQiHu9,Rare,,,,,
323249,Dần Bảo Bảo,ZhenShouChunJieZhenQiHu1,Child,,,,,
324570,Mão Trưởng Thành,ZhenShougoZi1,Wild,,,,,
324571,Mão Biến Dị,ZhenShougoZi2,Rare,,,,,
324572,Mão Biến Dị,ZhenShougoZi3,Rare,,,,,
324573,Mão Biến Dị,ZhenShougoZi4,Rare,,,,,
324574,Mão Biến Dị,ZhenShougoZi5,Rare,,,,,
324575,Mão Biến Dị,ZhenShougoZi6,Rare,,,,,
324576,Mão Biến Dị,ZhenShougoZi7,Rare,,,,,
324577,Mão Biến Dị,ZhenShougoZi8,Rare,,,,,
324578,Mão Biến Dị,ZhenShougoZi8,Rare,,,,,
324579,Mão Bảo Bảo,ZhenShougoZi1,Child,,,,,
324940,Thìn Trưởng Thành,ZhenShouZuanShivip20111208Long1,Wild,,,,,
324941,Thìn Biến Dị,ZhenShouZuanShivip20111208Long2,Rare,,,,,
324942,Thìn Biến Dị,ZhenShouZuanShivip20111208Long3,Rare,,,,,
324943,Thìn Biến Dị,ZhenShouZuanShivip20111208Long4,Rare,,,,,
324944,Thìn Biến Dị,ZhenShouZuanShivip20111208Long5,Rare,,,,,
324945,Thìn Biến Dị,ZhenShouZuanShivip20111208Long6,Rare,,,,,
324946,Thìn Biến Dị,ZhenShouZuanShivip20111208Long7,Rare,,,,,
324947,Thìn Biến Dị,ZhenShouZuanShivip20111208Long8,Rare,,,,,
324948,Thìn Biến Dị,ZhenShouZuanShivip20111208Long9,Rare,,,,,
324949,Thìn Bảo Bảo,ZhenShouZuanShivip20111208Long1,Child,,,,,
327620,Tỵ Trưởng Thành,ZhenShou121204vipShe1,Wild,,,,,
327621,Tỵ Biến Dị,ZhenShou121204vipShe2,Rare,,,,,
327622,Tỵ Biến Dị,ZhenShou121204vipShe3,Rare,,,,,
327623,Tỵ Biến Dị,ZhenShou121204vipShe4,Rare,,,,,
327624,Tỵ Biến Dị,ZhenShou121204vipShe5,Rare,,,,,
327625,Tỵ Biến Dị,ZhenShou121204vipShe6,Rare,,,,,
327626,Tỵ Biến Dị,ZhenShou121204vipShe7,Rare,,,,,
327627,Tỵ Biến Dị,ZhenShou121204vipShe8,Rare,,,,,
327628,Tỵ Biến Dị,ZhenShou121204vipShe9,Rare,,,,,
327629,Tỵ Bảo Bảo,ZhenShou121204vipShe1,Child,,,,,
333330,Ngọ Trưởng Thành,HeiSeQiLin,Wild,,,,,
333331,Ngọ Biến Dị,HuangSeQiLin,Rare,,,,,
333332,Ngọ Biến Dị,YuSeQiLin,Rare,,,,,
333333,Ngọ Biến Dị,HongQiLin,Rare,,,,,
333334,Ngọ Biến Dị,BaiQiLin,Rare,,,,,
333335,Ngọ Biến Dị,JinEJinJiaoBaiQiLin,Rare,,,,,
333336,Ngọ Biến Dị,JinEJinJiaoHuoZhuaBaiQiLin,Rare,,,,,
333337,Ngọ Biến Dị,JinEJinJiaoBingZhuaBingYanBaiQiLin,Rare,,,,,
333338,Ngọ Biến Dị,BingQiLin,Rare,,,,,
333339,Ngọ Bảo Bảo,HeiSeQiLin,Child,,,,,
328600,Mùi Trưởng Thành,ZhenShou141020ZuanShivipShenYangRen01,Wild,,,,,
328601,Mùi Biến Dị,ZhenShou141020ZuanShivipShenYangRen02,Rare,,,,,
328602,Mùi Biến Dị,ZhenShou141020ZuanShivipShenYangRen03,Rare,,,,,
328603,Mùi Biến Dị,ZhenShou141020ZuanShivipShenYangRen04,Rare,,,,,
328604,Mùi Biến Dị,ZhenShou141020ZuanShivipShenYangRen05,Rare,,,,,
328605,Mùi Biến Dị,ZhenShou141020ZuanShivipShenYangRen06,Rare,,,,,
328606,Mùi Biến Dị,ZhenShou141020ZuanShivipShenYangRen07,Rare,,,,,
328607,Mùi Biến Dị,ZhenShou141020ZuanShivipShenYangRen08,Rare,,,,,
328608,Mùi Biến Dị,ZhenShou141020ZuanShivipShenYangRen09,Rare,,,,,
328609,Mùi Bảo Bảo,ZhenShou141020ZuanShivipShenYangRen01,Child,,,,,
330030,Thân Trưởng Thành,ZhenShou150811HouZi01,Wild,,,,,
330031,Thân Biến Dị,ZhenShou150811HouZi02,Rare,,,,,
330032,Thân Biến Dị,ZhenShou150811HouZi03,Rare,,,,,
330033,Thân Biến Dị,ZhenShou150811HouZi04,Rare,,,,,
330034,Thân Biến Dị,ZhenShou150811HouZi05,Rare,,,,,
330035,Thân Biến Dị,ZhenShou150811HouZi06,Rare,,,,,
330036,Thân Biến Dị,ZhenShou150811HouZi07,Rare,,,,,
330037,Thân Biến Dị,ZhenShou150811HouZi08,Rare,,,,,
330038,Thân Biến Dị,ZhenShou150811HouZi09,Rare,,,,,
330039,Thân Bảo Bảo,ZhenShou150811HouZi01,Child,,,,,
331370,Dậu Trưởng Thành,ZhenShou180324DanDanJi01,Wild,,,,,
331371,Dậu Biến Dị,ZhenShou180324DanDanJi05,Rare,,,,,
331372,Dậu Biến Dị,ZhenShou180324DanDanJi03,Rare,,,,,
331373,Dậu Biến Dị,ZhenShou180324DanDanJi06,Rare,,,,,
331374,Dậu Biến Dị,ZhenShou180324DanDanJi02,Rare,,,,,
331375,Dậu Biến Dị,ZhenShou180324DanDanJi07,Rare,,,,,
331376,Dậu Biến Dị,ZhenShou180324DanDanJi04,Rare,,,,,
331377,Dậu Biến Dị,ZhenShou180324DanDanJi08,Rare,,,,,
331378,Dậu Biến Dị,ZhenShou180324DanDanJi09,Rare,,,,,
331379,Dậu Bảo Bảo,ZhenShou180324DanDanJi01,Child,,,,,
331290,Tuất Trưởng Thành,ZhenShou171008vipGou01,Wild,,,,,
331291,Dị Biến Tuất,ZhenShou171008vipGou02,Rare,,,,,
331292,Dị Biến Tuất,ZhenShou171008vipGou03,Rare,,,,,
331293,Dị Biến Tuất,ZhenShou171008vipGou04,Rare,,,,,
331294,Dị Biến Tuất,ZhenShou171008vipGou05,Rare,,,,,
331295,Dị Biến Tuất,ZhenShou171008vipGou06,Rare,,,,,
331296,Dị Biến Tuất,ZhenShou171008vipGou07,Rare,,,,,
331297,Dị Biến Tuất,ZhenShou171008vipGou08,Rare,,,,,
331298,Dị Biến Tuất,ZhenShou171008vipGou09,Rare,,,,,
331299,Tuất Bảo Bảo,ZhenShou171008vipGou01,Child,,,,,
338620,Hợi Trưởng Thành,ZhenShouHuanLeZhu,Wild,,,,,
338621,Hợi Biến Dị,ZhenShouHuanLeZhu1,Rare,,,,,
338622,Hợi Biến Dị,ZhenShouHuanLeZhu2,Rare,,,,,
338623,Hợi Biến Dị,ZhenShouHuanLeZhu3,Rare,,,,,
338624,Hợi Biến Dị,ZhenShouHuanLeZhu4,Rare,,,,,
338625,Hợi Biến Dị,ZhenShouHuanLeZhu5,Rare,,,,,
338626,Hợi Biến Dị,ZhenShouHuanLeZhu6,Rare,,,,,
338627,Hợi Biến Dị,ZhenShouHuanLeZhu7,Rare,,,,,
338628,Hợi Biến Dị,ZhenShouHuanLeZhu8,Rare,,,,,
338629,Hợi Bảo Bảo,ZhenShouHuanLeZhu,Child,,,,,
