ID,Name,ResName,Type,Level,SkillID,Quality
1,Phiêu Phiêu Áp,HuangYa,,,,
2,Phiêu Phiêu Thố,BaiTu,,,,
3,Thố,BaiTu,,,,
4,Thố,FenHongTu,,,,
5,Thố Tử,BaiTu,,,,
6,Yến Tử,HeiYanZi,,,,
7,Yến Tử,FenHongYanZi,,,,
8,Yến Tử,HeiYanZi,,,,
9,Quy,HeSeGui,,,,
10,Quy,LuHeGui,,,,
11,Quy,HeSeGui,,,,
12,Cẩu Tử,TuHuangGou,,,,
13,Cẩu Tử,HuiSeGou,,,,
14,Cẩu Tử,TuHuangGou,,,,
15,Nhím,HeSeCiWei,,,,
16,Nhím,HeiSeCiWei,,,,
17,Nhím,HeSeCiWei,,,,
18,Hầu Tử,DanHuangHouZi,,,,
19,Hầu Tử,DanQingHouZi,,,,
20,Hầu Tử,DanHuangHouZi,,,,
21,Tùng Thử,HuiSeSongShu,,,,
22,Tùng Thử,DanLanSeSongShu,,,,
23,Tùng Thử,BaiSeHeiWeiSongShu,,,,
24,Tùng Thử,HuiSeSongShu,,,,
25,Hoán Hùng,DanHeWanXiong,,,,
26,Hoán Hùng,DanHuangWanXiong,,,,
27,Hoán Hùng,DanQingWanXiong,,,,
28,Hoán Hùng,DanHeWanXiong,,,,
29,Anh Vũ,LanSeYingWu,,,,
30,Anh Vũ,HongSeYingWu,,,,
31,Anh Vũ,HuangSeYingWu,,,,
32,Anh Vũ,LanSeYingWu,,,,
33,Tích Dịch,QingSeXiYi,,,,
34,Tích Dịch,BaiSeBanDianXiYi,,,,
35,Tích Dịch,JinSeXiYi,,,,
36,Tích Dịch,QingSeXiYi,,,,
37,Biên Bức,HeiSeBianFu,,,,
38,Biên Bức,ChiHongBianFu,,,,
39,Biên Bức,BaiSeBianFu,,,,
40,Biên Bức,HeiSeBianFu,,,,
41,Đường Lang,LuSeDaTangLang,,,,
42,Đường Lang,LanSeDaTangLang,,,,
43,Đường Lang,FenSeDaTangLang,,,,
44,Đường Lang,LuSeDaTangLang,,,,
45,Ngạc Ngư,LuSeChongWuEYu,,,,
46,Ngạc Ngư,QingSeChongWuEYu,,,,
47,Ngạc Ngư,HeSeChongWuEYu,,,,
48,Ngạc Ngư,LuSeChongWuEYu,,,,
49,Miêu Đầu Ưng,HeSeBaiTouMaoTouYing,,,,
50,Miêu Đầu Ưng,HuangWenHeiDianBanDianBaiTouMaoTouYing,,,,
51,Miêu Đầu Ưng,FenSeQingTouMaoTouYing,,,,
52,Miêu Đầu Ưng,LanSeZiTouMaoTouYing,,,,
53,Miêu Đầu Ưng,HeSeBaiTouMaoTouYing,,,,
54,Chồn,ZongHuan,,,,
55,Chồn,BaiHuan,,,,
56,Chồn,ZiHuan,,,,
57,Chồn,QingHuan,,,,
58,Chồn,ZongHuan,,,,
59,Hổ,ChengSeChongWuHu,,,,
60,Hổ,LanSeChongWuHu,,,,
61,Hổ,BaiSeChongWuHu,,,,
62,Hổ,HeiSeChongWuHu,,,,
63,Hổ,ChengSeChongWuHu,,,,
64,Dã Trư,DanHuangYeZhu,,,,
65,Dã Trư,HuangMaoQingBanYeZhu,,,,
66,Dã Trư,DanHongYeZhu,,,,
67,Dã Trư,BaiSeChiZuYeZhu,,,,
68,Dã Trư,DanHuangYeZhu,,,,
69,Băng Tằm,BaiSeBingTian,,,,
70,Băng Tằm,BaiSeHuangBanBingTian,,,,
71,Băng Tằm,BaiSeHongBanBingTian,,,,
72,Băng Tằm,YinSeBingTian,,,,
73,Băng Tằm,YinSeZiBanBingTian,,,,
74,Băng Tằm,BaiSeBingTian,,,,
75,Ưng,HeSeBaiTouYing,,,,
76,Ưng,HuangWenHeiDianBanDianBaiYing,,,,
77,Ưng,FenSeQingTouYing,,,,
78,Ưng,QuanShenYinSeDeYing,,,,
79,Ưng,YinWenJinTouYing,,,,
80,Ưng,HeSeBaiTouYing,,,,
81,Đà Điểu,ZongShenBaiJingTuoNiao,,,,
82,Đà Điểu,LanShenBaiJingTuoNiao,,,,
83,Đà Điểu,FenShenBaiJingTuoNiao,,,,
84,Đà Điểu,HeiShenBaiJingTuoNiao,,,,
85,Đà Điểu,LuShenBaiJingTuoNiao,,,,
86,Đà Điểu,ZongShenBaiJingTuoNiao,,,,
87,Báo,ChengSeChongWuBao,,,,
88,Báo,ZiSeChongWuBao,,,,
89,Báo,BaiSeChongWuBao,,,,
90,Báo,HeiSeChongWuBao,,,,
91,Báo,HongSeChongWuBao,,,,
92,Báo,ChengSeChongWuBao,,,,
93,Bắc Cực Hùng,BaiSeBeiJiXiong,,,,
94,Bắc Cực Hùng,LanSeBeiJiXiong,,,,
95,Bắc Cực Hùng,GuiZiSeBeiJiXiong,,,,
96,Bắc Cực Hùng,TaiBaiSeBeiJiXiong,,,,
97,Bắc Cực Hùng,HeiZiSeBeiJiXiong,,,,
98,Bắc Cực Hùng,FenSeBeiJiXiong,,,,
99,Bắc Cực Hùng,BaiSeBeiJiXiong,,,,
100,Khổng Tước,LuSeKongQue,,,,
101,Khổng Tước,BaiSeKongQue,,,,
102,Khổng Tước,QingSeKongQue,,,,
103,Khổng Tước,FenSeKongQue,,,,
104,Khổng Tước,BaiSeHongWenKongQue,,,,
105,Khổng Tước,BaiSeLuWenKongQue,,,,
106,Khổng Tước,LuSeKongQue,,,,
107,Kiếm Xỉ Hổ,HuangSeJianChiHu,,,,
108,Kiếm Xỉ Hổ,LanSeJianChiHu,,,,
109,Kiếm Xỉ Hổ,FenSeJianChiHu,,,,
110,Kiếm Xỉ Hổ,HuiSeJianChiHu,,,,
111,Kiếm Xỉ Hổ,HeiSeJianChiHu,,,,
112,Kiếm Xỉ Hổ,BaiSeJianChiHu,,,,
113,Kiếm Xỉ Hổ,HuangSeJianChiHu,,,,
114,Tinh Tinh,HeiSeDaXingXing,,,,
115,Tinh Tinh,HuangSeDaXingXing,,,,
116,Tinh Tinh,LanSeDaXingXing,,,,
117,Tinh Tinh,ZiSeDaXingXing,,,,
118,Tinh Tinh,HongMaoDaXingXing,,,,
119,Tinh Tinh,HuangMaoBaiGuanDaXingXing,,,,
120,Tinh Tinh,HeiSeDaXingXing,,,,
121,Tê Ngưu,HuiSeXiNiu,,,,
122,Tê Ngưu,ZongHuangXiNiu,,,,
123,Tê Ngưu,QingSeZaHeiXiNiu,,,,
124,Tê Ngưu,DanJieZiBanXiNiu,,,,
125,Tê Ngưu,BaiXiNiu,,,,
126,Tê Ngưu,JinEJinJiaoBaiXiNiu,,,,
127,Tê Ngưu,JinEHuoJiaoHeiXiNiu,,,,
128,Tê Ngưu,HuiSeXiNiu,,,,
129,Tuyết Điêu,BaiSeXueDiao,,,,
130,Tuyết Điêu,BaiSeHeiBanXueDiao,,,,
131,Tuyết Điêu,BaiHeiTiaoWenXueDiao,,,,
132,Tuyết Điêu,FenHongXueDiao,,,,
133,Tuyết Điêu,DanZiSeXueDiao,,,,
134,Tuyết Điêu,JinSeXueDiao,,,,
135,Tuyết Điêu,LanSeXueDiao,,,,
136,Tuyết Điêu,BaiSeXueDiao,,,,
137,Long Kiếm,HuangSeJianLong,,,,
138,Long Kiếm,LanSeJianLong,,,,
139,Long Kiếm,HongSeJianLong,,,,
140,Long Kiếm,HongSeHuangBanJianLong,,,,
141,Long Kiếm,HongSeZiBanJianLong,,,,
142,Long Kiếm,LanSeJieBanJianLong,,,,
143,Long Kiếm,ZiSeLuBanJianLong,,,,
144,Long Kiếm,HuangSeJianLong,,,,
145,Bác Mã,DanHuangSeBoMa,,,,
146,Bác Mã,DanHuangHeiTiHeiJiaoBoMa,,,,
147,Bác Mã,ChunBaiBoMa,,,,
148,Bác Mã,ChunBaiHeiTiHeiJiaoBoMa,,,,
149,Bác Mã,HeiSeBoMa,,,,
150,Bác Mã,HeiSeHongTiHongJiaoBoMa,,,,
151,Bác Mã,HeiSeZongMaoBoMa,,,,
152,Bác Mã,DanHuangSeBoMa,,,,
153,Sồ Phụng,DanHeHuangNiao,,,,
154,Sồ Phụng,DanHuangHuangNiao,,,,
155,Sồ Phụng,DanQingHuangNiao,,,,
156,Sồ Phụng,FenHongHuangNiao,,,,
157,Sồ Phụng,BaiHuangNiao,,,,
158,Sồ Phụng,HeiBaiXiangJianHuangNiao,,,,
159,Sồ Phụng,HuoZhuaBaiHuangNiao,,,,
160,Sồ Phụng,HuoZhuaHuoYanHuangNiao,,,,
161,Sồ Phụng,DanHeHuangNiao,,,,
162,Niên Thú,DanHuangSeNianShou,,,,
163,Niên Thú,TuHuangSeNianShou,,,,
164,Niên Thú,TuHuangHongBanNianShou,,,,
165,Niên Thú,HongSeNianShou,,,,
166,Niên Thú,DanLanNianShou,,,,
167,Niên Thú,DanLanZiBanNianShou,,,,
168,Niên Thú,ZiSeNianShou,,,,
169,Niên Thú,ZiSeJinZhuaNianShou,,,,
170,Niên Thú,DanHuangSeNianShou,,,,
171,Long Quy,HeSeKeDanHuangSeLongGui,,,,
172,Long Quy,ShenHeSeKeZongHuangLongGui,,,,
173,Long Quy,QingKeHeiLongGui,,,,
174,Long Quy,ZiKeDanJieHuangLongGui,,,,
175,Long Quy,BaiLongGui,,,,
176,Long Quy,JinKeBaiLongGui,,,,
177,Long Quy,JinKeHuoJiaoBaiLongGui,,,,
178,Long Quy,JinKeBingJiaoBaiLongGui,,,,
179,Long Quy,HeSeKeDanHuangSeLongGui,,,,
180,Anh Chiêu,DanHuangSeYingZhao,,,,
181,Anh Chiêu,ZongHuangYingZhao,,,,
182,Anh Chiêu,QingSeYingZhao,,,,
183,Anh Chiêu,QingSeHeiBanYingZhao,,,,
184,Anh Chiêu,BaiYingZhao,,,,
185,Anh Chiêu,BaiSeJinBanYingZhao,,,,
186,Anh Chiêu,YinSeHuoTiYingZhao,,,,
187,Anh Chiêu,JinSeBingTiYingZhao,,,,
188,Anh Chiêu,DanHuangSeYingZhao,,,,
189,Kỳ Lân,HeiSeQiLin,,,,
190,Kỳ Lân,HuangSeQiLin,,,,
191,Kỳ Lân,YuSeQiLin,,,,
192,Kỳ Lân,HongQiLin,,,,
193,Kỳ Lân,BaiQiLin,,,,
194,Kỳ Lân,JinEJinJiaoBaiQiLin,,,,
195,Kỳ Lân,JinEJinJiaoHuoZhuaBaiQiLin,,,,
196,Kỳ Lân,JinEJinJiaoBingZhuaBingYanBaiQiLin,,,,
197,Kỳ Lân,BingQiLin,,,,
198,Kỳ Lân,HeiSeQiLin,,,,
199,Giao Long,HuangLong,,,,
200,Giao Long,BaiLong,,,,
201,Giao Long,JinEJinJiaoBaiLong,,,,
202,Giao Long,QingLong,,,,
203,Giao Long,ChiLong,,,,
204,Giao Long,HeiLong,,,,
205,Giao Long,JinEJinJiaoHuoZhuaBaiLong,,,,
206,Giao Long,JinEJinJiaoHuoZhuaHuoYanBaiLong,,,,
207,Giao Long,HuoLong,,,,
208,Giao Long,HuangLong,,,,
209,Sài Miêu,HuangSeChaiMao,,,,
210,Sài Miêu,BaiMao,,,,
211,Sài Miêu,FenSeChaiMao,,,,
212,Sài Miêu,HuangSeChaiMao,,,,
213,Kê,HuangYuHeiLingGongJi,,,,
214,Kê,HuoHongYuMaoGongJi,,,,
215,Kê,FenYuHeiLingGongJi,,,,
216,Kê,HuangYuHeiLingGongJi,,,,
217,Áp Tử,HuangYa,,,,
218,Áp Tử,HuiYa,,,,
219,Áp Tử,LanHuiYa,,,,
220,Áp Tử,HuangYa,,,,
221,Kỹ Gia Dương,JiJiaYang,,,,
222,Kỹ Gia Dương,HeiSeShanYang,,,,
223,Kỹ Gia Dương,ZiSeShanYang,,,,
224,Kỹ Gia Dương,JiJiaYang,,,,
225,Mao Lư,HuiMaoLu,,,,
226,Mao Lư,HeiMaoLu,,,,
227,Mao Lư,HeiPiBaiDuPiMaoLu,,,,
228,Mao Lư,HuiMaoLu,,,,
229,Nga,BaiE,,,,
230,Nga,BaiYuHeiLingE,,,,
231,Nga,JinYuE,,,,
232,Nga,BaiE,,,,
233,Bá Vương Long,QingSeBaWangLong,,,,
234,Bá Vương Long,HuangSeBaWangLong,,,,
235,Bá Vương Long,HongSeBaWangLong,,,,
236,Bá Vương Long,QingSeBaWangLong,,,,
237,Xí Nga,HeiBaiQiE,,,,
238,Xí Nga,LanBaiQiE,,,,
239,Xí Nga,FenBaiQiE,,,,
240,Xí Nga,HeiBaiQiE,,,,
241,Đại Thử,ZongHuangSeDaiShu,,,,
242,Đại Thử,LanSeDaiShu,,,,
243,Đại Thử,FenSeDaiShu,,,,
244,Đại Thử,ZongHuangSeDaiShu,,,,
245,Áp Chủy Thú,YaZuiShou,,,,
246,Áp Chủy Thú,YaZuiShou1,,,,
247,Áp Chủy Thú,YaZuiShou2,,,,
248,Áp Chủy Thú,YaZuiShou,,,,
249,Trư,FenHongSeZhu,,,,
250,Trư,HeiSeZhu,,,,
251,Trư,FenHongSeZhu,,,,
252,Thanh Oa,LuSeQingWa,,,,
253,Thanh Oa,LanSeQingWa,,,,
254,Thanh Oa,LuSeQingWa,,,,
255,Tiểu Tượng,HuiSeHeiBanXiang,,,,
256,Tiểu Tượng,HuiSeXiaoXiang,,,,
257,Tiểu Tượng,BaiSeXiaoXiang,,,,
258,Tiểu Tượng,QingSeXiaoXiang,,,,
259,Tiểu Tượng,FenHongXiaoXiang,,,,
260,Tiểu Tượng,HuiSeHeiBanXiang,,,,
261,Tuyết Hồ,BaiSeBaiHu,,,,
262,Tuyết Hồ,BaiSeBaiHu,,,,
263,Tuyết Hồ,BaiSeBaiHu,,,,
264,Lang,HuiSeChongWuLang,,,,
265,Lang,ZongSeChongWuLang,,,,
266,Lang,ZiSeChongWuLang,,,,
267,Lang,HuiSeChongWuLang,,,,
268,Long,HuangLong,,,,
269,Long,BaiLong,,,,
270,Long,JinEJinJiaoBaiLong,,,,
271,Long,QingLong,,,,
272,Long,ChiLong,,,,
273,Long,HeiLong,,,,
274,Long,HuangLong,,,,
275,Long Miêu,HuiSeLongMao,,,,
276,Long Miêu,LanSeLongMao,,,,
277,Long Miêu,HuiSeLongMao,,,,
278,Cường Long Miêu,HuiSeLongMao,,,,
279,Cường Long Miêu,LanSeLongMao,,,,
280,Cường Long Miêu,HuiSeLongMao,,,,
281,Trân Long Miêu,HuiSeLongMao,,,,
282,Trân Long Miêu,LanSeLongMao,,,,
283,Trân Long Miêu,HuiSeLongMao,,,,
284,Siêu Long Miêu,HuiSeLongMao,,,,
285,Siêu Long Miêu,LanSeLongMao,,,,
286,Siêu Long Miêu,HuiSeLongMao,,,,
287,Thần Long Miêu,HuiSeLongMao,,,,
288,Thần Long Miêu,LanSeLongMao,,,,
289,Thần Long Miêu,HuiSeLongMao,,,,
290,Mặc Kính Miêu,MoJingMao1,,,,
291,Mặc Kính Miêu,MoJingMao2,,,,
292,Mặc Kính Miêu,MoJingMao3,,,,
293,Mặc Kính Miêu,MoJingMao1,,,,
294,Lưu Hành Miêu,MoJingMao1,,,,
295,Lưu Hành Miêu,MoJingMao2,,,,
296,Lưu Hành Miêu,MoJingMao3,,,,
297,Lưu Hành Miêu,MoJingMao4,,,,
298,Lưu Hành Miêu,MoJingMao1,,,,
299,Thời Thượng Miêu,MoJingMao1,,,,
300,Thời Thượng Miêu,MoJingMao2,,,,
301,Thời Thượng Miêu,MoJingMao3,,,,
302,Thời Thượng Miêu,MoJingMao4,,,,
303,Thời Thượng Miêu,MoJingMao5,,,,
304,Thời Thượng Miêu,MoJingMao1,,,,
305,Ngẫu Tượng Miêu,MoJingMao1,,,,
306,Ngẫu Tượng Miêu,MoJingMao2,,,,
307,Ngẫu Tượng Miêu,MoJingMao3,,,,
308,Ngẫu Tượng Miêu,MoJingMao4,,,,
309,Ngẫu Tượng Miêu,MoJingMao5,,,,
310,Ngẫu Tượng Miêu,MoJingMao6,,,,
311,Ngẫu Tượng Miêu,MoJingMao1,,,,
312,Quán Quân Miêu,MoJingMao1,,,,
313,Quán Quân Miêu,MoJingMao2,,,,
314,Quán Quân Miêu,MoJingMao3,,,,
315,Quán Quân Miêu,MoJingMao4,,,,
316,Quán Quân Miêu,MoJingMao5,,,,
317,Quán Quân Miêu,MoJingMao6,,,,
318,Quán Quân Miêu,MoJingMao7,,,,
319,Quán Quân Miêu,MoJingMao1,,,,
320,Tê Điểu,HeiSeXiNiao,,,,
321,Tê Điểu,LuSeXiNiao,,,,
322,Tê Điểu,HeiSeXiNiao,,,,
323,Linh Tê Điểu,HeiSeXiNiao,,,,
324,Linh Tê Điểu,LuSeXiNiao,,,,
325,Linh Tê Điểu,HeiSeXiNiao,,,,
326,Trân Tê Điểu,HeiSeXiNiao,,,,
327,Trân Tê Điểu,LuSeXiNiao,,,,
328,Trân Tê Điểu,HeiSeXiNiao,,,,
329,Siêu Tê Điểu,HeiSeXiNiao,,,,
330,Siêu Tê Điểu,LuSeXiNiao,,,,
331,Siêu Tê Điểu,HeiSeXiNiao,,,,
332,Thần Tê Điểu,HeiSeXiNiao,,,,
333,Thần Tê Điểu,LuSeXiNiao,,,,
334,Thần Tê Điểu,HeiSeXiNiao,,,,
335,Hùng Miêu,LanBaiXiongMao,,,,
336,Hùng Miêu,HongBaiXiongMao,,,,
337,Hùng Miêu,LanBaiXiongMao,,,,
338,Cường Hùng Miêu,LanBaiXiongMao,,,,
339,Cường Hùng Miêu,HongBaiXiongMao,,,,
340,Cường Hùng Miêu,LanBaiXiongMao,,,,
341,Trân Hùng Miêu,LanBaiXiongMao,,,,
342,Trân Hùng Miêu,HongBaiXiongMao,,,,
343,Trân Hùng Miêu,LanBaiXiongMao,,,,
344,Siêu Hùng Miêu,LanBaiXiongMao,,,,
345,Siêu Hùng Miêu,HongBaiXiongMao,,,,
346,Siêu Hùng Miêu,LanBaiXiongMao,,,,
347,Thần Hùng Miêu,LanBaiXiongMao,,,,
348,Thần Hùng Miêu,HongBaiXiongMao,,,,
349,Thần Hùng Miêu,LanBaiXiongMao,,,,
350,Bàng Giải,LuChongWuPangXie,,,,
351,Bàng Giải,HongChongWuPangXie,,,,
352,Bàng Giải,LuChongWuPangXie,,,,
353,Thanh Giải,LuChongWuPangXie,,,,
354,Thanh Giải,HongChongWuPangXie,,,,
355,Thanh Giải,LuChongWuPangXie,,,,
356,Đại Áp Giải,LuChongWuPangXie,,,,
357,Đại Áp Giải,HongChongWuPangXie,,,,
358,Đại Áp Giải,LuChongWuPangXie,,,,
359,Triều Hành Giải,LuChongWuPangXie,,,,
360,Triều Hành Giải,HongChongWuPangXie,,,,
361,Triều Hành Giải,LuChongWuPangXie,,,,
362,Nhung Ngao Giải,LuChongWuPangXie,,,,
363,Nhung Ngao Giải,HongChongWuPangXie,,,,
364,Nhung Ngao Giải,LuChongWuPangXie,,,,
365,Phấn Điệp,HuangSeChongWuHuDie,,,,
366,Phấn Điệp,LanSeChongWuHuDie,,,,
367,Phấn Điệp,HuangSeChongWuHuDie,,,,
368,Ban Điệp,HuangSeChongWuHuDie,,,,
369,Ban Điệp,LanSeChongWuHuDie,,,,
370,Ban Điệp,HuangSeChongWuHuDie,,,,
371,Quyên Điệp,HuangSeChongWuHuDie,,,,
372,Quyên Điệp,LanSeChongWuHuDie,,,,
373,Quyên Điệp,HuangSeChongWuHuDie,,,,
374,Hoàn Điệp,HuangSeChongWuHuDie,,,,
375,Hoàn Điệp,LanSeChongWuHuDie,,,,
376,Hoàn Điệp,HuangSeChongWuHuDie,,,,
377,Vĩ Điệp,HuangSeChongWuHuDie,,,,
378,Vĩ Điệp,LanSeChongWuHuDie,,,,
379,Vĩ Điệp,HuangSeChongWuHuDie,,,,
380,Oa Ngưu,HuangChongWuGuaNiu,,,,
381,Oa Ngưu,LanChongWuGuaNiu,,,,
382,Oa Ngưu,HuangChongWuGuaNiu,,,,
383,Tráng Oa Ngưu,HuangChongWuGuaNiu,,,,
384,Tráng Oa Ngưu,LanChongWuGuaNiu,,,,
385,Tráng Oa Ngưu,HuangChongWuGuaNiu,,,,
386,Trân Oa Ngưu,HuangChongWuGuaNiu,,,,
387,Trân Oa Ngưu,LanChongWuGuaNiu,,,,
388,Trân Oa Ngưu,HuangChongWuGuaNiu,,,,
389,Siêu Oa Ngưu,HuangChongWuGuaNiu,,,,
390,Siêu Oa Ngưu,LanChongWuGuaNiu,,,,
391,Siêu Oa Ngưu,HuangChongWuGuaNiu,,,,
392,Thần Oa Ngưu,HuangChongWuGuaNiu,,,,
393,Thần Oa Ngưu,LanChongWuGuaNiu,,,,
394,Thần Oa Ngưu,HuangChongWuGuaNiu,,,,
395,Độc Hạt,HuangSeChongWuHeZi,,,,
396,Độc Hạt,ZiSeChongWuHeZi,,,,
397,Độc Hạt,HuangSeChongWuHeZi,,,,
398,Linh Hạt,HuangSeChongWuHeZi,,,,
399,Linh Hạt,ZiSeChongWuHeZi,,,,
400,Linh Hạt,HuangSeChongWuHeZi,,,,
401,Trân Hạt,HuangSeChongWuHeZi,,,,
402,Trân Hạt,ZiSeChongWuHeZi,,,,
403,Trân Hạt,HuangSeChongWuHeZi,,,,
404,Thiên Hạt,HuangSeChongWuHeZi,,,,
405,Thiên Hạt,ZiSeChongWuHeZi,,,,
406,Thiên Hạt,HuangSeChongWuHeZi,,,,
407,Ma Hạt,HuangSeChongWuHeZi,,,,
408,Ma Hạt,ZiSeChongWuHeZi,,,,
409,Ma Hạt,HuangSeChongWuHeZi,,,,
410,Tiểu Mô,HeSeChongWuChuanShanJia,,,,
411,Tiểu Mô,ZiSeChongWuChuanShanJia,,,,
412,Tiểu Mô,HeSeChongWuChuanShanJia,,,,
413,Tráng Mô,HeSeChongWuChuanShanJia,,,,
414,Tráng Mô,ZiSeChongWuChuanShanJia,,,,
415,Tráng Mô,HeSeChongWuChuanShanJia,,,,
416,Trân Mô,HeSeChongWuChuanShanJia,,,,
417,Trân Mô,ZiSeChongWuChuanShanJia,,,,
418,Trân Mô,HeSeChongWuChuanShanJia,,,,
419,Thánh Mô,HeSeChongWuChuanShanJia,,,,
420,Thánh Mô,ZiSeChongWuChuanShanJia,,,,
421,Thánh Mô,HeSeChongWuChuanShanJia,,,,
422,Thần Mô,HeSeChongWuChuanShanJia,,,,
423,Thần Mô,ZiSeChongWuChuanShanJia,,,,
424,Thần Mô,HeSeChongWuChuanShanJia,,,,
425,Giáp Trùng,LuSeChongWuDaJiaChong,,,,
426,Giáp Trùng,JinSeChongWuDaJiaChong,,,,
427,Giáp Trùng,LuSeChongWuDaJiaChong,,,,
428,Cường Giáp Trùng,LuSeChongWuDaJiaChong,,,,
429,Cường Giáp Trùng,JinSeChongWuDaJiaChong,,,,
430,Cường Giáp Trùng,LuSeChongWuDaJiaChong,,,,
431,Trân Giáp Trùng,LuSeChongWuDaJiaChong,,,,
432,Trân Giáp Trùng,JinSeChongWuDaJiaChong,,,,
433,Trân Giáp Trùng,LuSeChongWuDaJiaChong,,,,
434,Thánh Giáp Trùng,LuSeChongWuDaJiaChong,,,,
435,Thánh Giáp Trùng,JinSeChongWuDaJiaChong,,,,
436,Thánh Giáp Trùng,LuSeChongWuDaJiaChong,,,,
437,Thần Giáp Trùng,LuSeChongWuDaJiaChong,,,,
438,Thần Giáp Trùng,JinSeChongWuDaJiaChong,,,,
439,Thần Giáp Trùng,LuSeChongWuDaJiaChong,,,,
440,Đương Hổ,LanSeChongWuDangHu,,,,
441,Đương Hổ,HongSeChongWuDangHu,,,,
442,Đương Hổ,LanSeChongWuDangHu,,,,
443,Linh Đương Hổ,LanSeChongWuDangHu,,,,
444,Linh Đương Hổ,HongSeChongWuDangHu,,,,
445,Linh Đương Hổ,LanSeChongWuDangHu,,,,
446,Trân Đương Hổ,LanSeChongWuDangHu,,,,
447,Trân Đương Hổ,HongSeChongWuDangHu,,,,
448,Trân Đương Hổ,LanSeChongWuDangHu,,,,
449,Thánh Đương Hổ,LanSeChongWuDangHu,,,,
450,Thánh Đương Hổ,HongSeChongWuDangHu,,,,
451,Thánh Đương Hổ,LanSeChongWuDangHu,,,,
452,Thần Đương Hổ,LanSeChongWuDangHu,,,,
453,Thần Đương Hổ,HongSeChongWuDangHu,,,,
454,Thần Đương Hổ,LanSeChongWuDangHu,,,,
455,Thần Xí Nga,QiEWangHei,,,,
456,Thần Xí Nga,QiEWangLu,,,,
457,Thần Xí Nga,QiEWangLan,,,,
458,Thần Xí Nga,QiEWangBai,,,,
459,Thần Xí Nga,QiEWangHong,,,,
460,Thần Xí Nga,QiEWangZi,,,,
461,Thần Xí Nga,QiEWangHei,,,,
462,Quai Xí Nga,HeiBaiQiE,,,,
463,Quai Xí Nga,LanBaiQiE,,,,
464,Quai Xí Nga,FenBaiQiE,,,,
465,Quai Xí Nga,HeiBaiQiE,,,,
466,Linh Xí Nga,HeiBaiQiE,,,,
467,Linh Xí Nga,LanBaiQiE,,,,
468,Linh Xí Nga,FenBaiQiE,,,,
469,Linh Xí Nga,HeiBaiQiE,,,,
470,Thánh Xí Nga,HeiBaiQiE,,,,
471,Thánh Xí Nga,LanBaiQiE,,,,
472,Thánh Xí Nga,FenBaiQiE,,,,
473,Thánh Xí Nga,HeiBaiQiE,,,,
474,Hỏa Tông Thử,DaJiaoLangShou,,,,
475,Hỏa Tông Thử,DaJiaoLangShouShen1,,,,
476,Hỏa Tông Thử,DaJiaoLangShouShen2,,,,
477,Hỏa Tông Thử,DaJiaoLangShouShen3,,,,
478,Hỏa Tông Thử,DaJiaoLangShouShen4,,,,
479,Hỏa Tông Thử,DaJiaoLangShou,,,,
480,Viêm Hỏa Tông Thử,DaJiaoLangShou,,,,
481,Viêm Hỏa Tông Thử,DaJiaoLangShouShen1,,,,
482,Viêm Hỏa Tông Thử,DaJiaoLangShouShen2,,,,
483,Viêm Hỏa Tông Thử,DaJiaoLangShouShen3,,,,
484,Viêm Hỏa Tông Thử,DaJiaoLangShouShen4,,,,
485,Viêm Hỏa Tông Thử,DaJiaoLangShouShen5,,,,
486,Viêm Hỏa Tông Thử,DaJiaoLangShouShen6,,,,
487,Viêm Hỏa Tông Thử,DaJiaoLangShou,,,,
488,Huyền Dực Thú,NiaoRen,,,,
489,Huyền Dực Thú,NiaoRen1,,,,
490,Huyền Dực Thú,NiaoRen2,,,,
491,Huyền Dực Thú,NiaoRen3,,,,
492,Huyền Dực Thú,NiaoRen4,,,,
493,Huyền Dực Thú,NiaoRen5,,,,
494,Huyền Dực Thú,NiaoRen,,,,
495,Xuy Huyền Dực Thú,NiaoRen,,,,
496,Xuy Huyền Dực Thú,NiaoRen1,,,,
497,Xuy Huyền Dực Thú,NiaoRen2,,,,
498,Xuy Huyền Dực Thú,NiaoRen3,,,,
499,Xuy Huyền Dực Thú,NiaoRen4,,,,
500,Xuy Huyền Dực Thú,NiaoRen5,,,,
501,Xuy Huyền Dực Thú,NiaoRen6,,,,
502,Xuy Huyền Dực Thú,NiaoRen,,,,
503,Ngọc Thố,YuTu,,,,
504,Ngọc Thố,YuTu1,,,,
505,Ngọc Thố,YuTu2,,,,
506,Ngọc Thố,YuTu,,,,
507,Hạo Nguyệt Ngọc Thố,YuTu,,,,
508,Hạo Nguyệt Ngọc Thố,YuTu1,,,,
509,Hạo Nguyệt Ngọc Thố,YuTu2,,,,
510,Hạo Nguyệt Ngọc Thố,YuTu3,,,,
511,Hạo Nguyệt Ngọc Thố,YuTu,,,,
512,Thiềm Cung Ngọc Thố,YuTu,,,,
513,Thiềm Cung Ngọc Thố,YuTu1,,,,
514,Thiềm Cung Ngọc Thố,YuTu2,,,,
515,Thiềm Cung Ngọc Thố,YuTu3,,,,
516,Thiềm Cung Ngọc Thố,YuTu4,,,,
517,Thiềm Cung Ngọc Thố,YuTu,,,,
518,Hằng Nga Ngọc Thố,YuTu,,,,
519,Hằng Nga Ngọc Thố,YuTu1,,,,
520,Hằng Nga Ngọc Thố,YuTu2,,,,
521,Hằng Nga Ngọc Thố,YuTu3,,,,
522,Hằng Nga Ngọc Thố,YuTu4,,,,
523,Hằng Nga Ngọc Thố,YuTu5,,,,
524,Hằng Nga Ngọc Thố,YuTu,,,,
525,Tiêm Nha Bạo Long,QingSeBaWangLong,,,,
526,Tiêm Nha Bạo Long,HuangSeBaWangLong,,,,
527,Tiêm Nha Bạo Long,ZiHongSeBaWangLong,,,,
528,Tiêm Nha Bạo Long,LanSeBanDianBaWangLong,,,,
529,Tiêm Nha Bạo Long,QingSeBaWangLong,,,,
530,Lợi Nha Bạo Long,QingSeBaWangLong,,,,
531,Lợi Nha Bạo Long,HuangSeBaWangLong,,,,
532,Lợi Nha Bạo Long,ZiHongSeBaWangLong,,,,
533,Lợi Nha Bạo Long,LanSeBanDianBaWangLong,,,,
534,Lợi Nha Bạo Long,HongSeBaWangLong,,,,
535,Lợi Nha Bạo Long,QingSeBaWangLong,,,,
536,Cang Nha Bạo Long Trường Thành,QingSeBaWangLong,,,,
537,Cang Nha Bạo Long,HuangSeBaWangLong,,,,
538,Cang Nha Bạo Long,ZiHongSeBaWangLong,,,,
539,Cang Nha Bạo Long,LanSeBanDianBaWangLong,,,,
540,Cang Nha Bạo Long,HongSeBaWangLong,,,,
541,Cang Nha Bạo Long,ZiSeBanDianBaWangLong,,,,
542,Cang Nha Bạo Long,QingSeBaWangLong,,,,
543,Huyết Nha Bạo Long,QingSeBaWangLong,,,,
544,Huyết Nha Bạo Long,HuangSeBaWangLong,,,,
545,Huyết Nha Bạo Long,ZiHongSeBaWangLong,,,,
546,Huyết Nha Bạo Long,LanSeBanDianBaWangLong,,,,
547,Huyết Nha Bạo Long,HongSeBaWangLong,,,,
548,Huyết Nha Bạo Long,ZiSeBanDianBaWangLong,,,,
549,Huyết Nha Bạo Long,MoLuSeBanDianBaWangLong,,,,
550,Huyết Nha Bạo Long,QingSeBaWangLong,,,,
551,Áp Chủy Thú,YaZuiShou3,,,,
552,Áp Chủy Thú,YaZuiShou4,,,,
553,Áp Chủy Thú,YaZuiShou5,,,,
554,Áp Chủy Thú,YaZuiShou6,,,,
555,Áp Chủy Thú,YaZuiShou7,,,,
556,Tuyết Hồ,DanHuangTiaoWenWeiBaiHu,,,,
557,Long Miêu,LongMao,,,,
558,Long Miêu,LongMao1,,,,
559,Long Miêu,LongMao2,,,,
560,Long Miêu,LongMao,,,,
561,Long Miêu,LongMao3,,,,
562,Long Miêu,LongMao4,,,,
563,Long Miêu,LongMao5,,,,
564,Long Miêu,LongMao6,,,,
565,Long Miêu,LongMao7,,,,
566,Hùng Miêu,XiongMao,,,,
567,Hùng Miêu,XiongMao1,,,,
568,Hùng Miêu,XiongMao2,,,,
569,Hùng Miêu,XiongMao,,,,
570,Hùng Miêu,XiongMao3,,,,
571,Hùng Miêu,XiongMao4,,,,
572,Hùng Miêu,XiongMao5,,,,
573,Hùng Miêu,XiongMao6,,,,
574,Hùng Miêu,XiongMao7,,,,
575,Bàng Giải,ChongWuPangXie,,,,
576,Bàng Giải,ChongWuPangXie1,,,,
577,Bàng Giải,ChongWuPangXie2,,,,
578,Bàng Giải,ChongWuPangXie,,,,
579,Bàng Giải,ChongWuPangXie3,,,,
580,Bàng Giải,ChongWuPangXie4,,,,
581,Bàng Giải,ChongWuPangXie5,,,,
582,Bàng Giải,ChongWuPangXie6,,,,
583,Bàng Giải,ChongWuPangXie7,,,,
584,Hồ Điệp,ChongWuHuDie,,,,
585,Hồ Điệp,ChongWuHuDie1,,,,
586,Hồ Điệp,ChongWuHuDie2,,,,
587,Hồ Điệp,ChongWuHuDie,,,,
588,Hồ Điệp,ChongWuHuDie3,,,,
589,Hồ Điệp,ChongWuHuDie4,,,,
590,Hồ Điệp,ChongWuHuDie5,,,,
591,Hồ Điệp,ChongWuHuDie6,,,,
592,Hồ Điệp,ChongWuHuDie7,,,,
593,Hạt Tử,HuangSeChongWuHeZi,,,,
594,Hạt Tử,ZiSeChongWuHeZi,,,,
595,Hạt Tử,HuangSeChongWuHeZi,,,,
596,Xuyên Sơn Giáp,HeSeChongWuChuanShanJia,,,,
597,Xuyên Sơn Giáp,ZiSeChongWuChuanShanJia,,,,
598,Xuyên Sơn Giáp,HeSeChongWuChuanShanJia,,,,
599,Lôi Lân,ChongWuChuanShanJia,,,,
600,Lôi Lân,ChongWuChuanShanJia1,,,,
601,Lôi Lân,ChongWuChuanShanJia2,,,,
602,Lôi Lân,ChongWuChuanShanJia3,,,,
603,Lôi Lân,ChongWuChuanShanJia4,,,,
604,Lôi Lân,ChongWuChuanShanJia5,,,,
605,Lôi Lân,ChongWuChuanShanJia6,,,,
606,Lôi Lân,ChongWuChuanShanJia7,,,,
607,Lôi Lân,ChongWuChuanShanJia,,,,
608,Huyền Giáp Lôi Xà,ChongWuDaJiaChong,,,,
609,Huyền Giáp Lôi Xà,ChongWuDaJiaChong1,,,,
610,Huyền Giáp Lôi Xà,ChongWuDaJiaChong2,,,,
611,Huyền Giáp Lôi Xà,ChongWuDaJiaChong,,,,
612,Huyền Giáp Lôi Xà,ChongWuDaJiaChong3,,,,
613,Huyền Giáp Lôi Xà,ChongWuDaJiaChong4,,,,
614,Huyền Giáp Lôi Xà,ChongWuDaJiaChong5,,,,
615,Huyền Giáp Lôi Xà,ChongWuDaJiaChong6,,,,
616,Huyền Giáp Lôi Xà,ChongWuDaJiaChong7,,,,
617,Đương Hổ,DangHu,,,,
618,Đương Hổ,DangHu1,,,,
619,Đương Hổ,DangHu2,,,,
620,Đương Hổ,DangHu,,,,
621,Đương Hổ,DangHu3,,,,
622,Đương Hổ,DangHu4,,,,
623,Đương Hổ,DangHu5,,,,
624,Đương Hổ,DangHu6,,,,
625,Đương Hổ,DangHu7,,,,
626,Hải Tặc Thử,HaiDaoShu,,,,
627,Hải Tặc Thử,HaiDaoShuLu,,,,
628,Hải Tặc Thử,HaiDaoShuHuLan,,,,
629,Hải Tặc Thử,HaiDaoShu,,,,
630,Hải Tặc Thử,HaiDaoShuGuLan,,,,
631,Hải Tặc Thử,HaiDaoShuZi,,,,
632,Hải Tặc Thử,HaiDaoShuTanHei,,,,
633,Hải Tặc Thử,HaiDaoShuDaHong,,,,
634,Hải Tặc Thử,HaiDaoShuShenHong,,,,
635,Bảo Rương Đồng Tử,BaoXiangTongZi,,,,
636,Bảo Rương Đồng Tử,BaoXiangTongZi1,,,,
637,Bảo Rương Đồng Tử,BaoXiangTongZi2,,,,
638,Bảo Rương Đồng Tử,BaoXiangTongZi,,,,
639,Bảo Rương Đồng Tử,BaoXiangTongZi3,,,,
640,Bảo Rương Đồng Tử,BaoXiangTongZi4,,,,
641,Bảo Rương Đồng Tử,BaoXiangTongZi5,,,,
642,Bảo Rương Đồng Tử,BaoXiangTongZi6,,,,
643,Bảo Rương Đồng Tử,BaoXiangTongZi7,,,,
644,Thụ Đại Hùng,ShuDaiXiong,,,,
645,Thụ Đại Hùng,ShuDaiXiong1,,,,
646,Thụ Đại Hùng,ShuDaiXiong2,,,,
647,Thụ Đại Hùng,ShuDaiXiong,,,,
648,Thụ Đại Hùng,ShuDaiXiong3,,,,
649,Thụ Đại Hùng,ShuDaiXiong4,,,,
650,Thụ Đại Hùng,ShuDaiXiong5,,,,
651,Thụ Đại Hùng,ShuDaiXiong6,,,,
652,Thụ Đại Hùng,ShuDaiXiong7,,,,
653,Hoan Lạc Trư,ZhenShouHuanLeZhu,,,,
654,Hoan Lạc Trư,ZhenShouHuanLeZhu1,,,,
655,Hoan Lạc Trư,ZhenShouHuanLeZhu2,,,,
656,Hoan Lạc Trư,ZhenShouHuanLeZhu,,,,
657,Hoan Lạc Trư,ZhenShouHuanLeZhu3,,,,
658,Hoan Lạc Trư,ZhenShouHuanLeZhu4,,,,
659,Hoan Lạc Trư,ZhenShouHuanLeZhu5,,,,
660,Hoan Lạc Trư,ZhenShouHuanLeZhu6,,,,
661,Hoan Lạc Trư,ZhenShouHuanLeZhu7,,,,
662,Hoan Lạc Trư,ZhenShouHuanLeZhu8,,,,
663,Hỏa Tông Yêu Thử,DaJiaoLangShou,,,,
664,Hỏa Tông Yêu Thử,DaJiaoLangShouShen1,,,,
665,Hỏa Tông Yêu Thử,DaJiaoLangShouShen2,,,,
666,Hỏa Tông Yêu Thử,DaJiaoLangShouShen3,,,,
667,Hỏa Tông Yêu Thử,DaJiaoLangShouShen4,,,,
668,Hỏa Tông Yêu Thử,DaJiaoLangShou,,,,
669,Viêm Hỏa Yêu Thử,DaJiaoLangShou,,,,
670,Viêm Hỏa Yêu Thử,DaJiaoLangShouShen1,,,,
671,Viêm Hỏa Yêu Thử,DaJiaoLangShouShen2,,,,
672,Viêm Hỏa Yêu Thử,DaJiaoLangShouShen3,,,,
673,Viêm Hỏa Yêu Thử,DaJiaoLangShouShen4,,,,
674,Viêm Hỏa Yêu Thử,DaJiaoLangShouShen5,,,,
675,Viêm Hỏa Yêu Thử,DaJiaoLangShouShen6,,,,
676,Viêm Hỏa Yêu Thử,DaJiaoLangShou,,,,
677,Huyền Dực Ma Thú,NiaoRen,,,,
678,Huyền Dực Ma Thú,NiaoRen1,,,,
679,Huyền Dực Ma Thú,NiaoRen2,,,,
680,Huyền Dực Ma Thú,NiaoRen3,,,,
681,Huyền Dực Ma Thú,NiaoRen4,,,,
682,Huyền Dực Ma Thú,NiaoRen5,,,,
683,Huyền Dực Ma Thú,NiaoRen,,,,
684,Xuy Huyền Ma Thú,NiaoRen,,,,
685,Xuy Huyền Ma Thú,NiaoRen1,,,,
686,Xuy Huyền Ma Thú,NiaoRen2,,,,
687,Xuy Huyền Ma Thú,NiaoRen3,,,,
688,Xuy Huyền Ma Thú,NiaoRen4,,,,
689,Xuy Huyền Ma Thú,NiaoRen5,,,,
690,Xuy Huyền Ma Thú,NiaoRen6,,,,
691,Xuy Huyền Ma Thú,NiaoRen,,,,
692,Trân Kỳ Thử,HaiDaoShu,,,,
693,Trân Kỳ Thử,HaiDaoShuLu,,,,
694,Trân Kỳ Thử,HaiDaoShuHuLan,,,,
695,Trân Kỳ Thử,HaiDaoShuGuLan,,,,
696,Trân Kỳ Thử,HaiDaoShuZi,,,,
697,Trân Kỳ Thử,HaiDaoShuTanHei,,,,
698,Trân Kỳ Thử,HaiDaoShu,,,,
699,Cát Tường Miêu,MoJingMao1,,,,
700,Cát Tường Miêu,MoJingMao2,,,,
701,Cát Tường Miêu,MoJingMao3,,,,
702,Cát Tường Miêu,MoJingMao4,,,,
703,Cát Tường Miêu,MoJingMao5,,,,
704,Cát Tường Miêu,MoJingMao6,,,,
705,Cát Tường Miêu,MoJingMao7,,,,
706,Cát Tường Miêu,MoJingMao8,,,,
707,Cát Tường Miêu,MoJingMao1,,,,
708,Ma Nha Bạo Long,QingSeBaWangLong,,,,
709,Ma Nha Bạo Long,HuangSeBaWangLong,,,,
710,Ma Nha Bạo Long,ZiHongSeBaWangLong,,,,
711,Ma Nha Bạo Long,LanSeBanDianBaWangLong,,,,
712,Ma Nha Bạo Long,HongSeBaWangLong,,,,
713,Ma Nha Bạo Long,ZiSeBanDianBaWangLong,,,,
714,Ma Nha Bạo Long,MoLuSeBanDianBaWangLong,,,,
715,Ma Nha Bạo Long,HeiSeBanDianBaWangLong,,,,
716,Ma Nha Bạo Long,QingSeBaWangLong,,,,
717,Đường Trang Thử,ZhenShouTangZhuangShu1,,,,
718,Đường Trang Thử,ZhenShouTangZhuangShu,,,,
719,Đường Trang Thử,ZhenShouTangZhuangShu2,,,,
720,Đường Trang Thử,ZhenShouTangZhuangShu1,,,,
721,Đường Trang Thử,ZhenShouTangZhuangShu3,,,,
722,Đường Trang Thử,ZhenShouTangZhuangShu4,,,,
723,Đường Trang Thử,ZhenShouTangZhuangShu5,,,,
724,Đường Trang Thử,ZhenShouTangZhuangShu6,,,,
725,Đường Trang Thử,ZhenShouTangZhuangShu7,,,,
726,Niên Thú,ZhenShouNianShou1,,,,
727,Niên Thú,ZhenShouNianShou2,,,,
728,Niên Thú,ZhenShouNianShou3,,,,
729,Niên Thú,ZhenShouNianShou1,,,,
730,Niên Thú,ZhenShouNianShou4,,,,
731,Niên Thú,ZhenShouNianShou5,,,,
732,Niên Thú,ZhenShouNianShou6,,,,
733,Niên Thú,ZhenShouNianShou0,,,,
734,Niên Thú,ZhenShouNianShou7,,,,
735,Niên Thú,ZhenShouNianShou8,,,,
736,Uyên Ương,YuanYang,,,,
737,Uyên Ương,YuanYang1,,,,
738,Uyên Ương,YuanYang2,,,,
739,Uyên ương,YuanYang,,,,
740,Uyên Ương,YuanYang3,,,,
741,Uyên Ương,YuanYang4,,,,
742,Uyên Ương,YuanYang5,,,,
743,Uyên Ương,YuanYang6,,,,
744,Uyên Ương,YuanYang7,,,,
745,Cầu Long,JinEJinJiaoBaiLong,,,,
746,Cầu Long,QingLong,,,,
747,Cầu Long,ChiLong,,,,
748,Cầu Long,HeiLong,,,,
749,Cầu Long,JinEJinJiaoHuoZhuaBaiLong,,,,
750,Cầu Long,HuoLong,,,,
751,Cầu Long,JinEJinJiaoBaiLong,,,,
752,Cùng Kỳ,ZhenShouQiongQi,,,,
753,Cùng Kỳ,ZhenShouQiongQi2,,,,
754,Cùng Kỳ,ZhenShouQiongQi3,,,,
755,Cùng Kỳ,ZhenShouQiongQi,,,,
756,Cùng Kỳ,ZhenShouQiongQi4,,,,
757,Cùng Kỳ,ZhenShouQiongQi5,,,,
758,Cùng Kỳ,ZhenShouQiongQi6,,,,
759,Cùng Kỳ,ZhenShouQiongQi7,,,,
760,Cùng Kỳ,ZhenShouQiongQi8,,,,
761,Cùng Kỳ,ZhenShouQiongQi8a,,,,
762,Tiểu Hồ Tiên,ZhenShouBaiHu,,,,
763,Tiểu Hồ Tiên,ZhenShouBaiHu1,,,,
764,Tiểu Hồ Tiên,ZhenShouBaiHu2,,,,
765,Tiểu Hồ Tiên,ZhenShouBaiHu,,,,
766,Tiểu Hồ Tiên,ZhenShouBaiHu3,,,,
767,Tiểu Hồ Tiên,ZhenShouBaiHu4,,,,
768,Tiểu Hồ Tiên,ZhenShouBaiHu5,,,,
769,Tiểu Hồ Tiên,ZhenShouBaiHu6,,,,
770,Tiểu Hồ Tiên,ZhenShouBaiHu7,,,,
771,Tiểu Hồ Tiên,ZhenShouBaiHu7a,,,,
772,Cương Phủ Thần Viên,ZhenShouShangGuShenYuan1,,,,
773,Tùng Lâm Thần Viên,ZhenShouShangGuShenYuan2,,,,
774,Địa Ngục Thần Viên,ZhenShouShangGuShenYuan3,,,,
775,Mị Linh Thần Viên,ZhenShouShangGuShenYuan4,,,,
776,La Hán Thần Viên,ZhenShouShangGuShenYuan5,,,,
777,Thượng Cổ Thần Viên,ZhenShouShangGuShenYuan6,,,,
778,Cầu Long,HuangLong,,,,
779,Cầu Long,BaiLong,,,,
780,Cầu Long,JinEJinJiaoBaiLong,,,,
781,Cầu Long,HuangLong,,,,
782,Bỉ Dực Điểu,ZhenShouBiYiNiao,,,,
783,Bỉ Dực Điểu,ZhenShouBiYiNiao1,,,,
784,Bỉ Dực Điểu,ZhenShouBiYiNiao2,,,,
785,Bỉ Dực Điểu,ZhenShouBiYiNiao,,,,
786,Bỉ Dực Điểu,ZhenShouBiYiNiao3,,,,
787,Bỉ Dực Điểu,ZhenShouBiYiNiao4,,,,
788,Bỉ Dực Điểu,ZhenShouBiYiNiao5,,,,
789,Bỉ Dực Điểu,ZhenShouBiYiNiao6,,,,
790,Bỉ Dực Điểu,ZhenShouBiYiNiao7,,,,
791,Bỉ Dực Điểu,ZhenShouBiYiNiao8,,,,
792,Ngốc Ngốc Ngưu,ZhenShouChunJieNiu1,,,,
793,Ngốc Ngốc Ngưu,ZhenShouChunJieNiu2a,,,,
794,Ngốc Ngốc Ngưu,ZhenShouChunJieNiu3a,,,,
795,Ngốc Ngốc Ngưu,ZhenShouChunJieNiu1,,,,
796,Ngốc Ngốc Ngưu,ZhenShouChunJieNiu6,,,,
797,Ngốc Ngốc Ngưu,ZhenShouChunJieNiu7,,,,
798,Ngốc Ngốc Ngưu,ZhenShouChunJieNiu8a,,,,
799,Ngốc Ngốc Ngưu,ZhenShouChunJieNiu9a,,,,
800,Ngốc Ngốc Ngưu,ZhenShouChunJieNiu5a,,,,
801,Ngốc Ngốc Ngưu,ZhenShouChunJieNiu5,,,,
802,Trân Kỳ Ngưu,ZhenShouChunJieNiu1a,,,,
803,Trân Kỳ Ngưu,ZhenShouChunJieNiu2,,,,
804,Trân Kỳ Ngưu,ZhenShouChunJieNiu3,,,,
805,Trân Kỳ Ngưu,ZhenShouChunJieNiu1a,,,,
806,Trân Kỳ Ngưu,ZhenShouChunJieNiu4a,,,,
807,Trân Kỳ Ngưu,ZhenShouChunJieNiu4,,,,
808,Trân Kỳ Ngưu,ZhenShouChunJieNiu6a,,,,
809,Trân Kỳ Ngưu,ZhenShouChunJieNiu7a,,,,
810,Trân Kỳ Ngưu,ZhenShouChunJieNiu8,,,,
811,Go Tử,ZhenShougoZi1,,,,
812,Go Tử,ZhenShougoZi2,,,,
813,Go Tử,ZhenShougoZi3,,,,
814,Go Tử,ZhenShougoZi1,,,,
815,Go Tử,ZhenShougoZi4,,,,
816,Go Tử,ZhenShougoZi5,,,,
817,Go Tử,ZhenShougoZi6,,,,
818,Go Tử,ZhenShougoZi7,,,,
819,Go Tử,ZhenShougoZi8,,,,
820,Thần Viên,ZhenShouShangGuShenYuan1,,,,
821,Thần Viên,ZhenShouShangGuShenYuan1a,,,,
822,Thần Viên,ZhenShouShangGuShenYuan2,,,,
823,Thần Viên,ZhenShouShangGuShenYuan2a,,,,
824,Thần Viên,ZhenShouShangGuShenYuan3,,,,
825,Thần Viên,ZhenShouShangGuShenYuan4,,,,
826,Thần Viên,ZhenShouShangGuShenYuan5,,,,
827,Thần Viên,ZhenShouShangGuShenYuan1,,,,
828,Thần Viên,ZhenShouShangGuShenYuan6,,,,
829,Nham Hồn,ZhenShouBaoXiangShouWei0,,,,
830,Nham Hồn,ZhenShouBaoXiangShouWei1,,,,
831,Nham Hồn,ZhenShouBaoXiangShouWei2,,,,
832,Nham Hồn,ZhenShouBaoXiangShouWei0,,,,
833,Nham Hồn,ZhenShouBaoXiangShouWei3,,,,
834,Nham Hồn,ZhenShouBaoXiangShouWei4,,,,
835,Nham Hồn,ZhenShouBaoXiangShouWei7,,,,
836,Nham Hồn,ZhenShouBaoXiangShouWei8,,,,
837,Nham Hồn,ZhenShouBaoXiangShouWei5,,,,
838,Nham Hồn,ZhenShouBaoXiangShouWei6,,,,
839,Thất Tịch Uyên Ương,YuanYangFangDaBan,,,,
840,Thất Tịch Uyên Ương,YuanYangFangDaBan1,,,,
841,Thất Tịch Uyên Ương,YuanYangFangDaBan2,,,,
842,Thất Tịch Uyên Ương,YuanYangFangDaBan,,,,
843,Thất Tịch Uyên Ương,YuanYangFangDaBan3,,,,
844,Thất Tịch Uyên Ương,YuanYangFangDaBan4,,,,
845,Thất Tịch Uyên Ương,YuanYangFangDaBan5,,,,
846,Thất Tịch Uyên Ương,YuanYangFangDaBan6,,,,
847,Thất Tịch Uyên Ương,YuanYangFangDaBan7,,,,
848,Phế Sài,ZhenShouShuJingBaoBao0,,,,
849,Phế Sài,ZhenShouShuJingBaoBao1,,,,
850,Phế Sài,ZhenShouShuJingBaoBao2,,,,
851,Phế Sài,ZhenShouShuJingBaoBao0,,,,
852,Phế Sài,ZhenShouShuJingBaoBao3,,,,
853,Phế Sài,ZhenShouShuJingBaoBao4,,,,
854,Phế Sài,ZhenShouShuJingBaoBao5,,,,
855,Phế Sài,ZhenShouShuJingBaoBao6,,,,
856,Phế Sài,ZhenShouShuJingBaoBao7,,,,
857,Phế Sài,ZhenShouShuJingBaoBao8,,,,
858,Linh Thố Thú,ZhenShouLingTuShou0,,,,
859,Linh Thố Thú,ZhenShouLingTuShou1,,,,
860,Linh Thố Thú,ZhenShouLingTuShou2,,,,
861,Linh Thố Thú,ZhenShouLingTuShou0,,,,
862,Linh Thố Thú,ZhenShouLingTuShou3,,,,
863,Linh Thố Thú,ZhenShouLingTuShou4,,,,
864,Linh Thố Thú,ZhenShouLingTuShou5,,,,
865,Linh Thố Thú,ZhenShouLingTuShou6,,,,
866,Linh Thố Thú,ZhenShouLingTuShou7,,,,
867,Linh Thố Thú,ZhenShouLingTuShou8,,,,
868,Chí Tôn Thần Thú,ZhiZunShenShou0,,,,
869,Chí Tôn Thần Thú,ZhiZunShenShou1,,,,
870,Chí Tôn Thần Thú,ZhiZunShenShou2,,,,
871,Chí Tôn Thần Thú,ZhiZunShenShou0,,,,
872,Chí Tôn Thần Thú,ZhiZunShenShou3,,,,
873,Chí Tôn Thần Thú,ZhiZunShenShou4,,,,
874,Chí Tôn Thần Thú,ZhiZunShenShou5,,,,
875,Chí Tôn Thần Thú,ZhiZunShenShou6,,,,
876,Chí Tôn Thần Thú,ZhiZunShenShou7,,,,
877,Chí Tôn Thần Thú,ZhiZunShenShou8,,,,
878,Khải Khải Sư,HuangSeJianChiHu,,,,
879,Khải Khải Sư,LanSeJianChiHu,,,,
880,Khải Khải Sư,FenSeJianChiHu,,,,
881,Khải Khải Sư,HuangSeJianChiHu,,,,
882,Hương Điềm Hỏa Kê,ZhenShou20091027HuoJiBaoBao1,,,,
883,Hương Điềm Hỏa Kê,ZhenShou20091027HuoJiBaoBao2,,,,
884,Hương Điềm Hỏa Kê,ZhenShou20091027HuoJiBaoBao3,,,,
885,Hương Điềm Hỏa Kê,ZhenShou20091027HuoJiBaoBao1,,,,
886,Thố Tiêu Hỏa Kê,ZhenShou20091027HuoJiBaoBao1,,,,
887,Thố Tiêu Hỏa Kê,ZhenShou20091027HuoJiBaoBao2,,,,
888,Thố Tiêu Hỏa Kê,ZhenShou20091027HuoJiBaoBao3,,,,
889,Thố Tiêu Hỏa Kê,ZhenShou20091027HuoJiBaoBao5,,,,
890,Thố Tiêu Hỏa Kê,ZhenShou20091027HuoJiBaoBao1,,,,
891,Ba Gia Hỏa Kê,ZhenShou20091027HuoJiBaoBao1,,,,
892,Ba Gia Hỏa Kê,ZhenShou20091027HuoJiBaoBao2,,,,
893,Ba Gia Hỏa Kê,ZhenShou20091027HuoJiBaoBao3,,,,
894,Ba Gia Hỏa Kê,ZhenShou20091027HuoJiBaoBao5,,,,
895,Ba Gia Hỏa Kê,ZhenShou20091027HuoJiBaoBao4,,,,
896,Ba Gia Hỏa Kê,ZhenShou20091027HuoJiBaoBao1,,,,
897,Lam Môi Hỏa Kê,ZhenShou20091027HuoJiBaoBao1,,,,
898,Lam Môi Hỏa Kê,ZhenShou20091027HuoJiBaoBao2,,,,
899,Lam Môi Hỏa Kê,ZhenShou20091027HuoJiBaoBao3,,,,
900,Lam Môi Hỏa Kê,ZhenShou20091027HuoJiBaoBao5,,,,
901,Lam Môi Hỏa Kê,ZhenShou20091027HuoJiBaoBao4,,,,
902,Lam Môi Hỏa Kê,ZhenShou20091027HuoJiBaoBao8,,,,
903,Lam Môi Hỏa Kê,ZhenShou20091027HuoJiBaoBao1,,,,
904,Toán Nê Hỏa Kê,ZhenShou20091027HuoJiBaoBao1,,,,
905,Toán Nê Hỏa Kê,ZhenShou20091027HuoJiBaoBao2,,,,
906,Toán Nê Hỏa Kê,ZhenShou20091027HuoJiBaoBao3,,,,
907,Toán Nê Hỏa Kê,ZhenShou20091027HuoJiBaoBao5,,,,
908,Toán Nê Hỏa Kê,ZhenShou20091027HuoJiBaoBao4,,,,
909,Toán Nê Hỏa Kê,ZhenShou20091027HuoJiBaoBao8,,,,
910,Toán Nê Hỏa Kê,ZhenShou20091027HuoJiBaoBao9,,,,
911,Toán Nê Hỏa Kê,ZhenShou20091027HuoJiBaoBao1,,,,
912,Già Ly Hỏa Kê,ZhenShou20091027HuoJiBaoBao1,,,,
913,Già Ly Hỏa Kê,ZhenShou20091027HuoJiBaoBao2,,,,
914,Già Ly Hỏa Kê,ZhenShou20091027HuoJiBaoBao3,,,,
915,Già Ly Hỏa Kê,ZhenShou20091027HuoJiBaoBao5,,,,
916,Già Ly Hỏa Kê,ZhenShou20091027HuoJiBaoBao4,,,,
917,Già Ly Hỏa Kê,ZhenShou20091027HuoJiBaoBao8,,,,
918,Già Ly Hỏa Kê,ZhenShou20091027HuoJiBaoBao9,,,,
919,Già Ly Hỏa Kê,ZhenShou20091027HuoJiBaoBao6,,,,
920,Già Ly Hỏa Kê,ZhenShou20091027HuoJiBaoBao1,,,,
921,Nãi Du Hỏa Kê,ZhenShou20091027HuoJiBaoBao1,,,,
922,Nãi Du Hỏa Kê,ZhenShou20091027HuoJiBaoBao2,,,,
923,Nãi Du Hỏa Kê,ZhenShou20091027HuoJiBaoBao3,,,,
924,Nãi Du Hỏa Kê,ZhenShou20091027HuoJiBaoBao5,,,,
925,Nãi Du Hỏa Kê,ZhenShou20091027HuoJiBaoBao4,,,,
926,Nãi Du Hỏa Kê,ZhenShou20091027HuoJiBaoBao8,,,,
927,Nãi Du Hỏa Kê,ZhenShou20091027HuoJiBaoBao9,,,,
928,Nãi Du Hỏa Kê,ZhenShou20091027HuoJiBaoBao6,,,,
929,Nãi Du Hỏa Kê,ZhenShou20091027HuoJiBaoBao7,,,,
930,Nãi Du Hỏa Kê,ZhenShou20091027HuoJiBaoBao1,,,,
931,Sửu Tiểu Áp,HuangYa,,,,
932,Sửu Tiểu Áp,HuangYa,,,,
933,Thần Bí Xí Nga,LanBaiQiE,,,,
934,Thần Bí Uyên Ương,YuanYang1,,,,
935,Thần Bí Niên Thú,ZhenShouNianShou2,,,,
936,Sửu Tiểu Áp,HuangYa,,,,
937,Thần Bí Xí Nga,QiEWangLu,,,,
938,Hoa Tiên Tử,ZhenShou091106RenXingHua1,,,,
939,Hoa Tiên Tử,ZhenShou091106RenXingHua2,,,,
940,Hoa Tiên Tử,ZhenShou091106RenXingHua3,,,,
941,Hoa Tiên Tử,ZhenShou091106RenXingHua1,,,,
942,Hoa Tiên Tử,ZhenShou091106RenXingHua4,,,,
943,Hoa Tiên Tử,ZhenShou091106RenXingHua5,,,,
944,Hoa Tiên Tử,ZhenShou091106RenXingHua6,,,,
945,Hoa Tiên Tử,ZhenShou091106RenXingHua7,,,,
946,Hoa Tiên Tử,ZhenShou091106RenXingHua8,,,,
947,Hoa Tiên Tử,ZhenShou091106RenXingHua9,,,,
948,Tuần Lộc,ZhenShou20091106ShengDanJieXunLuBaoBao1,,,,
949,Tuần Lộc,ZhenShou20091106ShengDanJieXunLuBaoBao2,,,,
950,Tuần Lộc,ZhenShou20091106ShengDanJieXunLuBaoBao3,,,,
951,Tuần Lộc,ZhenShou20091106ShengDanJieXunLuBaoBao1,,,,
952,Tuần Lộc,ZhenShou20091106ShengDanJieXunLuBaoBao7,,,,
953,Tuần Lộc,ZhenShou20091106ShengDanJieXunLuBaoBao8,,,,
954,Tuần Lộc,ZhenShou20091106ShengDanJieXunLuBaoBao9,,,,
955,Tuần Lộc,ZhenShou20091106ShengDanJieXunLuBaoBao4,,,,
956,Tuần Lộc,ZhenShou20091106ShengDanJieXunLuBaoBao5,,,,
957,Tuần Lộc,ZhenShou20091106ShengDanJieXunLuBaoBao6,,,,
958,Trân Kỳ Hổ,ZhenShouChunJieZhenQiHu1,,,,
959,Trân Kỳ Hổ,ZhenShouChunJieZhenQiHu2,,,,
960,Trân Kỳ Hổ,ZhenShouChunJieZhenQiHu3,,,,
961,Trân Kỳ Hổ,ZhenShouChunJieZhenQiHu1,,,,
962,Trân Kỳ Hổ,ZhenShouChunJieZhenQiHu4,,,,
963,Trân Kỳ Hổ,ZhenShouChunJieZhenQiHu5,,,,
964,Trân Kỳ Hổ,ZhenShouChunJieZhenQiHu6,,,,
965,Trân Kỳ Hổ,ZhenShouChunJieZhenQiHu7,,,,
966,Trân Kỳ Hổ,ZhenShouChunJieZhenQiHu8,,,,
967,Trân Kỳ Hổ,ZhenShouChunJieZhenQiHu9,,,,
968,Bố Lão Hổ,ZhenShouChunJieBuLaoHu1,,,,
969,Bố Lão Hổ,ZhenShouChunJieBuLaoHu2,,,,
970,Bố Lão Hổ,ZhenShouChunJieBuLaoHu3,,,,
971,Bố Lão Hổ,ZhenShouChunJieBuLaoHu1,,,,
972,Bố Lão Hổ,ZhenShouChunJieBuLaoHu4,,,,
973,Bố Lão Hổ,ZhenShouChunJieBuLaoHu5,,,,
974,Bố Lão Hổ,ZhenShouChunJieBuLaoHu6,,,,
975,Bố Lão Hổ,ZhenShouChunJieBuLaoHu7,,,,
976,Bố Lão Hổ,ZhenShouChunJieBuLaoHu8,,,,
977,Bố Lão Hổ,ZhenShouChunJieBuLaoHu9,,,,
978,Băng Điêu Long,ZhenShouBingDiaoLong1,,,,
979,Băng Điêu Long,ZhenShouBingDiaoLong2,,,,
980,Băng Điêu Long,ZhenShouBingDiaoLong3,,,,
981,Băng Điêu Long,ZhenShouBingDiaoLong4,,,,
982,Băng Điêu Long,ZhenShouBingDiaoLong5,,,,
983,Băng Điêu Long,ZhenShouBingDiaoLong6,,,,
984,Băng Điêu Long,ZhenShouBingDiaoLong7,,,,
985,Băng Điêu Long,ZhenShouBingDiaoLong8,,,,
986,Băng Điêu Long,ZhenShouBingDiaoLong1,,,,
987,„u Xỉ Long,ZhenShou20100120BaoLongBaoBao1,,,,
988,„u Xỉ Long,ZhenShou20100120BaoLongBaoBao2,,,,
989,„u Xỉ Long,ZhenShou20100120BaoLongBaoBao3,,,,
990,„u Xỉ Long,ZhenShou20100120BaoLongBaoBao1,,,,
991,„u Xỉ Long,ZhenShou20100120BaoLongBaoBao4,,,,
992,„u Xỉ Long,ZhenShou20100120BaoLongBaoBao5,,,,
993,„u Xỉ Long,ZhenShou20100120BaoLongBaoBao6,,,,
994,„u Xỉ Long,ZhenShou20100120BaoLongBaoBao7,,,,
995,„u Xỉ Long,ZhenShou20100120BaoLongBaoBao8,,,,
996,„u Xỉ Long,ZhenShou20100120BaoLongBaoBao9,,,,
997,Hùng Song Hiệp,ZhenShou20090917XiongMao1,,,,
998,Hùng Miêu Song Hiệp Biến Bị,ZhenShou20090917XiongMao2,,,,
999,Hùng Miêu Song Hiệp Biến Bị,ZhenShou20090917XiongMao3,,,,
1000,Hùng Miêu Song Hiệp,ZhenShou20090917XiongMao1,,,,
1001,Hùng Miêu Song Hiệp Biến Bị,ZhenShou20090917XiongMao4,,,,
1002,Hùng Miêu Song Hiệp Biến Bị,ZhenShou20090917XiongMao5,,,,
1003,Hùng Miêu Song Hiệp Biến Bị,ZhenShou20090917XiongMao6,,,,
1004,Hùng Miêu Song Hiệp Biến Bị,ZhenShou20090917XiongMao7,,,,
1005,Hùng Miêu Song Hiệp Biến Bị,ZhenShou20090917XiongMao8,,,,
1006,Hùng Miêu Song Hiệp Biến Bị,ZhenShou20090917XiongMao9,,,,
1007,Chiêu Sài Miêu,HuangSeChaiMao,,,,
1008,Chiêu Sài Miêu,BaiMao,,,,
1009,Chiêu Sài Miêu,FenSeChaiMao,,,,
1010,Chiêu Sài Miêu,HuangSeChaiMao,,,,
1011,Chương Ngư,ZhenShou100412ZhangYu1,,,,
1012,Chương Ngư,ZhenShou100412ZhangYu2,,,,
1013,Chương Ngư,ZhenShou100412ZhangYu3,,,,
1014,Chương Ngư,ZhenShou100412ZhangYu1,,,,
1015,Chương Ngư,ZhenShou100412ZhangYu4,,,,
1016,Chương Ngư,ZhenShou100412ZhangYu5,,,,
1017,Chương Ngư,ZhenShou100412ZhangYu6,,,,
1018,Chương Ngư,ZhenShou100412ZhangYu7,,,,
1019,Chương Ngư,ZhenShou100412ZhangYu8,,,,
1020,Chương Ngư,ZhenShou100412ZhangYu9,,,,
1021,Điệp Luyến Hoa,ZhenShou100510HuaLingShou1,,,,
1022,Điệp Luyến Hoa,ZhenShou100510HuaLingShou2,,,,
1023,Điệp Luyến Hoa,ZhenShou100510HuaLingShou3,,,,
1024,Điệp Luyến Hoa,ZhenShou100510HuaLingShou1,,,,
1025,Điệp Luyến Hoa,ZhenShou100510HuaLingShou4,,,,
1026,Điệp Luyến Hoa,ZhenShou100510HuaLingShou5,,,,
1027,Điệp Luyến Hoa,ZhenShou100510HuaLingShou6,,,,
1028,Điệp Luyến Hoa,ZhenShou100510HuaLingShou7,,,,
1029,Điệp Luyến Hoa,ZhenShou100510HuaLingShou8,,,,
1030,Điệp Luyến Hoa,ZhenShou100510HuaLingShou9,,,,
1031,Khôi Lỗi Lang,ZhenShou100531GuiLeiLang1,,,,
1032,Khôi Lỗi Lang,ZhenShou100531GuiLeiLang2,,,,
1033,Khôi Lỗi Lang,ZhenShou100531GuiLeiLang3,,,,
1034,Khôi Lỗi Lang,ZhenShou100531GuiLeiLang1,,,,
1035,Khôi Lỗi Lang,ZhenShou100531GuiLeiLang4,,,,
1036,Khôi Lỗi Lang,ZhenShou100531GuiLeiLang5,,,,
1037,Khôi Lỗi Lang,ZhenShou100531GuiLeiLang6,,,,
1038,Khôi Lỗi Lang,ZhenShou100531GuiLeiLang7,,,,
1039,Khôi Lỗi Lang,ZhenShou100531GuiLeiLang8,,,,
1040,Khôi Lỗi Lang,ZhenShou100531GuiLeiLang9,,,,
1041,Cương Thi,ZhenShou20101013JiangShi1,,,,
1042,Cương Thi,ZhenShou20101013JiangShi2,,,,
1043,Cương Thi,ZhenShou20101013JiangShi3,,,,
1044,Cương Thi,ZhenShou20101013JiangShi1,,,,
1045,Ngũ Sắc Thần Ngưu,ZhenShou100809WuSeShenNiu1,,,,
1046,Ngũ Sắc Thần Ngưu,ZhenShou100809WuSeShenNiu2,,,,
1047,Ngũ Sắc Thần Ngưu,ZhenShou100809WuSeShenNiu3,,,,
1048,Ngũ Sắc Thần Ngưu,ZhenShou100809WuSeShenNiu1,,,,
1049,Ngũ Sắc Thần Ngưu,ZhenShou100809WuSeShenNiu4,,,,
1050,Ngũ Sắc Thần Ngưu,ZhenShou100809WuSeShenNiu5,,,,
1051,Ngũ Sắc Thần Ngưu,ZhenShou100809WuSeShenNiu6,,,,
1052,Ngũ Sắc Thần Ngưu,ZhenShou100809WuSeShenNiu7,,,,
1053,Ngũ Sắc Thần Ngưu,ZhenShou100809WuSeShenNiu8,,,,
1054,Ngũ Sắc Thần Ngưu,ZhenShou100809WuSeShenNiu9,,,,
1055,Cương Thi,ZhenShou20101013JiangShi4,,,,
1056,Cương Thi,ZhenShou20101013JiangShi7,,,,
1057,Cương Thi,ZhenShou20101013JiangShi6,,,,
1058,Cương Thi,ZhenShou20101013JiangShi5,,,,
1059,Cương Thi,ZhenShou20101013JiangShi8,,,,
1060,Cương Thi,ZhenShou20101013JiangShi9,,,,
1061,U Minh Lang Yêu,ZhenShouJianLangBaoBao1,,,,
1062,U Minh Lang Yêu,ZhenShouJianLangBaoBao2,,,,
1063,U Minh Lang Yêu,ZhenShouJianLangBaoBao3,,,,
1064,U Minh Lang Yêu,ZhenShouJianLangBaoBao1,,,,
1065,U Minh Lang Yêu,ZhenShouJianLangBaoBao4,,,,
1066,U Minh Lang Yêu,ZhenShouJianLangBaoBao5,,,,
1067,U Minh Lang Yêu,ZhenShouJianLangBaoBao6,,,,
1068,U Minh Lang Yêu,ZhenShouJianLangBaoBao7,,,,
1069,U Minh Lang Yêu,ZhenShouJianLangBaoBao9,,,,
1070,U Minh Lang Yêu,ZhenShouJianLangBaoBao8,,,,
1071,Thất Xảo Ly Miêu,ZhenShou101104LiMaoBaoBao1,,,,
1072,Thất Xảo Ly Miêu,ZhenShou101104LiMaoBaoBao2,,,,
1073,Thất Xảo Ly Miêu,ZhenShou101104LiMaoBaoBao3,,,,
1074,Thất Xảo Ly Miêu,ZhenShou101104LiMaoBaoBao1,,,,
1075,Thất Xảo Ly Miêu,ZhenShou101104LiMaoBaoBao4,,,,
1076,Thất Xảo Ly Miêu,ZhenShou101104LiMaoBaoBao5,,,,
1077,Thất Xảo Ly Miêu,ZhenShou101104LiMaoBaoBao6,,,,
1078,Thất Xảo Ly Miêu,ZhenShou101104LiMaoBaoBao7,,,,
1079,Thất Xảo Ly Miêu,ZhenShou101104LiMaoBaoBao8,,,,
1080,Thất Xảo Ly Miêu,ZhenShou101104LiMaoBaoBao9,,,,
1081,Ngọc Loan Phụng,ZhenShou20101210YuLuanFeng1,,,,
1082,Ngọc Loan Phụng,ZhenShou20101210YuLuanFeng2,,,,
1083,Ngọc Loan Phụng,ZhenShou20101210YuLuanFeng3,,,,
1084,Ngọc Loan Phụng,ZhenShou20101210YuLuanFeng1,,,,
1085,Ngọc Loan Phụng,ZhenShou20101210YuLuanFeng4,,,,
1086,Ngọc Loan Phụng,ZhenShou20101210YuLuanFeng5,,,,
1087,Ngọc Loan Phụng,ZhenShou20101210YuLuanFeng6,,,,
1088,Ngọc Loan Phụng,ZhenShou20101210YuLuanFeng7,,,,
1089,Ngọc Loan Phụng,ZhenShou20101210YuLuanFeng8,,,,
1090,Ngọc Loan Phụng,ZhenShou20101210YuLuanFeng9,,,,
1091,Thần Xí Nga,QiEWangJin,,,,
1092,Thần Xí Nga,QiEWangFen,,,,
1093,Thần Xí Nga,QiEWang9,,,,
1094,Linh Thố Song Kiệt,ZhenShou101202TuZi1,,,,
1095,Linh Thố Song Kiệt,ZhenShou101202TuZi2,,,,
1096,Linh Thố Song Kiệt,ZhenShou101202TuZi3,,,,
1097,Linh Thố Song Kiệt,ZhenShou101202TuZi1,,,,
1098,Linh Thố Song Kiệt,ZhenShou101202TuZi4,,,,
1099,Linh Thố Song Kiệt,ZhenShou101202TuZi8,,,,
1100,Linh Thố Song Kiệt,ZhenShou101202TuZi5,,,,
1101,Linh Thố Song Kiệt,ZhenShou101202TuZi7,,,,
1102,Linh Thố Song Kiệt,ZhenShou101202TuZi6,,,,
1103,Linh Thố Song Kiệt,ZhenShou101202TuZi9,,,,
1104,Man Thạch Quái,ZhenShou101028ShiLing1,,,,
1105,Man Thạch Quái,ZhenShou101028ShiLing2,,,,
1106,Man Thạch Quái,ZhenShou101028ShiLing3,,,,
1107,Man Thạch Quái,ZhenShou101028ShiLing1,,,,
1108,Man Thạch Quái,ZhenShou101028ShiLing4,,,,
1109,Man Thạch Quái,ZhenShou101028ShiLing5,,,,
1110,Man Thạch Quái,ZhenShou101028ShiLing6,,,,
1111,Man Thạch Quái,ZhenShou101028ShiLing7,,,,
1112,Man Thạch Quái,ZhenShou101028ShiLing8,,,,
1113,Man Thạch Quái,ZhenShou101028ShiLing9,,,,
1114,Tinh Linh Thố,ZhenShou101203TuZiKeAiBan1,,,,
1115,Tinh Linh Thố,ZhenShou101203TuZiKeAiBan2,,,,
1116,Tinh Linh Thố,ZhenShou101203TuZiKeAiBan3,,,,
1117,Tinh Linh Thố,ZhenShou101203TuZiKeAiBan1,,,,
1118,Tinh Linh Thố,ZhenShou101203TuZiKeAiBan4,,,,
1119,Tinh Linh Thố,ZhenShou101203TuZiKeAiBan5,,,,
1120,Tinh Linh Thố,ZhenShou101203TuZiKeAiBan6,,,,
1121,Tinh Linh Thố,ZhenShou101203TuZiKeAiBan7,,,,
1122,Tinh Linh Thố,ZhenShou101203TuZiKeAiBan8,,,,
1123,Tinh Linh Thố,ZhenShou101203TuZiKeAiBan9,,,,
1124,Cẩm Mao Thử,ZhenShou101217CangShuKeAiBan1,,,,
1125,Cẩm Mao Thử,ZhenShou101217CangShuKeAiBan2,,,,
1126,Cẩm Mao Thử,ZhenShou101217CangShuKeAiBan3,,,,
1127,Cẩm Mao Thử,ZhenShou101217CangShuKeAiBan1,,,,
1128,Cẩm Mao Thử,ZhenShou101217CangShuKeAiBan4,,,,
1129,Cẩm Mao Thử,ZhenShou101217CangShuKeAiBan5,,,,
1130,Cẩm Mao Thử,ZhenShou101217CangShuKeAiBan6,,,,
1131,Cẩm Mao Thử,ZhenShou101217CangShuKeAiBan7,,,,
1132,Cẩm Mao Thử,ZhenShou101217CangShuKeAiBan8,,,,
1133,Cẩm Mao Thử,ZhenShou101217CangShuKeAiBan9,,,,
1134,Đa Ngoạn Hùng,ZhenShou20110128yyXiong1,,,,
1135,Đa Ngoạn Hùng,ZhenShou20110128yyXiong2,,,,
1136,Đa Ngoạn Hùng,ZhenShou20110128yyXiong3,,,,
1137,Đa Ngoạn Hùng,ZhenShou20110128yyXiong1,,,,
1138,Hùng,ZhenShou20110128yyXiong1,,,,
1139,Hùng,ZhenShou20110128yyXiong2,,,,
1140,Hùng,ZhenShou20110128yyXiong3,,,,
1141,Hùng,ZhenShou20110128yyXiong1,,,,
1142,Mão Nhật Tinh,HuangYuHeiLingGongJi,,,,
1143,Mão Nhật Tinh,HuoHongYuMaoGongJi,,,,
1144,Mão Nhật Tinh,FenYuHeiLingGongJi,,,,
1145,Mão Nhật Tinh,HuangYuHeiLingGongJi,,,,
1146,Củng Thiên thỉ,FenHongSeZhu,,,,
1147,Củng Thiên thỉ,HeiSeZhu,,,,
1148,Củng Thiên thỉ,FenHongSeZhu,,,,
1149,Đông Phong Loa,HuangChongWuGuaNiu,,,,
1150,Đông Phong Loa,LanChongWuGuaNiu,,,,
1151,Đông Phong Loa,HuangChongWuGuaNiu,,,,
1152,Tinh Hà Ngọc Thố,ZhenShou20110803QiXiJieTuZi1,,,,
1153,Tinh Hà Ngọc Thố,ZhenShou20110803QiXiJieTuZi2,,,,
1154,Tinh Hà Ngọc Thố,ZhenShou20110803QiXiJieTuZi3,,,,
1155,Tinh Hà Ngọc Thố,ZhenShou20110803QiXiJieTuZi4,,,,
1156,Tinh Hà Ngọc Thố,ZhenShou20110803QiXiJieTuZi5,,,,
1157,Tinh Hà Ngọc Thố,ZhenShou20110803QiXiJieTuZi6,,,,
1158,Tinh Hà Ngọc Thố,ZhenShou20110803QiXiJieTuZi7,,,,
1159,Tinh Hà Ngọc Thố,ZhenShou20110803QiXiJieTuZi1,,,,
1160,Cửu Thiên Ngọc Thố,ZhenShou20110803QiXiJieTuZi1,,,,
1161,Cửu Thiên Ngọc Thố,ZhenShou20110803QiXiJieTuZi2,,,,
1162,Cửu Thiên Ngọc Thố,ZhenShou20110803QiXiJieTuZi3,,,,
1163,Cửu Thiên Ngọc Thố,ZhenShou20110803QiXiJieTuZi4,,,,
1164,Cửu Thiên Ngọc Thố,ZhenShou20110803QiXiJieTuZi5,,,,
1165,Cửu Thiên Ngọc Thố,ZhenShou20110803QiXiJieTuZi6,,,,
1166,Cửu Thiên Ngọc Thố,ZhenShou20110803QiXiJieTuZi7,,,,
1167,Cửu Thiên Ngọc Thố,ZhenShou20110803QiXiJieTuZi8,,,,
1168,Cửu Thiên Ngọc Thố,ZhenShou20110803QiXiJieTuZi1,,,,
1169,Ngọc Thố,ZhenShou20110803QiXiJieTuZi1,,,,
1170,Ngọc Thố,ZhenShou20110803QiXiJieTuZi2,,,,
1171,Ngọc Thố,ZhenShou20110803QiXiJieTuZi3,,,,
1172,Ngọc Thố,ZhenShou20110803QiXiJieTuZi1,,,,
1173,Thần Tinh Ngọc Thố,ZhenShou20110803QiXiJieTuZi1,,,,
1174,Thần Tinh Ngọc Thố,ZhenShou20110803QiXiJieTuZi2,,,,
1175,Thần Tinh Ngọc Thố,ZhenShou20110803QiXiJieTuZi3,,,,
1176,Thần Tinh Ngọc Thố,ZhenShou20110803QiXiJieTuZi4,,,,
1177,Thần Tinh Ngọc Thố,ZhenShou20110803QiXiJieTuZi1,,,,
1178,Nguyệt Quế Ngọc Thố,ZhenShou20110803QiXiJieTuZi1,,,,
1179,Nguyệt Quế Ngọc Thố,ZhenShou20110803QiXiJieTuZi2,,,,
1180,Nguyệt Quế Ngọc Thố,ZhenShou20110803QiXiJieTuZi3,,,,
1181,Nguyệt Quế Ngọc Thố,ZhenShou20110803QiXiJieTuZi4,,,,
1182,Nguyệt Quế Ngọc Thố,ZhenShou20110803QiXiJieTuZi5,,,,
1183,Nguyệt Quế Ngọc Thố,ZhenShou20110803QiXiJieTuZi1,,,,
1184,Thiên Cung Ngọc Thố,ZhenShou20110803QiXiJieTuZi1,,,,
1185,Thiên Cung Ngọc Thố,ZhenShou20110803QiXiJieTuZi2,,,,
1186,Thiên Cung Ngọc Thố,ZhenShou20110803QiXiJieTuZi3,,,,
1187,Thiên Cung Ngọc Thố,ZhenShou20110803QiXiJieTuZi4,,,,
1188,Thiên Cung Ngọc Thố,ZhenShou20110803QiXiJieTuZi5,,,,
1189,Thiên Cung Ngọc Thố,ZhenShou20110803QiXiJieTuZi6,,,,
1190,Thiên Cung Ngọc Thố,ZhenShou20110803QiXiJieTuZi1,,,,
1191,Bách Biến Miêu,ZhenShou110503ZhaoFuMaoBianZhuang1,,,,
1192,Bách Biến Miêu,ZhenShou110503ZhaoFuMaoBianZhuang2,,,,
1193,Bách Biến Miêu,ZhenShou110503ZhaoFuMaoBianZhuang3,,,,
1194,Bách Biến Miêu,ZhenShou110503ZhaoFuMaoBianZhuang1,,,,
1195,Bách Biến Miêu,ZhenShou110503ZhaoFuMaoBianZhuang4,,,,
1196,Bách Biến Miêu,ZhenShou110503ZhaoFuMaoBianZhuang5,,,,
1197,Bách Biến Miêu,ZhenShou110503ZhaoFuMaoBianZhuang6,,,,
1198,Bách Biến Miêu,ZhenShou110503ZhaoFuMaoBianZhuang7,,,,
1199,Bách Biến Miêu,ZhenShou110503ZhaoFuMaoBianZhuang8,,,,
1200,Bách Biến Miêu,ZhenShou110503ZhaoFuMaoBianZhuang9,,,,
1201,Tung Thử,HuiSeSongShu,,,,
1202,Tung Thử,DanLanSeSongShu,,,,
1203,Tung Thử,BaiSeHeiWeiSongShu,,,,
1204,Tung Thử,HuiSeSongShu,,,,
1205,Nhân Ngẫu,ZhenShou20101013JiangShi1,,,,
1206,Nhân Ngẫu,ZhenShou20101013JiangShi2,,,,
1207,Nhân Ngẫu,ZhenShou20101013JiangShi3,,,,
1208,Nhân Ngẫu,ZhenShou20101013JiangShi1,,,,
1209,Tuyền Linh Nhân Ngẫu,ZhenShou20101013JiangShi1,,,,
1210,Tuyền Linh Nhân Ngẫu,ZhenShou20101013JiangShi2,,,,
1211,Tuyền Linh Nhân Ngẫu,ZhenShou20101013JiangShi3,,,,
1212,Tuyền Linh Nhân Ngẫu,ZhenShou20101013JiangShi4,,,,
1213,Tuyền Linh Nhân Ngẫu,ZhenShou20101013JiangShi1,,,,
1214,Tinh Minh Nhân Ngẫu,ZhenShou20101013JiangShi1,,,,
1215,Tinh Minh Nhân Ngẫu,ZhenShou20101013JiangShi2,,,,
1216,Tinh Minh Nhân Ngẫu,ZhenShou20101013JiangShi3,,,,
1217,Tinh Minh Nhân Ngẫu,ZhenShou20101013JiangShi4,,,,
1218,Tinh Minh Nhân Ngẫu,ZhenShou20101013JiangShi7,,,,
1219,Tinh Minh Nhân Ngẫu,ZhenShou20101013JiangShi1,,,,
1220,Võ Huyền Nhân Ngẫu,ZhenShou20101013JiangShi1,,,,
1221,Võ Huyền Nhân Ngẫu,ZhenShou20101013JiangShi2,,,,
1222,Võ Huyền Nhân Ngẫu,ZhenShou20101013JiangShi3,,,,
1223,Võ Huyền Nhân Ngẫu,ZhenShou20101013JiangShi4,,,,
1224,Võ Huyền Nhân Ngẫu,ZhenShou20101013JiangShi7,,,,
1225,Võ Huyền Nhân Ngẫu,ZhenShou20101013JiangShi6,,,,
1226,Võ Huyền Nhân Ngẫu,ZhenShou20101013JiangShi1,,,,
1227,Diêm Thần Nhân Ngẫu,ZhenShou20101013JiangShi1,,,,
1228,Diêm Thần Nhân Ngẫu,ZhenShou20101013JiangShi2,,,,
1229,Diêm Thần Nhân Ngẫu,ZhenShou20101013JiangShi3,,,,
1230,Diêm Thần Nhân Ngẫu,ZhenShou20101013JiangShi4,,,,
1231,Diêm Thần Nhân Ngẫu,ZhenShou20101013JiangShi7,,,,
1232,Diêm Thần Nhân Ngẫu,ZhenShou20101013JiangShi6,,,,
1233,Diêm Thần Nhân Ngẫu,ZhenShou20101013JiangShi5,,,,
1234,Diêm Thần Nhân Ngẫu,ZhenShou20101013JiangShi1,,,,
1235,Phạm Thánh Nhân Ngẫu,ZhenShou20101013JiangShi1,,,,
1236,Phạm Thánh Nhân Ngẫu,ZhenShou20101013JiangShi2,,,,
1237,Phạm Thánh Nhân Ngẫu,ZhenShou20101013JiangShi3,,,,
1238,Phạm Thánh Nhân Ngẫu,ZhenShou20101013JiangShi4,,,,
1239,Phạm Thánh Nhân Ngẫu,ZhenShou20101013JiangShi7,,,,
1240,Phạm Thánh Nhân Ngẫu,ZhenShou20101013JiangShi6,,,,
1241,Phạm Thánh Nhân Ngẫu,ZhenShou20101013JiangShi5,,,,
1242,Phạm Thánh Nhân Ngẫu,ZhenShou20101013JiangShi8,,,,
1243,Phạm Thánh Nhân Ngẫu,ZhenShou20101013JiangShi1,,,,
1244,Thông Thiên Nhân Ngẫu,ZhenShou20101013JiangShi1,,,,
1245,Thông Thiên Nhân Ngẫu,ZhenShou20101013JiangShi2,,,,
1246,Thông Thiên Nhân Ngẫu,ZhenShou20101013JiangShi3,,,,
1247,Thông Thiên Nhân Ngẫu,ZhenShou20101013JiangShi4,,,,
1248,Thông Thiên Nhân Ngẫu,ZhenShou20101013JiangShi7,,,,
1249,Thông Thiên Nhân Ngẫu,ZhenShou20101013JiangShi6,,,,
1250,Thông Thiên Nhân Ngẫu,ZhenShou20101013JiangShi5,,,,
1251,Thông Thiên Nhân Ngẫu,ZhenShou20101013JiangShi8,,,,
1252,Thông Thiên Nhân Ngẫu,ZhenShou20101013JiangShi9,,,,
1253,Thông Thiên Nhân Ngẫu,ZhenShou20101013JiangShi1,,,,
1254,Đậu Đậu Long,ZhenShou20111125ShengDanJieLongBaoBao1,,,,
1255,Đậu Đậu Long,ZhenShou20111125ShengDanJieLongBaoBao3,,,,
1256,Đậu Đậu Long,ZhenShou20111125ShengDanJieLongBaoBao4,,,,
1257,Tiểu Long Thần,ZhenShou20111125ShengDanJieLongBaoBao1,,,,
1258,Đậu Đậu Long,ZhenShou20111125ShengDanJieLongBaoBao5,,,,
1259,Đậu Đậu Long,ZhenShou20111125ShengDanJieLongBaoBao8,,,,
1260,Đậu Đậu Long,ZhenShou20111125ShengDanJieLongBaoBao9,,,,
1261,Đậu Đậu Long,ZhenShou20111125ShengDanJieLongBaoBao6,,,,
1262,Đậu Đậu Long,ZhenShou20111125ShengDanJieLongBaoBao7,,,,
1263,Đậu Đậu Long,ZhenShou20111125ShengDanJieLongBaoBao2,,,,
1264,Xuất Vân Long Mãng,ZhenShou101213LingShe1,,,,
1265,Xuất Vân Long Mãng,ZhenShou101213LingShe2,,,,
1266,Xuất Vân Long Mãng,ZhenShou101213LingShe3,,,,
1267,Xuất Vân Long Mãng,ZhenShou101213LingShe1,,,,
1268,Xuất Vân Long Mãng,ZhenShou101213LingShe4,,,,
1269,Xuất Vân Long Mãng,ZhenShou101213LingShe5,,,,
1270,Xuất Vân Long Mãng,ZhenShou101213LingShe6,,,,
1271,Xuất Vân Long Mãng,ZhenShou101213LingShe7,,,,
1272,Xuất Vân Long Mãng,ZhenShou101213LingShe8,,,,
1273,Xuất Vân Long Mãng,ZhenShou101213LingShe9,,,,
1274,Du Cửu Manh Manh Miêu,DanHeWanXiong,,,,
1275,Du Cửu Manh Manh Miêu,DanHuangWanXiong,,,,
1276,Du Cửu Manh Manh Miêu,DanQingWanXiong,,,,
1277,Du Cửu Manh Manh Miêu,DanHeWanXiong,,,,
1278,Ngạo Vân Thương Long,ZhenShou111128XinNianvipLong1,,,,
1279,Ngạo Vân Thương Long,ZhenShou111128XinNianvipLong2,,,,
1280,Ngạo Vân Thương Long,ZhenShou111128XinNianvipLong3,,,,
1281,Ngạo Vân Thương Long,ZhenShou111128XinNianvipLong1,,,,
1282,Ngạo Vân Thương Long,ZhenShou111128XinNianvipLong4,,,,
1283,Ngạo Vân Thương Long,ZhenShou111128XinNianvipLong5,,,,
1284,Ngạo Vân Thương Long,ZhenShou111128XinNianvipLong6,,,,
1285,Ngạo Vân Thương Long,ZhenShou111128XinNianvipLong7,,,,
1286,Ngạo Vân Thương Long,ZhenShou111128XinNianvipLong9,,,,
1287,Ngạo Vân Thương Long,ZhenShou111128XinNianvipLong8,,,,
1288,Thái Cổ Long Hồn Thử,ZhenShouZuanShivip20111208Long1,,,,
1289,Thái Cổ Long Hồn,ZhenShouZuanShivip20111208Long2,,,,
1290,Thái Cổ Long Hồn,ZhenShouZuanShivip20111208Long3,,,,
1291,Thái Cổ Long Hồn,ZhenShouZuanShivip20111208Long1,,,,
1292,Thái Cổ Long Hồn,ZhenShouZuanShivip20111208Long4,,,,
1293,Thái Cổ Long Hồn,ZhenShouZuanShivip20111208Long5,,,,
1294,Thái Cổ Long Hồn,ZhenShouZuanShivip20111208Long6,,,,
1295,Thái Cổ Long Hồn,ZhenShouZuanShivip20111208Long7,,,,
1296,Thái Cổ Long Hồn,ZhenShouZuanShivip20111208Long8,,,,
1297,Thái Cổ Long Hồn,ZhenShouZuanShivip20111208Long9,,,,
1298,Ảo Hóa Băng Yêu,BaiDiSuoXiaoBan,,,,
1299,Huyễn Hoá Công Tôn Thánh,ZhenShoubossGongSunSheng20100630,,,,
1300,Ảo Hóa Tôn Mỹ Mỹ,CuJubossSuoXiaoBan,,,,
1301,Huyễn Hoá Lâm Sung,ZhenShoubossLinChong20100630,,,,
1302,Ảo Hóa Thủy Phỉ Đầu Lĩnh,XuanboosSuoXiaoBan,,,,
1303,Huyễn Hoá Lô Quân Dật,ZhenShoubossLuJunYi20100630,,,,
1304,Ảo Hóa Tần Vương,DiGongbossQinWangSuoXiaoBan,,,,
1305,Huyễn Hoá Quan Thịnh,ZhenShoubossGuanSheng20100630,,,,
1306,Ảo Hóa Viễn Cổ Kỳ Hồn,QiJuShouLingSuoXiaoBan,,,,
1307,Huyễn Hoá Tống Khương,ZhenShoubossSongJiang20100630,,,,
1308,Ảo Hóa Cáp Đại Bá,bossPiaoMiaoFengHaDaBaSuoXiaoBan,,,,
1309,Huyễn Hoá Lỗ Chí Sanh,ZhenShoubossLuZhiShen20100630,,,,
1310,Ảo Hóa Thủy Phỉ Đầu Lĩnh,,,,,
1311,Huyễn Hoá Lô Quân Dật,,,,,
1312,Ảo Hóa Cáp Đại Bá,,,,,
1313,Huyễn Hoá Lỗ Chí Sanh,,,,,
1314,Ảo Hóa Băng Yêu,,,,,
1315,Huyễn Hoá Công Tôn Thánh,,,,,
1316,Ảo Hóa Viễn Cổ Kỳ Hồn,,,,,
1317,Huyễn Hoá Tống Khương,,,,,
1318,Ảo Hóa Tôn Mỹ Mỹ,,,,,
1319,Huyễn Hoá Lâm Sung,,,,,
1320,Ảo Hóa Tần Vương,,,,,
1321,Huyễn Hoá Quan Thịnh,,,,,
1322,Yển Thử Thử,ZhenShou20110928YanShuBaoBao1,,,,
1323,Yển Thử,ZhenShou20110928YanShuBaoBao2,,,,
1324,Yển Thử,ZhenShou20110928YanShuBaoBao3,,,,
1325,Yển Thử,ZhenShou20110928YanShuBaoBao1,,,,
1326,Yển Thử,ZhenShou20110928YanShuBaoBao4,,,,
1327,Yển Thử,ZhenShou20110928YanShuBaoBao5,,,,
1328,Yển Thử,ZhenShou20110928YanShuBaoBao6,,,,
1329,Yển Thử,ZhenShou20110928YanShuBaoBao7,,,,
1330,Yển Thử,ZhenShou20110928YanShuBaoBao8,,,,
1331,Yển Thử,ZhenShou20110928YanShuBaoBao9,,,,
1332,Đảo Đản Thử,ZhenShou20110928YanShuBaoBao1,,,,
1333,Đảo Đản Thử,ZhenShou20110928YanShuBaoBao2,,,,
1334,Đảo Đản Thử,ZhenShou20110928YanShuBaoBao3,,,,
1335,Đảo Đản Thử,ZhenShou20110928YanShuBaoBao1,,,,
1336,Đảo Đản Thử,ZhenShou20110928YanShuBaoBao4,,,,
1337,Đảo Đản Thử,ZhenShou20110928YanShuBaoBao5,,,,
1338,Đảo Đản Thử,ZhenShou20110928YanShuBaoBao6,,,,
1339,Đảo Đản Thử,ZhenShou20110928YanShuBaoBao7,,,,
1340,Đảo Đản Thử,ZhenShou20110928YanShuBaoBao8,,,,
1341,Đảo Đản Thử,ZhenShou20110928YanShuBaoBao9,,,,
1342,Mị Tiểu Manh,ZhenShou20110922XiaoYang1,,,,
1343,Mị Tiểu Manh,ZhenShou20110922XiaoYang2,,,,
1344,Mị Tiểu Manh,ZhenShou20110922XiaoYang3,,,,
1345,Mị Tiểu Manh,ZhenShou20110922XiaoYang1,,,,
1346,Mị Tiểu Manh,ZhenShou20110922XiaoYang4,,,,
1347,Mị Tiểu Manh,ZhenShou20110922XiaoYang5,,,,
1348,Mị Tiểu Manh,ZhenShou20110922XiaoYang8,,,,
1349,Mị Tiểu Manh,ZhenShou20110922XiaoYang9,,,,
1350,Mị Tiểu Manh,ZhenShou20110922XiaoYang6,,,,
1351,Mị Tiểu Manh,ZhenShou20110922XiaoYang7,,,,
1352,Cầu Cầu Hùng,ZhenShouTengXunHeiXiong120313,,,,
1353,Cầu Cầu Hùng,ZhenShouTengXunZongXiong120313,,,,
1354,Cầu Cầu Hùng,ZhenShouTengXunBaiXiong120313,,,,
1355,Cầu Cầu Hùng,ZhenShouTengXunHeiXiong120313,,,,
1356,Mỹ Nhân Ngư,ZhenShouHaiDiMeiRenYu1,,,,
1357,Mỹ Nhân Ngư,ZhenShouHaiDiMeiRenYu2,,,,
1358,Mỹ Nhân Ngư,ZhenShouHaiDiMeiRenYu3,,,,
1359,Mỹ Nhân Ngư,ZhenShouHaiDiMeiRenYu1,,,,
1360,Mỹ Nhân Ngư,ZhenShouHaiDiMeiRenYu4,,,,
1361,Mỹ Nhân Ngư,ZhenShouHaiDiMeiRenYu5,,,,
1362,Mỹ Nhân Ngư,ZhenShouHaiDiMeiRenYu6,,,,
1363,Mỹ Nhân Ngư,ZhenShouHaiDiMeiRenYu7,,,,
1364,Mỹ Nhân Ngư,ZhenShouHaiDiMeiRenYu8,,,,
1365,Mỹ Nhân Ngư,ZhenShouHaiDiMeiRenYu1,,,,
1366,Thiên Bồng Lãm Nguyệt,ZhenShou20111223QingRenJieZhuYaoFuFuNan5,,,,
1367,Thiên Bồng Lãm Nguyệt,ZhenShou20111223QingRenJieZhuYaoFuFuNan1,,,,
1368,Thiên Bồng Lãm Nguyệt,ZhenShou20111223QingRenJieZhuYaoFuFuNan2,,,,
1369,Thiên Bồng Lãm Nguyệt,ZhenShou20111223QingRenJieZhuYaoFuFuNan5,,,,
1370,Thiên Bồng Lãm Nguyệt,ZhenShou20111223QingRenJieZhuYaoFuFuNan3,,,,
1371,Thiên Bồng Lãm Nguyệt,ZhenShou20111223QingRenJieZhuYaoFuFuNan7,,,,
1372,Thiên Bồng Lãm Nguyệt,ZhenShou20111223QingRenJieZhuYaoFuFuNan4,,,,
1373,Thiên Bồng Lãm Nguyệt,ZhenShou20111223QingRenJieZhuYaoFuFuNan9,,,,
1374,Thiên Bồng Lãm Nguyệt,ZhenShou20111223QingRenJieZhuYaoFuFuNan8,,,,
1375,Cửu Lê Yêu Hổ,ZhenShou120613JieRiLiBaoHu1,,,,
1376,Cửu Lê Yêu Hổ,ZhenShou120613JieRiLiBaoHu2,,,,
1377,Cửu Lê Yêu Hổ,ZhenShou120613JieRiLiBaoHu3,,,,
1378,Cửu Lê Yêu Hổ,ZhenShou120613JieRiLiBaoHu1,,,,
1379,Cửu Lê Yêu Hổ,ZhenShou120613JieRiLiBaoHu4,,,,
1380,Cửu Lê Yêu Hổ,ZhenShou120613JieRiLiBaoHu5,,,,
1381,Cửu Lê Yêu Hổ,ZhenShou120613JieRiLiBaoHu6,,,,
1382,Cửu Lê Yêu Hổ,ZhenShou120613JieRiLiBaoHu7,,,,
1383,Cửu Lê Yêu Hổ,ZhenShou120613JieRiLiBaoHu8,,,,
1384,Cửu Lê Yêu Hổ,ZhenShou120613JieRiLiBaoHu9,,,,
1385,Hiên Viên Thiên Phượng,ZhenShou20120830FengHuang1,,,,
1386,Hiên Viên Thiên Phượng,ZhenShou20120830FengHuang2,,,,
1387,Hiên Viên Thiên Phượng,ZhenShou20120830FengHuang3,,,,
1388,Hiên Viên Thiên Phượng,ZhenShou20120830FengHuang1,,,,
1389,Hiên Viên Thiên Phượng,ZhenShou20120830FengHuang4,,,,
1390,Hiên Viên Thiên Phượng,ZhenShou20120830FengHuang8,,,,
1391,Hiên Viên Thiên Phượng,ZhenShou20120830FengHuang5,,,,
1392,Hiên Viên Thiên Phượng,ZhenShou20120830FengHuang6,,,,
1393,Hiên Viên Thiên Phượng,ZhenShou20120830FengHuang7,,,,
1394,Hiên Viên Thiên Phượng,ZhenShou20120830FengHuang9,,,,
1395,Bách Biến Uông Tử,ZhenShou20121105ShengDanZhenShou01,,,,
1396,Bách Biến Uông Tử,ZhenShou20121105ShengDanZhenShou02,,,,
1397,Bách Biến Uông Tử,ZhenShou20121105ShengDanZhenShou03,,,,
1398,Bách Biến Uông Tử,ZhenShou20121105ShengDanZhenShou01,,,,
1399,Bách Biến Uông Tử,ZhenShou20121105ShengDanZhenShou04,,,,
1400,Bách Biến Uông Tử,ZhenShou20121105ShengDanZhenShou05,,,,
1401,Bách Biến Uông Tử,ZhenShou20121105ShengDanZhenShou06,,,,
1402,Bách Biến Uông Tử,ZhenShou20121105ShengDanZhenShou07,,,,
1403,Bách Biến Uông Tử,ZhenShou20121105ShengDanZhenShou08,,,,
1404,Bách Biến Uông Tử,ZhenShou20121105ShengDanZhenShou09,,,,
1405,Huyền Hoang Đằng Xà,ZhenShou121204vipShe1,,,,
1406,Huyền Hoang Đằng Xà,ZhenShou121204vipShe2,,,,
1407,Huyền Hoang Đằng Xà,ZhenShou121204vipShe3,,,,
1408,Huyền Hoang Đằng Xà,ZhenShou121204vipShe1,,,,
1409,Huyền Hoang Đằng Xà,ZhenShou121204vipShe4,,,,
1410,Huyền Hoang Đằng Xà,ZhenShou121204vipShe5,,,,
1411,Huyền Hoang Đằng Xà,ZhenShou121204vipShe6,,,,
1412,Huyền Hoang Đằng Xà,ZhenShou121204vipShe7,,,,
1413,Huyền Hoang Đằng Xà,ZhenShou121204vipShe8,,,,
1414,Huyền Hoang Đằng Xà,ZhenShou121204vipShe9,,,,
1415,Oa Hoàng Long Mãng,ZhenShou121218ZuanShiVIPShe1,,,,
1416,Oa Hoàng Long Mãng,ZhenShou121218ZuanShiVIPShe2,,,,
1417,Oa Hoàng Long Mãng,ZhenShou121218ZuanShiVIPShe3,,,,
1418,Oa Hoàng Long Mãng,ZhenShou121218ZuanShiVIPShe1,,,,
1419,Oa Hoàng Long Mãng,ZhenShou121218ZuanShiVIPShe4,,,,
1420,Oa Hoàng Long Mãng,ZhenShou121218ZuanShiVIPShe5,,,,
1421,Oa Hoàng Long Mãng,ZhenShou121218ZuanShiVIPShe6,,,,
1422,Oa Hoàng Long Mãng,ZhenShou121218ZuanShiVIPShe7,,,,
1423,Oa Hoàng Long Mãng,ZhenShou121218ZuanShiVIPShe8,,,,
1424,Oa Hoàng Long Mãng,ZhenShou121218ZuanShiVIPShe9,,,,
1425,Thái Cổ Long Hồn,ZhenShouZuanShivip20111208Long1,,,,
1426,Tịnh Tịnh Mã,DanHuangSeBoMa,,,,
1427,Tịnh Tịnh Mã,DanHuangHeiTiHeiJiaoBoMa,,,,
1428,Tịnh Tịnh Mã,ChunBaiBoMa,,,,
1429,Tịnh Tịnh Mã,DanHuangSeBoMa,,,,
1430,Huyền Nữ Xà,ZhenShou20130614MeiNuShe1,,,,
1431,Huyền Nữ Xà,ZhenShou20130614MeiNuShe2,,,,
1432,Huyền Nữ Xà,ZhenShou20130614MeiNuShe3,,,,
1433,Huyền Nữ Xà,ZhenShou20130614MeiNuShe1,,,,
1434,Huyền Nữ Xà,ZhenShou20130614MeiNuShe5,,,,
1435,Huyền Nữ Xà,ZhenShou20130614MeiNuShe4,,,,
1436,Huyền Nữ Xà,ZhenShou20130614MeiNuShe7,,,,
1437,Huyền Nữ Xà,ZhenShou20130614MeiNuShe8,,,,
1438,Huyền Nữ Xà,ZhenShou20130614MeiNuShe9,,,,
1439,Huyền Nữ Xà,ZhenShou20130614MeiNuShe6,,,,
1440,Tuần Du Tiểu Tiên,ZhenShouChuJi20130808,,,,
1441,Tuần Du Tiểu Tiên,ZhenShouPang20130802,,,,
1442,Tuần Du Tiểu Tiên,ZhenShouShou20130729,,,,
1443,Tuần Du Tiểu Tiên,ZhenShouChuJi20130808,,,,
1444,Chung Tiểu Hoa,ZhenShouXiongMaoHeiHua1,,,,
1445,Chung Tiểu Hoa,ZhenShouXiongMaoHeiHua2,,,,
1446,Chung Tiểu Hoa,ZhenShouXiongMaoHeiHua3,,,,
1447,Chung Tiểu Hoa,ZhenShouXiongMaoHeiHua4,,,,
1448,Chung Tiểu Hoa,ZhenShouXiongMaoHeiHua1,,,,
1449,Tiểu Lãng Nhân,ZhenShouXiaoLangRen130904,,,,
1450,Tiểu Lãng Nhân,ZhenShouXiaoLangRen130904,,,,
1451,Tiểu Lãng Nhân,ZhenShouXiaoLangRen130904,,,,
1452,Phong Điểu,ZhenShouXunLeiFengNiao130911,,,,
1453,Phong Điểu,ZhenShouXunLeiFengNiao130911,,,,
1454,Phong Điểu,ZhenShouXunLeiFengNiao130911,,,,
1455,An Tử,ZhenShouAnZi130906,,,,
1456,An Tử,ZhenShouAnZiNanYong130906,,,,
1457,An Tử,ZhenShouAnZiNanYongBai130906,,,,
1458,An Tử,ZhenShouAnZi130906,,,,
1459,Chung Tiểu Hắc,ZhenShouXiongMaoHeiHua1,,,,
1460,Chung Tiểu Hắc,ZhenShouXiongMaoHeiHua2,,,,
1461,Chung Tiểu Hắc,ZhenShouXiongMaoHeiHua3,,,,
1462,Chung Tiểu Hắc,ZhenShouXiongMaoHeiHua1,,,,
1463,Thiểm điện điêu,ZhenShouShanDianDiao130729,,,,
1464,Mao Mao Ngưu,ZhenShouMaoMaoNiu1,,,,
1465,Mao Mao Ngưu,ZhenShouMaoMaoNiu2,,,,
1466,Mao Mao Ngưu,ZhenShouMaoMaoNiu3,,,,
1467,Mao Mao Ngưu,ZhenShouMaoMaoNiu1,,,,
1468,Mao Mao Ngưu,ZhenShouMaoMaoNiu4,,,,
1469,Mao Mao Ngưu,ZhenShouMaoMaoNiu5,,,,
1470,Mao Mao Ngưu,ZhenShouMaoMaoNiu6,,,,
1471,Mao Mao Ngưu,ZhenShouMaoMaoNiu7,,,,
1472,Mao Mao Ngưu,ZhenShouMaoMaoNiu8,,,,
1473,Mao Mao Ngưu,ZhenShouMaoMaoNiu9,,,,
1474,Thánh Trang Tiểu Lộc,ZhenShou20131015ShengDanJieXiaoLu1,,,,
1475,Thánh Trang Tiểu Lộc,ZhenShou20131015ShengDanJieXiaoLu2,,,,
1476,Thánh Trang Tiểu Lộc,ZhenShou20131015ShengDanJieXiaoLu3,,,,
1477,Thánh Trang Tiểu Lộc,ZhenShou20131015ShengDanJieXiaoLu1,,,,
1478,Thánh Trang Tiểu Lộc,ZhenShou20131015ShengDanJieXiaoLu4,,,,
1479,Thánh Trang Tiểu Lộc,ZhenShou20131015ShengDanJieXiaoLu5,,,,
1480,Thánh Trang Tiểu Lộc,ZhenShou20131015ShengDanJieXiaoLu6,,,,
1481,Thánh Trang Tiểu Lộc,ZhenShou20131015ShengDanJieXiaoLu7,,,,
1482,Thánh Trang Tiểu Lộc,ZhenShou20131015ShengDanJieXiaoLu8,,,,
1483,Thánh Trang Tiểu Lộc,ZhenShou20131015ShengDanJieXiaoLu9,,,,
1484,Côn Lôn Tiên Tuấn,ZhenShou131106vipMa1,,,,
1485,Côn Lôn Tiên Tuấn,ZhenShou131106vipMa2,,,,
1486,Côn Lôn Tiên Tuấn,ZhenShou131106vipMa6,,,,
1487,Côn Lôn Tiên Tuấn,ZhenShou131106vipMa1,,,,
1488,Côn Lôn Tiên Tuấn,ZhenShou131106vipMa3,,,,
1489,Côn Lôn Tiên Tuấn,ZhenShou131106vipMa7,,,,
1490,Côn Lôn Tiên Tuấn,ZhenShou131106vipMa8,,,,
1491,Côn Lôn Tiên Tuấn,ZhenShou131106vipMa9,,,,
1492,Côn Lôn Tiên Tuấn,ZhenShou131106vipMa4,,,,
1493,Côn Lôn Tiên Tuấn,ZhenShou131106vipMa5,,,,
1494,Thái Thương Long Tử,ZhenShou131112ZuanShivipMa1,,,,
1495,Thái Thương Long Tử,ZhenShou131112ZuanShivipMa2,,,,
1496,Thái Thương Long Tử,ZhenShou131112ZuanShivipMa3,,,,
1497,Thái Thương Long Tử,ZhenShou131112ZuanShivipMa1,,,,
1498,Thái Thương Long Tử,ZhenShou131112ZuanShivipMa4,,,,
1499,Thái Thương Long Tử,ZhenShou131112ZuanShivipMa6,,,,
1500,Thái Thương Long Tử,ZhenShou131112ZuanShivipMa7,,,,
1501,Thái Thương Long Tử,ZhenShou131112ZuanShivipMa8,,,,
1502,Thái Thương Long Tử,ZhenShou131112ZuanShivipMa9,,,,
1503,Thái Thương Long Tử,ZhenShou131112ZuanShivipMa5,,,,
1504,Bạo Tẩu Hùng Miêu,ZhenShou131125XinNianHuoPaoXiongMao01,,,,
1505,Bạo Tẩu Hùng Miêu,ZhenShou131125XinNianHuoPaoXiongMao02,,,,
1506,Bạo Tẩu Hùng Miêu,ZhenShou131125XinNianHuoPaoXiongMao03,,,,
1507,Bạo Tẩu Hùng Miêu,ZhenShou131125XinNianHuoPaoXiongMao01,,,,
1508,Bạo Tẩu Hùng Miêu,ZhenShou131125XinNianHuoPaoXiongMao05,,,,
1509,Bạo Tẩu Hùng Miêu,ZhenShou131125XinNianHuoPaoXiongMao04,,,,
1510,Bạo Tẩu Hùng Miêu,ZhenShou131125XinNianHuoPaoXiongMao06,,,,
1511,Bạo Tẩu Hùng Miêu,ZhenShou131125XinNianHuoPaoXiongMao07,,,,
1512,Bạo Tẩu Hùng Miêu,ZhenShou131125XinNianHuoPaoXiongMao08,,,,
1513,Bạo Tẩu Hùng Miêu,ZhenShou131125XinNianHuoPaoXiongMao09,,,,
1514,Minh Âm Hoa Linh,ZhenShou131031YinYouJingLing01,,,,
1515,Minh Âm Hoa Linh,ZhenShou131031YinYouJingLing02,,,,
1516,Minh Âm Hoa Linh,ZhenShou131031YinYouJingLing03,,,,
1517,Minh Âm Hoa Linh,ZhenShou131031YinYouJingLing01,,,,
1518,Minh Âm Hoa Linh,ZhenShou131031YinYouJingLing07,,,,
1519,Minh Âm Hoa Linh,ZhenShou131031YinYouJingLing08,,,,
1520,Minh Âm Hoa Linh,ZhenShou131031YinYouJingLing05,,,,
1521,Minh Âm Hoa Linh,ZhenShou131031YinYouJingLing06,,,,
1522,Minh Âm Hoa Linh,ZhenShou131031YinYouJingLing04,,,,
1523,Minh Âm Hoa Linh,ZhenShou131031YinYouJingLing09,,,,
1524,Tiểu Dị,HongDouEr140331,,,,
1525,Tiểu Dị,HongDouErHeiYi140331,,,,
1526,Tiểu Dị,HongDouErHuangYi140331,,,,
1527,Tiểu Dị,HongDouEr140331,,,,
1528,Tiểu Mã Ca,ZhenShou140208MaShangYou01,,,,
1529,Tiểu Mã Ca,ZhenShou140208MaShangYou02,,,,
1530,Tiểu Mã Ca,ZhenShou140208MaShangYou03,,,,
1531,Tiểu Mã Ca,ZhenShou140208MaShangYou01,,,,
1532,Tiểu Mã Ca,ZhenShou140208MaShangYou04,,,,
1533,Tiểu Mã Ca,ZhenShou140208MaShangYou05,,,,
1534,Tiểu Mã Ca,ZhenShou140208MaShangYou06,,,,
1535,Tiểu Mã Ca,ZhenShou140208MaShangYou07,,,,
1536,Tiểu Mã Ca,ZhenShou140208MaShangYou08,,,,
1537,Tiểu Mã Ca,ZhenShou140208MaShangYou09,,,,
1538,Bách Chiến Kim Cang,ZhenShou20140326JiQiRen01,,,,
1539,Bách Chiến Kim Cang,ZhenShou20140326JiQiRen02,,,,
1540,Bách Chiến Kim Cang,ZhenShou20140326JiQiRen03,,,,
1541,Bách Chiến Kim Cang,ZhenShou20140326JiQiRen01,,,,
1542,Bách Chiến Kim Cang,ZhenShou20140326JiQiRen04,,,,
1543,Bách Chiến Kim Cang,ZhenShou20140326JiQiRen06,,,,
1544,Bách Chiến Kim Cang,ZhenShou20140326JiQiRen05,,,,
1545,Bách Chiến Kim Cang,ZhenShou20140326JiQiRen08,,,,
1546,Bách Chiến Kim Cang,ZhenShou20140326JiQiRen09,,,,
1547,Bách Chiến Kim Cang,ZhenShou20140326JiQiRen07,,,,
1548,Thanh Dương,ZhenShou141020vipZhanDouYangRen01,,,,
1549,Thanh Dương,ZhenShou141020vipZhanDouYangRen07,,,,
1550,Thanh Dương,ZhenShou141020vipZhanDouYangRen03,,,,
1551,Thanh Dương,ZhenShou141020vipZhanDouYangRen01,,,,
1552,Thanh Dương,ZhenShou141020vipZhanDouYangRen06,,,,
1553,Thanh Dương,ZhenShou141020vipZhanDouYangRen02,,,,
1554,Thanh Dương,ZhenShou141020vipZhanDouYangRen04,,,,
1555,Thanh Dương,ZhenShou141020vipZhanDouYangRen08,,,,
1556,Thanh Dương,ZhenShou141020vipZhanDouYangRen09,,,,
1557,Thanh Dương,ZhenShou141020vipZhanDouYangRen05,,,,
1558,Dương Thiên Đại Thánh,ZhenShou141020ZuanShivipShenYangRen01,,,,
1559,Dương Thiên Đại Thánh,ZhenShou141020ZuanShivipShenYangRen02,,,,
1560,Dương Thiên Đại Thánh,ZhenShou141020ZuanShivipShenYangRen03,,,,
1561,Dương Thiên Đại Thánh,ZhenShou141020ZuanShivipShenYangRen01,,,,
1562,Dương Thiên Đại Thánh,ZhenShou141020ZuanShivipShenYangRen04,,,,
1563,Dương Thiên Đại Thánh,ZhenShou141020ZuanShivipShenYangRen05,,,,
1564,Dương Thiên Đại Thánh,ZhenShou141020ZuanShivipShenYangRen06,,,,
1565,Dương Thiên Đại Thánh,ZhenShou141020ZuanShivipShenYangRen07,,,,
1566,Dương Thiên Đại Thánh,ZhenShou141020ZuanShivipShenYangRen08,,,,
1567,Dương Thiên Đại Thánh,ZhenShou141020ZuanShivipShenYangRen09,,,,
1568,Kim Đồng Ngọc Nữ,ZhenShou20140822YuZiJinTong1,,,,
1569,Kim Đồng Ngọc Nữ,ZhenShou20140822YuZiJinTong2,,,,
1570,Kim Đồng Ngọc Nữ,ZhenShou20140822YuZiJinTong5,,,,
1571,Kim Đồng Ngọc Nữ,ZhenShou20140822YuZiJinTong1,,,,
1572,Kim Đồng Ngọc Nữ,ZhenShou20140822YuZiJinTong4,,,,
1573,Kim Đồng Ngọc Nữ,ZhenShou20140822YuZiJinTong3,,,,
1574,Kim Đồng Ngọc Nữ,ZhenShou20140822YuZiJinTong8,,,,
1575,Kim Đồng Ngọc Nữ,ZhenShou20140822YuZiJinTong7,,,,
1576,Kim Đồng Ngọc Nữ,ZhenShou20140822YuZiJinTong6,,,,
1577,Kim Đồng Ngọc Nữ,ZhenShou20140822YuZiJinTong9,,,,
1578,Gấu Ham Chơi,ZhenShou140403ZuiJiuXiong01,,,,
1579,Gấu Ham Chơi,ZhenShou140403ZuiJiuXiong02,,,,
1580,Gấu Ham Chơi,ZhenShou140403ZuiJiuXiong03,,,,
1581,Gấu Ham Chơi,ZhenShou140403ZuiJiuXiong01,,,,
1582,Gấu Ham Chơi,ZhenShou140403ZuiJiuXiong05,,,,
1583,Gấu Ham Chơi,ZhenShou140403ZuiJiuXiong04,,,,
1584,Gấu Ham Chơi,ZhenShou140403ZuiJiuXiong06,,,,
1585,Gấu Ham Chơi,ZhenShou140403ZuiJiuXiong07,,,,
1586,Gấu Ham Chơi,ZhenShou140403ZuiJiuXiong08,,,,
1587,Gấu Ham Chơi,ZhenShou140403ZuiJiuXiong09,,,,
1588,Nguyên Nguyên,ZhenShou140520JueXingBaoBaoYuanYuan02,,,,
1589,Nguyên Nguyên,ZhenShou140520JueXingBaoBaoYuanYuan01,,,,
1590,Nguyên Nguyên,ZhenShou140520JueXingBaoBaoYuanYuan02,,,,
1591,Công Chúa Nhân Ngư,ZhenShou20140520MeiRenYuZhenShou1,,,,
1592,Công Chúa Nhân Ngư,ZhenShou20140520MeiRenYuZhenShou2,,,,
1593,Công Chúa Nhân Ngư,ZhenShou20140520MeiRenYuZhenShou3,,,,
1594,Công Chúa Nhân Ngư,ZhenShou20140520MeiRenYuZhenShou1,,,,
1595,Công Chúa Nhân Ngư,ZhenShou20140520MeiRenYuZhenShou4,,,,
1596,Công Chúa Nhân Ngư,ZhenShou20140520MeiRenYuZhenShou5,,,,
1597,Công Chúa Nhân Ngư,ZhenShou20140520MeiRenYuZhenShou6,,,,
1598,Công Chúa Nhân Ngư,ZhenShou20140520MeiRenYuZhenShou7,,,,
1599,Công Chúa Nhân Ngư,ZhenShou20140520MeiRenYuZhenShou8,,,,
1600,Công Chúa Nhân Ngư,ZhenShou20140520MeiRenYuZhenShou9,,,,
1601,Bàng Giải,ChongWuPangXie,,,,
1602,Bàng Giải,ChongWuPangXie1,,,,
1603,Bàng Giải,ChongWuPangXie2,,,,
1604,Bàng Giải,ChongWuPangXie,,,,
1605,Chiến Tu La,ZhenShou140529ZhuRong1,,,,
1606,Chiến Tu La,ZhenShou140529ZhuRong2,,,,
1607,Chiến Tu La,ZhenShou140529ZhuRong3,,,,
1608,Chiến Tu La,ZhenShou140529ZhuRong1,,,,
1609,Chiến Tu La,ZhenShou140529ZhuRong4,,,,
1610,Chiến Tu La,ZhenShou140529ZhuRong5,,,,
1611,Chiến Tu La,ZhenShou140529ZhuRong6,,,,
1612,Chiến Tu La,ZhenShou140529ZhuRong7,,,,
1613,Chiến Tu La,ZhenShou140529ZhuRong8,,,,
1614,Chiến Tu La,ZhenShou140529ZhuRong9,,,,
1615,Tà Linh,ZhenShou150127LingHunShouGeZhe01,,,,
1616,Tà Linh,ZhenShou150127LingHunShouGeZhe02,,,,
1617,Tà Linh,ZhenShou150127LingHunShouGeZhe03,,,,
1618,Tà Linh,ZhenShou150127LingHunShouGeZhe01,,,,
1619,Tà Linh,ZhenShou150127LingHunShouGeZhe04,,,,
1620,Tà Linh,ZhenShou150127LingHunShouGeZhe05,,,,
1621,Tà Linh,ZhenShou150127LingHunShouGeZhe06,,,,
1622,Tà Linh,ZhenShou150127LingHunShouGeZhe07,,,,
1623,Tà Linh,ZhenShou150127LingHunShouGeZhe08,,,,
1624,Tà Linh,ZhenShou150127LingHunShouGeZhe09,,,,
1625,Hồ Yêu Kiếm Quân,ZhenShou150114JianXinHuLi01,,,,
1626,Hồ Yêu Kiếm Quân,ZhenShou150114JianXinHuLi02,,,,
1627,Hồ Yêu Kiếm Quân,ZhenShou150114JianXinHuLi03,,,,
1628,Hồ Yêu Kiếm Quân,ZhenShou150114JianXinHuLi01,,,,
1629,Hồ Yêu Kiếm Quân,ZhenShou150114JianXinHuLi04,,,,
1630,Hồ Yêu Kiếm Quân,ZhenShou150114JianXinHuLi05,,,,
1631,Hồ Yêu Kiếm Quân,ZhenShou150114JianXinHuLi06,,,,
1632,Hồ Yêu Kiếm Quân,ZhenShou150114JianXinHuLi07,,,,
1633,Hồ Yêu Kiếm Quân,ZhenShou150114JianXinHuLi08,,,,
1634,Hồ Yêu Kiếm Quân,ZhenShou150114JianXinHuLi09,,,,
1635,Cửu Tiêu Chiến Long,ZhenShou150213GangQuanLongRen01,,,,
1636,Cửu Tiêu Chiến Long,ZhenShou150213GangQuanLongRen02,,,,
1637,Cửu Tiêu Chiến Long,ZhenShou150213GangQuanLongRen03,,,,
1638,Cửu Tiêu Chiến Long,ZhenShou150213GangQuanLongRen01,,,,
1639,Cửu Tiêu Chiến Long,ZhenShou150213GangQuanLongRen04,,,,
1640,Cửu Tiêu Chiến Long,ZhenShou150213GangQuanLongRen05,,,,
1641,Cửu Tiêu Chiến Long,ZhenShou150213GangQuanLongRen06,,,,
1642,Cửu Tiêu Chiến Long,ZhenShou150213GangQuanLongRen07,,,,
1643,Cửu Tiêu Chiến Long,ZhenShou150213GangQuanLongRen08,,,,
1644,Cửu Tiêu Chiến Long,ZhenShou150213GangQuanLongRen09,,,,
1645,Đồng Tâm Uyên Ương,YuanYangFangDaBan,,,,
1646,Đồng Tâm Uyên Ương,YuanYangFangDaBan1,,,,
1647,Đồng Tâm Uyên Ương,YuanYangFangDaBan2,,,,
1648,Đồng Tâm Uyên Ương,YuanYangFangDaBan,,,,
1649,Đồng Tâm Uyên Ương,YuanYangFangDaBan3,,,,
1650,Đồng Tâm Uyên Ương,YuanYangFangDaBan4,,,,
1651,Đồng Tâm Uyên Ương,YuanYangFangDaBan5,,,,
1652,Đồng Tâm Uyên Ương,YuanYangFangDaBan6,,,,
1653,Đồng Tâm Uyên Ương,YuanYangFangDaBan7,,,,
1654,Đồng Tâm Uyên Ương,YuanYangFangDaBan8,,,,
1655,Thiết Phiến Công Chúa,ZhenShou150525NiuLangZhiNu01,,,,
1656,Thiết Phiến Công Chúa,ZhenShou150525NiuLangZhiNu02,,,,
1657,Thiết Phiến Công Chúa,ZhenShou150525NiuLangZhiNu03,,,,
1658,Thiết Phiến Công Chúa,ZhenShou150525NiuLangZhiNu01,,,,
1659,Thiết Phiến Công Chúa,ZhenShou150525NiuLangZhiNu04,,,,
1660,Thiết Phiến Công Chúa,ZhenShou150525NiuLangZhiNu05,,,,
1661,Thiết Phiến Công Chúa,ZhenShou150525NiuLangZhiNu06,,,,
1662,Thiết Phiến Công Chúa,ZhenShou150525NiuLangZhiNu07,,,,
1663,Thiết Phiến Công Chúa,ZhenShou150525NiuLangZhiNu08,,,,
1664,Thiết Phiến Công Chúa,ZhenShou150525NiuLangZhiNu09,,,,
1665,Thông Tí Viên Hầu,ZhenShou150811HouZi01,,,,
1666,Thông Tí Viên Hầu,ZhenShou150811HouZi02,,,,
1667,Thông Tí Viên Hầu,ZhenShou150811HouZi03,,,,
1668,Thông Tí Viên Hầu,ZhenShou150811HouZi01,,,,
1669,Thông Tí Viên Hầu,ZhenShou150811HouZi04,,,,
1670,Thông Tí Viên Hầu,ZhenShou150811HouZi05,,,,
1671,Thông Tí Viên Hầu,ZhenShou150811HouZi06,,,,
1672,Thông Tí Viên Hầu,ZhenShou150811HouZi07,,,,
1673,Thông Tí Viên Hầu,ZhenShou150811HouZi08,,,,
1674,Thông Tí Viên Hầu,ZhenShou150811HouZi09,,,,
1675,Đại Sa Ngư,ZhenShou140416DaShaYu01,,,,
1676,Đại Sa Ngư,ZhenShou140416DaShaYu02,,,,
1677,Đại Sa Ngư,ZhenShou140416DaShaYu03,,,,
1678,Đại Sa Ngư,ZhenShou140416DaShaYu01,,,,
1679,Đại Sa Ngư,ZhenShou140416DaShaYu04,,,,
1680,Đại Sa Ngư,ZhenShou140416DaShaYu05,,,,
1681,Đại Sa Ngư,ZhenShou140416DaShaYu06,,,,
1682,Đại Sa Ngư,ZhenShou140416DaShaYu07,,,,
1683,Đại Sa Ngư,ZhenShou140416DaShaYu08,,,,
1684,Đại Sa Ngư,ZhenShou140416DaShaYu09,,,,
1685,Mỹ Hầu Vương,ZhenShou150910DaSheng01,,,,
1686,Mỹ Hầu Vương,ZhenShou150910DaSheng02,,,,
1687,Mỹ Hầu Vương,ZhenShou150910DaSheng03,,,,
1688,Mỹ Hầu Vương,ZhenShou150910DaSheng01,,,,
1689,Mỹ Hầu Vương,ZhenShou150910DaSheng04,,,,
1690,Mỹ Hầu Vương,ZhenShou150910DaSheng05,,,,
1691,Mỹ Hầu Vương,ZhenShou150910DaSheng06,,,,
1692,Mỹ Hầu Vương,ZhenShou150910DaSheng07,,,,
1693,Mỹ Hầu Vương,ZhenShou150910DaSheng08,,,,
1694,Mỹ Hầu Vương,ZhenShou150910DaSheng09,,,,
1695,Tề Thiên Đại Thánh,ZhenShou151027ZuanShiVIPDaSheng01,,,,
1696,BobCon,ZhenShou151027ZuanShiVIPDaSheng01,,,,
1697,Tề Thiên Đại Thánh,ZhenShou151027ZuanShiVIPDaSheng02,,,,
1698,Tề Thiên Đại Thánh,ZhenShou151027ZuanShiVIPDaSheng03,,,,
1699,Tề Thiên Đại Thánh,ZhenShou151027ZuanShiVIPDaSheng01,,,,
1700,Tề Thiên Đại Thánh,ZhenShou151027ZuanShiVIPDaSheng04,,,,
1701,Tề Thiên Đại Thánh,ZhenShou151027ZuanShiVIPDaSheng05,,,,
1702,Tề Thiên Đại Thánh,ZhenShou151027ZuanShiVIPDaSheng06,,,,
1703,Tề Thiên Đại Thánh,ZhenShou151027ZuanShiVIPDaSheng07,,,,
1704,Tề Thiên Đại Thánh,ZhenShou151027ZuanShiVIPDaSheng08,,,,
1705,Tề Thiên Đại Thánh,ZhenShou151027ZuanShiVIPDaSheng09,,,,
1706,Trĩ Nguyệt Linh,ZhenShou150810YueLiangShaoNu01,,,,
1707,Trĩ Nguyệt Linh,ZhenShou150810YueLiangShaoNu02,,,,
1708,Trĩ Nguyệt Linh,ZhenShou150810YueLiangShaoNu03,,,,
1709,Trĩ Nguyệt Linh,ZhenShou150810YueLiangShaoNu01,,,,
1710,Trĩ Nguyệt Linh,ZhenShou150810YueLiangShaoNu04,,,,
1711,Trĩ Nguyệt Linh,ZhenShou150810YueLiangShaoNu05,,,,
1712,Trĩ Nguyệt Linh,ZhenShou150810YueLiangShaoNu06,,,,
1713,Trĩ Nguyệt Linh,ZhenShou150810YueLiangShaoNu07,,,,
1714,Trĩ Nguyệt Linh,ZhenShou150810YueLiangShaoNu08,,,,
1715,Trĩ Nguyệt Linh,ZhenShou150810YueLiangShaoNu09,,,,
1716,Nhị Lang Chân Quân,ZhenShou151012ErLangShen01,,,,
1717,Nhị Lang Chân Quân,ZhenShou151012ErLangShen02,,,,
1718,Nhị Lang Chân Quân,ZhenShou151012ErLangShen03,,,,
1719,Nhị Lang Chân Quân,ZhenShou151012ErLangShen01,,,,
1720,Nhị Lang Chân Quân,ZhenShou151012ErLangShen04,,,,
1721,Nhị Lang Chân Quân,ZhenShou151012ErLangShen05,,,,
1722,Nhị Lang Chân Quân,ZhenShou151012ErLangShen07,,,,
1723,Nhị Lang Chân Quân,ZhenShou151012ErLangShen06,,,,
1724,Nhị Lang Chân Quân,ZhenShou151012ErLangShen08,,,,
1725,Nhị Lang Chân Quân,ZhenShou151012ErLangShen09,,,,
1726,Đông Tử,ZhenShou160411JingDongGou01,,,,
1727,Đông Tử,ZhenShou160411JingDongGou02,,,,
1728,Đông Tử,ZhenShou160411JingDongGou03,,,,
1729,Đông Tử,ZhenShou160411JingDongGou01,,,,
1730,Long Tam Thái Tử,ZhenShou160309TaiZiLong01,,,,
1731,Long Tam Thái Tử,ZhenShou160309TaiZiLong02,,,,
1732,Long Tam Thái Tử,ZhenShou160309TaiZiLong03,,,,
1733,Long Tam Thái Tử,ZhenShou160309TaiZiLong01,,,,
1734,Long Tam Thái Tử,ZhenShou160309TaiZiLong04,,,,
1735,Long Tam Thái Tử,ZhenShou160309TaiZiLong05,,,,
1736,Long Tam Thái Tử,ZhenShou160309TaiZiLong06,,,,
1737,Long Tam Thái Tử,ZhenShou160309TaiZiLong07,,,,
1738,Long Tam Thái Tử,ZhenShou160309TaiZiLong08,,,,
1739,Long Tam Thái Tử,ZhenShou160309TaiZiLong09,,,,
1740,Hồ Tiểu Tiên,ZhenShou160325ZhenShouMiao01,,,,
1741,Hồ Tiểu Tiên,ZhenShou160325ZhenShouMiao02,,,,
1742,Hồ Tiểu Tiên,ZhenShou160325ZhenShouMiao03,,,,
1743,Hồ Tiểu Tiên,ZhenShou160325ZhenShouMiao01,,,,
1744,Hồ Tiểu Tiên,ZhenShou160325ZhenShouMiao04,,,,
1745,Hồ Tiểu Tiên,ZhenShou160325ZhenShouMiao05,,,,
1746,Hồ Tiểu Tiên,ZhenShou160325ZhenShouMiao06,,,,
1747,Hồ Tiểu Tiên,ZhenShou160325ZhenShouMiao07,,,,
1748,Hồ Tiểu Tiên,ZhenShou160325ZhenShouMiao08,,,,
1749,Hồ Tiểu Tiên,ZhenShou160325ZhenShouMiao09,,,,
1750,Manh Bảo Trư,ZhenShou140416ChongWuZhu01,,,,
1751,Manh Bảo Trư,ZhenShou140416ChongWuZhu02,,,,
1752,Manh Bảo Trư,ZhenShou140416ChongWuZhu03,,,,
1753,Manh Bảo Trư,ZhenShou140416ChongWuZhu01,,,,
1754,Manh Bảo Trư,ZhenShou140416ChongWuZhu04,,,,
1755,Manh Bảo Trư,ZhenShou140416ChongWuZhu05,,,,
1756,Manh Bảo Trư,ZhenShou140416ChongWuZhu06,,,,
1757,Manh Bảo Trư,ZhenShou140416ChongWuZhu07,,,,
1758,Manh Bảo Trư,ZhenShou140416ChongWuZhu08,,,,
1759,Manh Bảo Trư,ZhenShou140416ChongWuZhu09,,,,
1760,Oa Hoàng Long Quân,ZhenShou121218ZuanShiVIPShe1,,,,
1761,Oa Hoàng Long Quân,ZhenShou160927JueXingLongMang,,,,
1762,Oa Hoàng Long Quân,ZhenShou121218ZuanShiVIPShe1,,,,
1763,Linh Mị Nhi,ZhenShou160725YouYouQiu01,,,,
1764,Linh Mị Nhi,ZhenShou160725YouYouQiu07,,,,
1765,Linh Mị Nhi,ZhenShou160725YouYouQiu06,,,,
1766,Linh Mị Nhi,ZhenShou160725YouYouQiu01,,,,
1767,Linh Mị Nhi,ZhenShou160725YouYouQiu04,,,,
1768,Linh Mị Nhi,ZhenShou160725YouYouQiu05,,,,
1769,Linh Mị Nhi,ZhenShou160725YouYouQiu03,,,,
1770,Linh Mị Nhi,ZhenShou160725YouYouQiu02,,,,
1771,Linh Mị Nhi,ZhenShou160725YouYouQiu09,,,,
1772,Linh Mị Nhi,ZhenShou160725YouYouQiu08,,,,
1773,Oa Hoàng Long Đế,ZhenShou121218ZuanShiVIPShe1,,,,
1774,Oa Hoàng Long Đế,ZhenShou160927JueXingLongMang2,,,,
1775,Oa Hoàng Long Đế,ZhenShou121218ZuanShiVIPShe1,,,,
1776,Bích Lạc Thanh Loan,ZhenShou161112VIPFengHuang01,,,,
1777,Bích Lạc Thanh Loan,ZhenShou161112VIPFengHuang02,,,,
1778,Bích Lạc Thanh Loan,ZhenShou161112VIPFengHuang03,,,,
1779,Bích Lạc Thanh Loan,ZhenShou161112VIPFengHuang01,,,,
1780,Bích Lạc Thanh Loan,ZhenShou161112VIPFengHuang04,,,,
1781,Bích Lạc Thanh Loan,ZhenShou161112VIPFengHuang05,,,,
1782,Bích Lạc Thanh Loan,ZhenShou161112VIPFengHuang07,,,,
1783,Bích Lạc Thanh Loan,ZhenShou161112VIPFengHuang06,,,,
1784,Bích Lạc Thanh Loan,ZhenShou161112VIPFengHuang09,,,,
1785,Bích Lạc Thanh Loan,ZhenShou161112VIPFengHuang08,,,,
1786,Thiên Mệnh Huyền Phượng,ZhenShou161112ZuanShiVIPFengHuang01,,,,
1787,Thiên Mệnh Huyền Phượng,ZhenShou161112ZuanShiVIPFengHuang02,,,,
1788,Thiên Mệnh Huyền Phượng,ZhenShou161112ZuanShiVIPFengHuang03,,,,
1789,Thiên Mệnh Huyền Phượng,ZhenShou161112ZuanShiVIPFengHuang01,,,,
1790,Thiên Mệnh Huyền Phượng,ZhenShou161112ZuanShiVIPFengHuang04,,,,
1791,Thiên Mệnh Huyền Phượng,ZhenShou161112ZuanShiVIPFengHuang05,,,,
1792,Thiên Mệnh Huyền Phượng,ZhenShou161112ZuanShiVIPFengHuang07,,,,
1793,Thiên Mệnh Huyền Phượng,ZhenShou161112ZuanShiVIPFengHuang06,,,,
1794,Thiên Mệnh Huyền Phượng,ZhenShou161112ZuanShiVIPFengHuang09,,,,
1795,Thiên Mệnh Huyền Phượng,ZhenShou161112ZuanShiVIPFengHuang08,,,,
1796,Diệu Thử Tiểu,ZhenShou161120TaiJiShu01,,,,
1797,Diệu Thử Tiểu Tiên,ZhenShou161120TaiJiShu02,,,,
1798,Diệu Thử Tiểu Tiên,ZhenShou161120TaiJiShu04,,,,
1799,Diệu Thử Tiểu Tiên,ZhenShou161120TaiJiShu01,,,,
1800,Diệu Thử Tiểu Tiên,ZhenShou161120TaiJiShu03,,,,
1801,Diệu Thử Tiểu Tiên,ZhenShou161120TaiJiShu05,,,,
1802,Diệu Thử Tiểu Tiên,ZhenShou161120TaiJiShu06,,,,
1803,Diệu Thử Tiểu Tiên,ZhenShou161120TaiJiShu07,,,,
1804,Diệu Thử Tiểu Tiên,ZhenShou161120TaiJiShu08,,,,
1805,Diệu Thử Tiểu Tiên,ZhenShou161120TaiJiShu09,,,,
1806,Thần Kỳ Tiểu Tử,ZhenShou20161025XiaoPaoShou1,,,,
1807,Thần Kỳ Tiểu Tử,ZhenShou20161025XiaoPaoShou2,,,,
1808,Thần Kỳ Tiểu Tử,ZhenShou20161025XiaoPaoShou3,,,,
1809,Thần Kỳ Tiểu Tử,ZhenShou20161025XiaoPaoShou1,,,,
1810,Thần Kỳ Tiểu Tử,ZhenShou20161025XiaoPaoShou4,,,,
1811,Thần Kỳ Tiểu Tử,ZhenShou20161025XiaoPaoShou5,,,,
1812,Thần Kỳ Tiểu Tử,ZhenShou20161025XiaoPaoShou6,,,,
1813,Thần Kỳ Tiểu Tử,ZhenShou20161025XiaoPaoShou7,,,,
1814,Thần Kỳ Tiểu Tử,ZhenShou20161025XiaoPaoShou8,,,,
1815,Thần Kỳ Tiểu Tử,ZhenShou20161025XiaoPaoShou9,,,,
1816,Vân Tiêu Ngọc Thố,ZhenShou20110803QiXiJieTuZi1,,,,
1817,Vân Tiêu Ngọc Thố,ZhenShou20110803QiXiJieTuZi2,,,,
1818,Vân Tiêu Ngọc Thố,ZhenShou20110803QiXiJieTuZi3,,,,
1819,Vân Tiêu Ngọc Thố,ZhenShou20110803QiXiJieTuZi1,,,,
1820,Vân Tiêu Ngọc Thố,ZhenShou20110803QiXiJieTuZi4,,,,
1821,Vân Tiêu Ngọc Thố,ZhenShou20110803QiXiJieTuZi5,,,,
1822,Vân Tiêu Ngọc Thố,ZhenShou20110803QiXiJieTuZi6,,,,
1823,Vân Tiêu Ngọc Thố,ZhenShou20110803QiXiJieTuZi7,,,,
1824,Vân Tiêu Ngọc Thố,ZhenShou20110803QiXiJieTuZi8,,,,
1825,Vân Tiêu Ngọc Thố,ZhenShou20110803QiXiJieTuZi9,,,,
1826,Linh Châu Tử,ZhenShou170909NaZha01,,,,
1827,Linh Châu Tử,ZhenShou170909NaZha03,,,,
1828,Linh Châu Tử,ZhenShou170909NaZha02,,,,
1829,Linh Châu Tử,ZhenShou170909NaZha01,,,,
1830,Linh Châu Tử,ZhenShou170909NaZha04,,,,
1831,Linh Châu Tử,ZhenShou170909NaZha05,,,,
1832,Linh Châu Tử,ZhenShou170909NaZha06,,,,
1833,Linh Châu Tử,ZhenShou170909NaZha07,,,,
1834,Linh Châu Tử,ZhenShou170909NaZha08,,,,
1835,Linh Châu Tử,ZhenShou170909NaZha09,,,,
1836,Phệ Nguyệt Thương cẩu,ZhenShou171027ZuanShiVIPGou01,,,,
1837,Phệ Nguyệt Thương cẩu,ZhenShou171027ZuanShiVIPGou02,,,,
1838,Phệ Nguyệt Thương cẩu,ZhenShou171027ZuanShiVIPGou03,,,,
1839,Phệ Nguyệt Thương cẩu,ZhenShou171027ZuanShiVIPGou01,,,,
1840,Phệ Nguyệt Thương cẩu,ZhenShou171027ZuanShiVIPGou04,,,,
1841,Phệ Nguyệt Thương cẩu,ZhenShou171027ZuanShiVIPGou05,,,,
1842,Phệ Nguyệt Thương cẩu,ZhenShou171027ZuanShiVIPGou06,,,,
1843,Phệ Nguyệt Thương cẩu,ZhenShou171027ZuanShiVIPGou07,,,,
1844,Phệ Nguyệt Thương cẩu,ZhenShou171027ZuanShiVIPGou08,,,,
1845,Phệ Nguyệt Thương cẩu,ZhenShou171027ZuanShiVIPGou09,,,,
1846,Tử Tiêu Huyền Lang,ZhenShou171008vipGou01,,,,
1847,Dị Biến Tử Tiêu Huyền Lang,ZhenShou171008vipGou02,,,,
1848,Dị Biến Tử Tiêu Huyền Lang,ZhenShou171008vipGou03,,,,
1849,Tử Tiêu Huyền Lang,ZhenShou171008vipGou01,,,,
1850,Dị Biến Tử Tiêu Huyền Lang,ZhenShou171008vipGou04,,,,
1851,Dị Biến Tử Tiêu Huyền Lang,ZhenShou171008vipGou05,,,,
1852,Dị Biến Tử Tiêu Huyền Lang,ZhenShou171008vipGou06,,,,
1853,Dị Biến Tử Tiêu Huyền Lang,ZhenShou171008vipGou07,,,,
1854,Dị Biến Tử Tiêu Huyền Lang,ZhenShou171008vipGou08,,,,
1855,Dị Biến Tử Tiêu Huyền Lang,ZhenShou171008vipGou09,,,,
1856,Chiêu Tài Cẩm Hồ,ZhenShou170321XinHuXianWuQi01,,,,
1857,Chiêu Tài Cẩm Hồ,ZhenShou170321XinHuXianWuQi06,,,,
1858,Chiêu Tài Cẩm Hồ,ZhenShou170321XinHuXianWuQi04,,,,
1859,Chiêu Tài Cẩm Hồ,ZhenShou170321XinHuXianWuQi03,,,,
1860,Chiêu Tài Cẩm Hồ,ZhenShou170321XinHuXianWuQi05,,,,
1861,Chiêu Tài Cẩm Hồ,ZhenShou170321XinHuXianWuQi02,,,,
1862,Chiêu Tài Cẩm Hồ,ZhenShou170321XinHuXianWuQi08,,,,
1863,Chiêu Tài Cẩm Hồ,ZhenShou170321XinHuXianWuQi07,,,,
1864,Chiêu Tài Cẩm Hồ,ZhenShou170321XinHuXianWuQi09,,,,
1865,Chiêu Tài Cẩm Hồ,ZhenShou170321XinHuXianWuQi01,,,,
1866,Đản Đản Kê,ZhenShou180324DanDanJi01,,,,
1867,Đản Đản Kê,ZhenShou180324DanDanJi05,,,,
1868,Đản Đản Kê,ZhenShou180324DanDanJi03,,,,
1869,Đản Đản Kê,ZhenShou180324DanDanJi01,,,,
1870,Đản Đản Kê,ZhenShou180324DanDanJi06,,,,
1871,Đản Đản Kê,ZhenShou180324DanDanJi02,,,,
1872,Đản Đản Kê,ZhenShou180324DanDanJi07,,,,
1873,Đản Đản Kê,ZhenShou180324DanDanJi04,,,,
1874,Đản Đản Kê,ZhenShou180324DanDanJi08,,,,
1875,Tiêu Tiêu,ZhenShou180324DanDanJi09,,,,
1876,Ly Mỹ Nhân,ZhenShou180621MeiMao03,,,,
1877,Ly Mỹ Nhân,ZhenShou180621MeiMao04,,,,
1878,Ly Mỹ Nhân,ZhenShou180621MeiMao06,,,,
1879,Ly Mỹ Nhân,ZhenShou180621MeiMao03,,,,
1880,Ly Mỹ Nhân,ZhenShou180621MeiMao05,,,,
1881,Ly Mỹ Nhân,ZhenShou180621MeiMao02,,,,
1882,Ly Mỹ Nhân,ZhenShou180621MeiMao01,,,,
1883,Ly Mỹ Nhân,ZhenShou180621MeiMao08,,,,
1884,Ly Mỹ Nhân,ZhenShou180621MeiMao07,,,,
1885,Ly Mỹ Nhân,ZhenShou180621MeiMao09,,,,
1886,Thần Long Mãng,ZhenShou121218ZuanShiVIPShe8,,,,
1887,Thần Long Cát Tường Miêu,MoJingMao8a,,,,
1888,Thần Long Ngọc Thố,ZhenShou20110803QiXiJieTuZi9a,,,,
1889,Tiểu Long Thần,ZhenShou20111125ShengDanJieLongBaoBao9,,,,
