RowIndex,Tag,ID,ResName,Avarta,Name,MaxSkills,MaxEnergy,ModelScale,Text,ChildrenJSON
1501,Spirit,1501,ZhenShou131112ZuanShivipMa8,PetHeader7_5,Thái Thương Long Tử,1,100,0.3,,
1502,Spirit,1502,ZhenShou131112ZuanShivipMa9,PetHeader7_5,Thái Thương Long Tử,1,100,0.3,,
1503,Spirit,1503,ZhenShou131112ZuanShivipMa5,PetHeader7_5,Thái Thương Long Tử,1,100,0.3,,
1504,Spirit,1504,ZhenShou131125XinNianHuoPaoXiongMao01,PetHeader7_6,Bạo Tẩu Hùng Miêu,1,100,0.3,,
1505,Spirit,1505,ZhenShou131125XinNianHuoPaoXiongMao02,PetHeader7_6,Bạo Tẩu Hùng Miêu,1,100,0.3,,
1506,Spirit,1506,ZhenShou131125XinNianHuoPaoXiongMao03,PetHeader7_6,Bạo Tẩu Hùng Miêu,1,100,0.3,,
1507,Spirit,1507,ZhenShou131125XinNianHuoPaoXiongMao01,PetHeader7_6,Bạo Tẩu Hùng Miêu,1,100,0.3,,
1508,Spirit,1508,ZhenShou131125XinNianHuoPaoXiongMao05,PetHeader7_6,Bạo Tẩu Hùng Miêu,1,100,0.3,,
1509,Spirit,1509,ZhenShou131125XinNianHuoPaoXiongMao04,PetHeader7_6,Bạo Tẩu Hùng Miêu,1,100,0.3,,
1510,Spirit,1510,ZhenShou131125XinNianHuoPaoXiongMao06,PetHeader7_6,Bạo Tẩu Hùng Miêu,1,100,0.3,,
1511,Spirit,1511,ZhenShou131125XinNianHuoPaoXiongMao07,PetHeader7_6,Bạo Tẩu Hùng Miêu,1,100,0.3,,
1512,Spirit,1512,ZhenShou131125XinNianHuoPaoXiongMao08,PetHeader7_6,Bạo Tẩu Hùng Miêu,1,100,0.3,,
1513,Spirit,1513,ZhenShou131125XinNianHuoPaoXiongMao09,PetHeader7_6,Bạo Tẩu Hùng Miêu,1,100,0.3,,
1514,Spirit,1514,ZhenShou131031YinYouJingLing01,PetHeader7_7,Minh Âm Hoa Linh,1,100,0.3,,
1515,Spirit,1515,ZhenShou131031YinYouJingLing02,PetHeader7_7,Minh Âm Hoa Linh,1,100,0.3,,
1516,Spirit,1516,ZhenShou131031YinYouJingLing03,PetHeader7_7,Minh Âm Hoa Linh,1,100,0.3,,
1517,Spirit,1517,ZhenShou131031YinYouJingLing01,PetHeader7_7,Minh Âm Hoa Linh,1,100,0.3,,
1518,Spirit,1518,ZhenShou131031YinYouJingLing07,PetHeader7_7,Minh Âm Hoa Linh,1,100,0.3,,
1519,Spirit,1519,ZhenShou131031YinYouJingLing08,PetHeader7_7,Minh Âm Hoa Linh,1,100,0.3,,
1520,Spirit,1520,ZhenShou131031YinYouJingLing05,PetHeader7_7,Minh Âm Hoa Linh,1,100,0.3,,
1521,Spirit,1521,ZhenShou131031YinYouJingLing06,PetHeader7_7,Minh Âm Hoa Linh,1,100,0.3,,
1522,Spirit,1522,ZhenShou131031YinYouJingLing04,PetHeader7_7,Minh Âm Hoa Linh,1,100,0.3,,
1523,Spirit,1523,ZhenShou131031YinYouJingLing09,PetHeader7_7,Minh Âm Hoa Linh,1,100,0.3,,
1524,Spirit,1524,HongDouEr140331,PetHeader7_9,Tiểu Dị,1,100,0.3,,
1525,Spirit,1525,HongDouErHeiYi140331,PetHeader7_9,Tiểu Dị,1,100,0.3,,
1526,Spirit,1526,HongDouErHuangYi140331,PetHeader7_9,Tiểu Dị,1,100,0.3,,
1527,Spirit,1527,HongDouEr140331,PetHeader7_9,Tiểu Dị,1,100,0.3,,
1528,Spirit,1528,ZhenShou140208MaShangYou01,PetHeader7_8,Tiểu Mã Ca,1,100,0.3,,
1529,Spirit,1529,ZhenShou140208MaShangYou02,PetHeader7_8,Tiểu Mã Ca,1,100,0.3,,
1530,Spirit,1530,ZhenShou140208MaShangYou03,PetHeader7_8,Tiểu Mã Ca,1,100,0.3,,
1531,Spirit,1531,ZhenShou140208MaShangYou01,PetHeader7_8,Tiểu Mã Ca,1,100,0.3,,
1532,Spirit,1532,ZhenShou140208MaShangYou04,PetHeader7_8,Tiểu Mã Ca,1,100,0.3,,
1533,Spirit,1533,ZhenShou140208MaShangYou05,PetHeader7_8,Tiểu Mã Ca,1,100,0.3,,
1534,Spirit,1534,ZhenShou140208MaShangYou06,PetHeader7_8,Tiểu Mã Ca,1,100,0.3,,
1535,Spirit,1535,ZhenShou140208MaShangYou07,PetHeader7_8,Tiểu Mã Ca,1,100,0.3,,
1536,Spirit,1536,ZhenShou140208MaShangYou08,PetHeader7_8,Tiểu Mã Ca,1,100,0.3,,
1537,Spirit,1537,ZhenShou140208MaShangYou09,PetHeader7_8,Tiểu Mã Ca,1,100,0.3,,
1538,Spirit,1538,ZhenShou20140326JiQiRen01,PetHeader7_13,Bách Chiến Kim Cang,1,100,0.3,,
1539,Spirit,1539,ZhenShou20140326JiQiRen02,PetHeader7_13,Bách Chiến Kim Cang,1,100,0.3,,
1540,Spirit,1540,ZhenShou20140326JiQiRen03,PetHeader7_13,Bách Chiến Kim Cang,1,100,0.3,,
1541,Spirit,1541,ZhenShou20140326JiQiRen01,PetHeader7_13,Bách Chiến Kim Cang,1,100,0.3,,
1542,Spirit,1542,ZhenShou20140326JiQiRen04,PetHeader7_13,Bách Chiến Kim Cang,1,100,0.3,,
1543,Spirit,1543,ZhenShou20140326JiQiRen06,PetHeader7_13,Bách Chiến Kim Cang,1,100,0.3,,
1544,Spirit,1544,ZhenShou20140326JiQiRen05,PetHeader7_13,Bách Chiến Kim Cang,1,100,0.3,,
1545,Spirit,1545,ZhenShou20140326JiQiRen08,PetHeader7_13,Bách Chiến Kim Cang,1,100,0.3,,
1546,Spirit,1546,ZhenShou20140326JiQiRen09,PetHeader7_13,Bách Chiến Kim Cang,1,100,0.3,,
1547,Spirit,1547,ZhenShou20140326JiQiRen07,PetHeader7_13,Bách Chiến Kim Cang,1,100,0.3,,
1548,Spirit,1548,ZhenShou141020vipZhanDouYangRen01,PetHeader7_17,Thanh Dương,1,100,0.3,,
1549,Spirit,1549,ZhenShou141020vipZhanDouYangRen07,PetHeader7_17,Thanh Dương,1,100,0.3,,
1550,Spirit,1550,ZhenShou141020vipZhanDouYangRen03,PetHeader7_17,Thanh Dương,1,100,0.3,,
1551,Spirit,1551,ZhenShou141020vipZhanDouYangRen01,PetHeader7_17,Thanh Dương,1,100,0.3,,
1552,Spirit,1552,ZhenShou141020vipZhanDouYangRen06,PetHeader7_17,Thanh Dương,1,100,0.3,,
1553,Spirit,1553,ZhenShou141020vipZhanDouYangRen02,PetHeader7_17,Thanh Dương,1,100,0.3,,
1554,Spirit,1554,ZhenShou141020vipZhanDouYangRen04,PetHeader7_17,Thanh Dương,1,100,0.3,,
1555,Spirit,1555,ZhenShou141020vipZhanDouYangRen08,PetHeader7_17,Thanh Dương,1,100,0.3,,
1556,Spirit,1556,ZhenShou141020vipZhanDouYangRen09,PetHeader7_17,Thanh Dương,1,100,0.3,,
1557,Spirit,1557,ZhenShou141020vipZhanDouYangRen05,PetHeader7_17,Thanh Dương,1,100,0.3,,
1558,Spirit,1558,ZhenShou141020ZuanShivipShenYangRen01,PetHeader7_18,Dương Thiên Đại Thánh,1,100,0.3,,
1559,Spirit,1559,ZhenShou141020ZuanShivipShenYangRen02,PetHeader7_18,Dương Thiên Đại Thánh,1,100,0.3,,
1560,Spirit,1560,ZhenShou141020ZuanShivipShenYangRen03,PetHeader7_18,Dương Thiên Đại Thánh,1,100,0.3,,
1561,Spirit,1561,ZhenShou141020ZuanShivipShenYangRen01,PetHeader7_18,Dương Thiên Đại Thánh,1,100,0.3,,
1562,Spirit,1562,ZhenShou141020ZuanShivipShenYangRen04,PetHeader7_18,Dương Thiên Đại Thánh,1,100,0.3,,
1563,Spirit,1563,ZhenShou141020ZuanShivipShenYangRen05,PetHeader7_18,Dương Thiên Đại Thánh,1,100,0.3,,
1564,Spirit,1564,ZhenShou141020ZuanShivipShenYangRen06,PetHeader7_18,Dương Thiên Đại Thánh,1,100,0.3,,
1565,Spirit,1565,ZhenShou141020ZuanShivipShenYangRen07,PetHeader7_18,Dương Thiên Đại Thánh,1,100,0.3,,
1566,Spirit,1566,ZhenShou141020ZuanShivipShenYangRen08,PetHeader7_18,Dương Thiên Đại Thánh,1,100,0.3,,
1567,Spirit,1567,ZhenShou141020ZuanShivipShenYangRen09,PetHeader7_18,Dương Thiên Đại Thánh,1,100,0.3,,
1568,Spirit,1568,ZhenShou20140822YuZiJinTong1,PetHeader7_16,Kim Đồng Ngọc Nữ,1,100,0.3,,
1569,Spirit,1569,ZhenShou20140822YuZiJinTong2,PetHeader7_16,Kim Đồng Ngọc Nữ,1,100,0.3,,
1570,Spirit,1570,ZhenShou20140822YuZiJinTong5,PetHeader7_16,Kim Đồng Ngọc Nữ,1,100,0.3,,
1571,Spirit,1571,ZhenShou20140822YuZiJinTong1,PetHeader7_16,Kim Đồng Ngọc Nữ,1,100,0.3,,
1572,Spirit,1572,ZhenShou20140822YuZiJinTong4,PetHeader7_16,Kim Đồng Ngọc Nữ,1,100,0.3,,
1573,Spirit,1573,ZhenShou20140822YuZiJinTong3,PetHeader7_16,Kim Đồng Ngọc Nữ,1,100,0.3,,
1574,Spirit,1574,ZhenShou20140822YuZiJinTong8,PetHeader7_16,Kim Đồng Ngọc Nữ,1,100,0.3,,
1575,Spirit,1575,ZhenShou20140822YuZiJinTong7,PetHeader7_16,Kim Đồng Ngọc Nữ,1,100,0.3,,
1576,Spirit,1576,ZhenShou20140822YuZiJinTong6,PetHeader7_16,Kim Đồng Ngọc Nữ,1,100,0.3,,
1577,Spirit,1577,ZhenShou20140822YuZiJinTong9,PetHeader7_16,Kim Đồng Ngọc Nữ,1,100,0.3,,
1578,Spirit,1578,ZhenShou140403ZuiJiuXiong01,PetHeader7_10,Gấu Ham Chơi,1,100,0.3,,
1579,Spirit,1579,ZhenShou140403ZuiJiuXiong02,PetHeader7_10,Gấu Ham Chơi,1,100,0.3,,
1580,Spirit,1580,ZhenShou140403ZuiJiuXiong03,PetHeader7_10,Gấu Ham Chơi,1,100,0.3,,
1581,Spirit,1581,ZhenShou140403ZuiJiuXiong01,PetHeader7_10,Gấu Ham Chơi,1,100,0.3,,
1582,Spirit,1582,ZhenShou140403ZuiJiuXiong05,PetHeader7_10,Gấu Ham Chơi,1,100,0.3,,
1583,Spirit,1583,ZhenShou140403ZuiJiuXiong04,PetHeader7_10,Gấu Ham Chơi,1,100,0.3,,
1584,Spirit,1584,ZhenShou140403ZuiJiuXiong06,PetHeader7_10,Gấu Ham Chơi,1,100,0.3,,
1585,Spirit,1585,ZhenShou140403ZuiJiuXiong07,PetHeader7_10,Gấu Ham Chơi,1,100,0.3,,
1586,Spirit,1586,ZhenShou140403ZuiJiuXiong08,PetHeader7_10,Gấu Ham Chơi,1,100,0.3,,
1587,Spirit,1587,ZhenShou140403ZuiJiuXiong09,PetHeader7_10,Gấu Ham Chơi,1,100,0.3,,
1588,Spirit,1588,ZhenShou140520JueXingBaoBaoYuanYuan02,PetHeader7_11,Nguyên Nguyên,1,100,0.3,,
1589,Spirit,1589,ZhenShou140520JueXingBaoBaoYuanYuan01,PetHeader7_11,Nguyên Nguyên,1,100,0.3,,
1590,Spirit,1590,ZhenShou140520JueXingBaoBaoYuanYuan02,PetHeader7_11,Nguyên Nguyên,1,100,0.3,,
1591,Spirit,1591,ZhenShou20140520MeiRenYuZhenShou1,PetHeader7_14,Công Chúa Nhân Ngư,1,100,0.3,,
1592,Spirit,1592,ZhenShou20140520MeiRenYuZhenShou2,PetHeader7_14,Công Chúa Nhân Ngư,1,100,0.3,,
1593,Spirit,1593,ZhenShou20140520MeiRenYuZhenShou3,PetHeader7_14,Công Chúa Nhân Ngư,1,100,0.3,,
1594,Spirit,1594,ZhenShou20140520MeiRenYuZhenShou1,PetHeader7_14,Công Chúa Nhân Ngư,1,100,0.3,,
1595,Spirit,1595,ZhenShou20140520MeiRenYuZhenShou4,PetHeader7_14,Công Chúa Nhân Ngư,1,100,0.3,,
1596,Spirit,1596,ZhenShou20140520MeiRenYuZhenShou5,PetHeader7_14,Công Chúa Nhân Ngư,1,100,0.3,,
1597,Spirit,1597,ZhenShou20140520MeiRenYuZhenShou6,PetHeader7_14,Công Chúa Nhân Ngư,1,100,0.3,,
1598,Spirit,1598,ZhenShou20140520MeiRenYuZhenShou7,PetHeader7_14,Công Chúa Nhân Ngư,1,100,0.3,,
1599,Spirit,1599,ZhenShou20140520MeiRenYuZhenShou8,PetHeader7_14,Công Chúa Nhân Ngư,1,100,0.3,,
1600,Spirit,1600,ZhenShou20140520MeiRenYuZhenShou9,PetHeader7_14,Công Chúa Nhân Ngư,1,100,0.3,,
1601,Spirit,1601,ChongWuPangXie,PetHeader3_23,Bàng Giải,1,100,0.3,,
1602,Spirit,1602,ChongWuPangXie1,PetHeader3_23,Bàng Giải,1,100,0.3,,
1603,Spirit,1603,ChongWuPangXie2,PetHeader3_23,Bàng Giải,1,100,0.3,,
1604,Spirit,1604,ChongWuPangXie,PetHeader3_23,Bàng Giải,1,100,0.3,,
1605,Spirit,1605,ZhenShou140529ZhuRong1,PetHeader7_15,Chiến Tu La,1,100,0.3,,
1606,Spirit,1606,ZhenShou140529ZhuRong2,PetHeader7_15,Chiến Tu La,1,100,0.3,,
1607,Spirit,1607,ZhenShou140529ZhuRong3,PetHeader7_15,Chiến Tu La,1,100,0.3,,
1608,Spirit,1608,ZhenShou140529ZhuRong1,PetHeader7_15,Chiến Tu La,1,100,0.3,,
1609,Spirit,1609,ZhenShou140529ZhuRong4,PetHeader7_15,Chiến Tu La,1,100,0.3,,
1610,Spirit,1610,ZhenShou140529ZhuRong5,PetHeader7_15,Chiến Tu La,1,100,0.3,,
1611,Spirit,1611,ZhenShou140529ZhuRong6,PetHeader7_15,Chiến Tu La,1,100,0.3,,
1612,Spirit,1612,ZhenShou140529ZhuRong7,PetHeader7_15,Chiến Tu La,1,100,0.3,,
1613,Spirit,1613,ZhenShou140529ZhuRong8,PetHeader7_15,Chiến Tu La,1,100,0.3,,
1614,Spirit,1614,ZhenShou140529ZhuRong9,PetHeader7_15,Chiến Tu La,1,100,0.3,,
1615,Spirit,1615,ZhenShou150127LingHunShouGeZhe01,PetHeader7_19,Tà Linh,1,100,0.3,,
1616,Spirit,1616,ZhenShou150127LingHunShouGeZhe02,PetHeader7_19,Tà Linh,1,100,0.3,,
1617,Spirit,1617,ZhenShou150127LingHunShouGeZhe03,PetHeader7_19,Tà Linh,1,100,0.3,,
1618,Spirit,1618,ZhenShou150127LingHunShouGeZhe01,PetHeader7_19,Tà Linh,1,100,0.3,,
1619,Spirit,1619,ZhenShou150127LingHunShouGeZhe04,PetHeader7_19,Tà Linh,1,100,0.3,,
1620,Spirit,1620,ZhenShou150127LingHunShouGeZhe05,PetHeader7_19,Tà Linh,1,100,0.3,,
1621,Spirit,1621,ZhenShou150127LingHunShouGeZhe06,PetHeader7_19,Tà Linh,1,100,0.3,,
1622,Spirit,1622,ZhenShou150127LingHunShouGeZhe07,PetHeader7_19,Tà Linh,1,100,0.3,,
1623,Spirit,1623,ZhenShou150127LingHunShouGeZhe08,PetHeader7_19,Tà Linh,1,100,0.3,,
1624,Spirit,1624,ZhenShou150127LingHunShouGeZhe09,PetHeader7_19,Tà Linh,1,100,0.3,,
1625,Spirit,1625,ZhenShou150114JianXinHuLi01,PetHeader7_20,Hồ Yêu Kiếm Quân,1,100,0.3,,
1626,Spirit,1626,ZhenShou150114JianXinHuLi02,PetHeader7_20,Hồ Yêu Kiếm Quân,1,100,0.3,,
1627,Spirit,1627,ZhenShou150114JianXinHuLi03,PetHeader7_20,Hồ Yêu Kiếm Quân,1,100,0.3,,
1628,Spirit,1628,ZhenShou150114JianXinHuLi01,PetHeader7_20,Hồ Yêu Kiếm Quân,1,100,0.3,,
1629,Spirit,1629,ZhenShou150114JianXinHuLi04,PetHeader7_20,Hồ Yêu Kiếm Quân,1,100,0.3,,
1630,Spirit,1630,ZhenShou150114JianXinHuLi05,PetHeader7_20,Hồ Yêu Kiếm Quân,1,100,0.3,,
1631,Spirit,1631,ZhenShou150114JianXinHuLi06,PetHeader7_20,Hồ Yêu Kiếm Quân,1,100,0.3,,
1632,Spirit,1632,ZhenShou150114JianXinHuLi07,PetHeader7_20,Hồ Yêu Kiếm Quân,1,100,0.3,,
1633,Spirit,1633,ZhenShou150114JianXinHuLi08,PetHeader7_20,Hồ Yêu Kiếm Quân,1,100,0.3,,
1634,Spirit,1634,ZhenShou150114JianXinHuLi09,PetHeader7_20,Hồ Yêu Kiếm Quân,1,100,0.3,,
1635,Spirit,1635,ZhenShou150213GangQuanLongRen01,PetHeader7_21,Cửu Tiêu Chiến Long,1,100,0.3,,
1636,Spirit,1636,ZhenShou150213GangQuanLongRen02,PetHeader7_21,Cửu Tiêu Chiến Long,1,100,0.3,,
1637,Spirit,1637,ZhenShou150213GangQuanLongRen03,PetHeader7_21,Cửu Tiêu Chiến Long,1,100,0.3,,
1638,Spirit,1638,ZhenShou150213GangQuanLongRen01,PetHeader7_21,Cửu Tiêu Chiến Long,1,100,0.3,,
1639,Spirit,1639,ZhenShou150213GangQuanLongRen04,PetHeader7_21,Cửu Tiêu Chiến Long,1,100,0.3,,
1640,Spirit,1640,ZhenShou150213GangQuanLongRen05,PetHeader7_21,Cửu Tiêu Chiến Long,1,100,0.3,,
1641,Spirit,1641,ZhenShou150213GangQuanLongRen06,PetHeader7_21,Cửu Tiêu Chiến Long,1,100,0.3,,
1642,Spirit,1642,ZhenShou150213GangQuanLongRen07,PetHeader7_21,Cửu Tiêu Chiến Long,1,100,0.3,,
1643,Spirit,1643,ZhenShou150213GangQuanLongRen08,PetHeader7_21,Cửu Tiêu Chiến Long,1,100,0.3,,
1644,Spirit,1644,ZhenShou150213GangQuanLongRen09,PetHeader7_21,Cửu Tiêu Chiến Long,1,100,0.3,,
1645,Spirit,1645,YuanYangFangDaBan,PetHeader4_11,Đồng Tâm Uyên Ương,1,100,0.3,,
1646,Spirit,1646,YuanYangFangDaBan1,PetHeader4_11,Đồng Tâm Uyên Ương,1,100,0.3,,
1647,Spirit,1647,YuanYangFangDaBan2,PetHeader4_11,Đồng Tâm Uyên Ương,1,100,0.3,,
1648,Spirit,1648,YuanYangFangDaBan,PetHeader4_11,Đồng Tâm Uyên Ương,1,100,0.3,,
1649,Spirit,1649,YuanYangFangDaBan3,PetHeader4_11,Đồng Tâm Uyên Ương,1,100,0.3,,
1650,Spirit,1650,YuanYangFangDaBan4,PetHeader4_11,Đồng Tâm Uyên Ương,1,100,0.3,,
1651,Spirit,1651,YuanYangFangDaBan5,PetHeader4_11,Đồng Tâm Uyên Ương,1,100,0.3,,
1652,Spirit,1652,YuanYangFangDaBan6,PetHeader4_11,Đồng Tâm Uyên Ương,1,100,0.3,,
1653,Spirit,1653,YuanYangFangDaBan7,PetHeader4_11,Đồng Tâm Uyên Ương,1,100,0.3,,
1654,Spirit,1654,YuanYangFangDaBan8,PetHeader4_11,Đồng Tâm Uyên Ương,1,100,0.3,,
1655,Spirit,1655,ZhenShou150525NiuLangZhiNu01,PetHeader7_22,Thiết Phiến Công Chúa,1,100,0.3,,
1656,Spirit,1656,ZhenShou150525NiuLangZhiNu02,PetHeader7_22,Thiết Phiến Công Chúa,1,100,0.3,,
1657,Spirit,1657,ZhenShou150525NiuLangZhiNu03,PetHeader7_22,Thiết Phiến Công Chúa,1,100,0.3,,
1658,Spirit,1658,ZhenShou150525NiuLangZhiNu01,PetHeader7_22,Thiết Phiến Công Chúa,1,100,0.3,,
1659,Spirit,1659,ZhenShou150525NiuLangZhiNu04,PetHeader7_22,Thiết Phiến Công Chúa,1,100,0.3,,
1660,Spirit,1660,ZhenShou150525NiuLangZhiNu05,PetHeader7_22,Thiết Phiến Công Chúa,1,100,0.3,,
1661,Spirit,1661,ZhenShou150525NiuLangZhiNu06,PetHeader7_22,Thiết Phiến Công Chúa,1,100,0.3,,
1662,Spirit,1662,ZhenShou150525NiuLangZhiNu07,PetHeader7_22,Thiết Phiến Công Chúa,1,100,0.3,,
1663,Spirit,1663,ZhenShou150525NiuLangZhiNu08,PetHeader7_22,Thiết Phiến Công Chúa,1,100,0.3,,
1664,Spirit,1664,ZhenShou150525NiuLangZhiNu09,PetHeader7_22,Thiết Phiến Công Chúa,1,100,0.3,,
1665,Spirit,1665,ZhenShou150811HouZi01,PetHeader7_23,Thông Tí Viên Hầu,1,100,0.3,,
1666,Spirit,1666,ZhenShou150811HouZi02,PetHeader7_23,Thông Tí Viên Hầu,1,100,0.3,,
1667,Spirit,1667,ZhenShou150811HouZi03,PetHeader7_23,Thông Tí Viên Hầu,1,100,0.3,,
1668,Spirit,1668,ZhenShou150811HouZi01,PetHeader7_23,Thông Tí Viên Hầu,1,100,0.3,,
1669,Spirit,1669,ZhenShou150811HouZi04,PetHeader7_23,Thông Tí Viên Hầu,1,100,0.3,,
1670,Spirit,1670,ZhenShou150811HouZi05,PetHeader7_23,Thông Tí Viên Hầu,1,100,0.3,,
1671,Spirit,1671,ZhenShou150811HouZi06,PetHeader7_23,Thông Tí Viên Hầu,1,100,0.3,,
1672,Spirit,1672,ZhenShou150811HouZi07,PetHeader7_23,Thông Tí Viên Hầu,1,100,0.3,,
1673,Spirit,1673,ZhenShou150811HouZi08,PetHeader7_23,Thông Tí Viên Hầu,1,100,0.3,,
1674,Spirit,1674,ZhenShou150811HouZi09,PetHeader7_23,Thông Tí Viên Hầu,1,100,0.3,,
1675,Spirit,1675,ZhenShou140416DaShaYu01,PetHeader7_12,Đại Sa Ngư,1,100,0.3,,
1676,Spirit,1676,ZhenShou140416DaShaYu02,PetHeader7_12,Đại Sa Ngư,1,100,0.3,,
1677,Spirit,1677,ZhenShou140416DaShaYu03,PetHeader7_12,Đại Sa Ngư,1,100,0.3,,
1678,Spirit,1678,ZhenShou140416DaShaYu01,PetHeader7_12,Đại Sa Ngư,1,100,0.3,,
1679,Spirit,1679,ZhenShou140416DaShaYu04,PetHeader7_12,Đại Sa Ngư,1,100,0.3,,
1680,Spirit,1680,ZhenShou140416DaShaYu05,PetHeader7_12,Đại Sa Ngư,1,100,0.3,,
1681,Spirit,1681,ZhenShou140416DaShaYu06,PetHeader7_12,Đại Sa Ngư,1,100,0.3,,
1682,Spirit,1682,ZhenShou140416DaShaYu07,PetHeader7_12,Đại Sa Ngư,1,100,0.3,,
1683,Spirit,1683,ZhenShou140416DaShaYu08,PetHeader7_12,Đại Sa Ngư,1,100,0.3,,
1684,Spirit,1684,ZhenShou140416DaShaYu09,PetHeader7_12,Đại Sa Ngư,1,100,0.3,,
1685,Spirit,1685,ZhenShou150910DaSheng01,PetHeader7_24,Mỹ Hầu Vương,1,100,0.3,,
1686,Spirit,1686,ZhenShou150910DaSheng02,PetHeader7_24,Mỹ Hầu Vương,1,100,0.3,,
1687,Spirit,1687,ZhenShou150910DaSheng03,PetHeader7_24,Mỹ Hầu Vương,1,100,0.3,,
1688,Spirit,1688,ZhenShou150910DaSheng01,PetHeader7_24,Mỹ Hầu Vương,1,100,0.3,,
1689,Spirit,1689,ZhenShou150910DaSheng04,PetHeader7_24,Mỹ Hầu Vương,1,100,0.3,,
1690,Spirit,1690,ZhenShou150910DaSheng05,PetHeader7_24,Mỹ Hầu Vương,1,100,0.3,,
1691,Spirit,1691,ZhenShou150910DaSheng06,PetHeader7_24,Mỹ Hầu Vương,1,100,0.3,,
1692,Spirit,1692,ZhenShou150910DaSheng07,PetHeader7_24,Mỹ Hầu Vương,1,100,0.3,,
1693,Spirit,1693,ZhenShou150910DaSheng08,PetHeader7_24,Mỹ Hầu Vương,1,100,0.3,,
1694,Spirit,1694,ZhenShou150910DaSheng09,PetHeader7_24,Mỹ Hầu Vương,1,100,0.3,,
1695,Spirit,1695,ZhenShou151027ZuanShiVIPDaSheng01,PetHeader7_25,Tề Thiên Đại Thánh,1,100,0.3,,
1696,Spirit,1696,ZhenShou151027ZuanShiVIPDaSheng01,PetHeader7_25,BobCon,1,100,0.3,,
1697,Spirit,1697,ZhenShou151027ZuanShiVIPDaSheng02,PetHeader7_25,Tề Thiên Đại Thánh,1,100,0.3,,
1698,Spirit,1698,ZhenShou151027ZuanShiVIPDaSheng03,PetHeader7_25,Tề Thiên Đại Thánh,1,100,0.3,,
1699,Spirit,1699,ZhenShou151027ZuanShiVIPDaSheng01,PetHeader7_25,Tề Thiên Đại Thánh,1,100,0.3,,
1700,Spirit,1700,ZhenShou151027ZuanShiVIPDaSheng04,PetHeader7_25,Tề Thiên Đại Thánh,1,100,0.3,,
1701,Spirit,1701,ZhenShou151027ZuanShiVIPDaSheng05,PetHeader7_25,Tề Thiên Đại Thánh,1,100,0.3,,
1702,Spirit,1702,ZhenShou151027ZuanShiVIPDaSheng06,PetHeader7_25,Tề Thiên Đại Thánh,1,100,0.3,,
1703,Spirit,1703,ZhenShou151027ZuanShiVIPDaSheng07,PetHeader7_25,Tề Thiên Đại Thánh,1,100,0.3,,
1704,Spirit,1704,ZhenShou151027ZuanShiVIPDaSheng08,PetHeader7_25,Tề Thiên Đại Thánh,1,100,0.3,,
1705,Spirit,1705,ZhenShou151027ZuanShiVIPDaSheng09,PetHeader7_25,Tề Thiên Đại Thánh,1,100,0.3,,
1706,Spirit,1706,ZhenShou150810YueLiangShaoNu01,PetHeader8_1,Trĩ Nguyệt Linh,1,100,0.3,,
1707,Spirit,1707,ZhenShou150810YueLiangShaoNu02,PetHeader8_1,Trĩ Nguyệt Linh,1,100,0.3,,
1708,Spirit,1708,ZhenShou150810YueLiangShaoNu03,PetHeader8_1,Trĩ Nguyệt Linh,1,100,0.3,,
1709,Spirit,1709,ZhenShou150810YueLiangShaoNu01,PetHeader8_1,Trĩ Nguyệt Linh,1,100,0.3,,
1710,Spirit,1710,ZhenShou150810YueLiangShaoNu04,PetHeader8_1,Trĩ Nguyệt Linh,1,100,0.3,,
1711,Spirit,1711,ZhenShou150810YueLiangShaoNu05,PetHeader8_1,Trĩ Nguyệt Linh,1,100,0.3,,
1712,Spirit,1712,ZhenShou150810YueLiangShaoNu06,PetHeader8_1,Trĩ Nguyệt Linh,1,100,0.3,,
1713,Spirit,1713,ZhenShou150810YueLiangShaoNu07,PetHeader8_1,Trĩ Nguyệt Linh,1,100,0.3,,
1714,Spirit,1714,ZhenShou150810YueLiangShaoNu08,PetHeader8_1,Trĩ Nguyệt Linh,1,100,0.3,,
1715,Spirit,1715,ZhenShou150810YueLiangShaoNu09,PetHeader8_1,Trĩ Nguyệt Linh,1,100,0.3,,
1716,Spirit,1716,ZhenShou151012ErLangShen01,PetHeader8_2,Nhị Lang Chân Quân,1,100,0.3,,
1717,Spirit,1717,ZhenShou151012ErLangShen02,PetHeader8_2,Nhị Lang Chân Quân,1,100,0.3,,
1718,Spirit,1718,ZhenShou151012ErLangShen03,PetHeader8_2,Nhị Lang Chân Quân,1,100,0.3,,
1719,Spirit,1719,ZhenShou151012ErLangShen01,PetHeader8_2,Nhị Lang Chân Quân,1,100,0.3,,
1720,Spirit,1720,ZhenShou151012ErLangShen04,PetHeader8_2,Nhị Lang Chân Quân,1,100,0.3,,
1721,Spirit,1721,ZhenShou151012ErLangShen05,PetHeader8_2,Nhị Lang Chân Quân,1,100,0.3,,
1722,Spirit,1722,ZhenShou151012ErLangShen07,PetHeader8_2,Nhị Lang Chân Quân,1,100,0.3,,
1723,Spirit,1723,ZhenShou151012ErLangShen06,PetHeader8_2,Nhị Lang Chân Quân,1,100,0.3,,
1724,Spirit,1724,ZhenShou151012ErLangShen08,PetHeader8_2,Nhị Lang Chân Quân,1,100,0.3,,
1725,Spirit,1725,ZhenShou151012ErLangShen09,PetHeader8_2,Nhị Lang Chân Quân,1,100,0.3,,
1726,Spirit,1726,ZhenShou160411JingDongGou01,PetHeader8_3,Đông Tử,1,100,0.3,,
1727,Spirit,1727,ZhenShou160411JingDongGou02,PetHeader8_3,Đông Tử,1,100,0.3,,
1728,Spirit,1728,ZhenShou160411JingDongGou03,PetHeader8_3,Đông Tử,1,100,0.3,,
1729,Spirit,1729,ZhenShou160411JingDongGou01,PetHeader8_3,Đông Tử,1,100,0.3,,
1730,Spirit,1730,ZhenShou160309TaiZiLong01,PetHeader8_4,Long Tam Thái Tử,1,150,0.7,,
1731,Spirit,1731,ZhenShou160309TaiZiLong02,PetHeader8_4,Long Tam Thái Tử,1,150,0.7,,
1732,Spirit,1732,ZhenShou160309TaiZiLong03,PetHeader8_4,Long Tam Thái Tử,1,150,0.7,,
1733,Spirit,1733,ZhenShou160309TaiZiLong01,PetHeader8_4,Long Tam Thái Tử,1,150,0.7,,
1734,Spirit,1734,ZhenShou160309TaiZiLong04,PetHeader8_4,Long Tam Thái Tử,1,150,0.7,,
1735,Spirit,1735,ZhenShou160309TaiZiLong05,PetHeader8_4,Long Tam Thái Tử,1,150,0.7,,
1736,Spirit,1736,ZhenShou160309TaiZiLong06,PetHeader8_4,Long Tam Thái Tử,1,150,0.7,,
1737,Spirit,1737,ZhenShou160309TaiZiLong07,PetHeader8_4,Long Tam Thái Tử,1,150,0.7,,
1738,Spirit,1738,ZhenShou160309TaiZiLong08,PetHeader8_4,Long Tam Thái Tử,1,150,0.7,,
1739,Spirit,1739,ZhenShou160309TaiZiLong09,PetHeader8_4,Long Tam Thái Tử,1,150,0.7,,
1740,Spirit,1740,ZhenShou160325ZhenShouMiao01,PetHeader8_5,Hồ Tiểu Tiên,1,100,0.3,,
1741,Spirit,1741,ZhenShou160325ZhenShouMiao02,PetHeader8_5,Hồ Tiểu Tiên,1,100,0.3,,
1742,Spirit,1742,ZhenShou160325ZhenShouMiao03,PetHeader8_5,Hồ Tiểu Tiên,1,100,0.3,,
1743,Spirit,1743,ZhenShou160325ZhenShouMiao01,PetHeader8_5,Hồ Tiểu Tiên,1,100,0.3,,
1744,Spirit,1744,ZhenShou160325ZhenShouMiao04,PetHeader8_5,Hồ Tiểu Tiên,1,100,0.3,,
1745,Spirit,1745,ZhenShou160325ZhenShouMiao05,PetHeader8_5,Hồ Tiểu Tiên,1,100,0.3,,
1746,Spirit,1746,ZhenShou160325ZhenShouMiao06,PetHeader8_5,Hồ Tiểu Tiên,1,100,0.3,,
1747,Spirit,1747,ZhenShou160325ZhenShouMiao07,PetHeader8_5,Hồ Tiểu Tiên,1,100,0.3,,
1748,Spirit,1748,ZhenShou160325ZhenShouMiao08,PetHeader8_5,Hồ Tiểu Tiên,1,100,0.3,,
1749,Spirit,1749,ZhenShou160325ZhenShouMiao09,PetHeader8_5,Hồ Tiểu Tiên,1,100,0.3,,
1750,Spirit,1750,ZhenShou140416ChongWuZhu01,PetHeader8_6,Manh Bảo Trư,1,100,0.3,,
1751,Spirit,1751,ZhenShou140416ChongWuZhu02,PetHeader8_6,Manh Bảo Trư,1,100,0.3,,
1752,Spirit,1752,ZhenShou140416ChongWuZhu03,PetHeader8_6,Manh Bảo Trư,1,100,0.3,,
1753,Spirit,1753,ZhenShou140416ChongWuZhu01,PetHeader8_6,Manh Bảo Trư,1,100,0.3,,
1754,Spirit,1754,ZhenShou140416ChongWuZhu04,PetHeader8_6,Manh Bảo Trư,1,100,0.3,,
1755,Spirit,1755,ZhenShou140416ChongWuZhu05,PetHeader8_6,Manh Bảo Trư,1,100,0.3,,
1756,Spirit,1756,ZhenShou140416ChongWuZhu06,PetHeader8_6,Manh Bảo Trư,1,100,0.3,,
1757,Spirit,1757,ZhenShou140416ChongWuZhu07,PetHeader8_6,Manh Bảo Trư,1,100,0.3,,
1758,Spirit,1758,ZhenShou140416ChongWuZhu08,PetHeader8_6,Manh Bảo Trư,1,100,0.3,,
1759,Spirit,1759,ZhenShou140416ChongWuZhu09,PetHeader8_6,Manh Bảo Trư,1,100,0.3,,
1760,Spirit,1760,ZhenShou121218ZuanShiVIPShe1,PetHeader8_8,Oa Hoàng Long Quân,1,100,0.3,,
1761,Spirit,1761,ZhenShou160927JueXingLongMang,PetHeader8_8,Oa Hoàng Long Quân,1,100,0.3,,
1762,Spirit,1762,ZhenShou121218ZuanShiVIPShe1,PetHeader8_8,Oa Hoàng Long Quân,1,100,0.3,,
1763,Spirit,1763,ZhenShou160725YouYouQiu01,PetHeader8_7,Linh Mị Nhi,1,150,0.3,,
1764,Spirit,1764,ZhenShou160725YouYouQiu07,PetHeader8_7,Linh Mị Nhi,1,150,0.3,,
1765,Spirit,1765,ZhenShou160725YouYouQiu06,PetHeader8_7,Linh Mị Nhi,1,150,0.3,,
1766,Spirit,1766,ZhenShou160725YouYouQiu01,PetHeader8_7,Linh Mị Nhi,1,150,0.3,,
1767,Spirit,1767,ZhenShou160725YouYouQiu04,PetHeader8_7,Linh Mị Nhi,1,150,0.3,,
1768,Spirit,1768,ZhenShou160725YouYouQiu05,PetHeader8_7,Linh Mị Nhi,1,150,0.3,,
1769,Spirit,1769,ZhenShou160725YouYouQiu03,PetHeader8_7,Linh Mị Nhi,1,150,0.3,,
1770,Spirit,1770,ZhenShou160725YouYouQiu02,PetHeader8_7,Linh Mị Nhi,1,150,0.3,,
1771,Spirit,1771,ZhenShou160725YouYouQiu09,PetHeader8_7,Linh Mị Nhi,1,150,0.3,,
1772,Spirit,1772,ZhenShou160725YouYouQiu08,PetHeader8_7,Linh Mị Nhi,1,150,0.3,,
1773,Spirit,1773,ZhenShou121218ZuanShiVIPShe1,PetHeader8_9,Oa Hoàng Long Đế,1,100,0.3,,
1774,Spirit,1774,ZhenShou160927JueXingLongMang2,PetHeader8_9,Oa Hoàng Long Đế,1,100,0.3,,
1775,Spirit,1775,ZhenShou121218ZuanShiVIPShe1,PetHeader8_9,Oa Hoàng Long Đế,1,100,0.3,,
1776,Spirit,1776,ZhenShou161112VIPFengHuang01,PetHeader8_10,Bích Lạc Thanh Loan,1,100,0.3,,
1777,Spirit,1777,ZhenShou161112VIPFengHuang02,PetHeader8_10,Bích Lạc Thanh Loan,1,100,0.3,,
1778,Spirit,1778,ZhenShou161112VIPFengHuang03,PetHeader8_10,Bích Lạc Thanh Loan,1,100,0.3,,
1779,Spirit,1779,ZhenShou161112VIPFengHuang01,PetHeader8_10,Bích Lạc Thanh Loan,1,100,0.3,,
1780,Spirit,1780,ZhenShou161112VIPFengHuang04,PetHeader8_10,Bích Lạc Thanh Loan,1,100,0.3,,
1781,Spirit,1781,ZhenShou161112VIPFengHuang05,PetHeader8_10,Bích Lạc Thanh Loan,1,100,0.3,,
1782,Spirit,1782,ZhenShou161112VIPFengHuang07,PetHeader8_10,Bích Lạc Thanh Loan,1,100,0.3,,
1783,Spirit,1783,ZhenShou161112VIPFengHuang06,PetHeader8_10,Bích Lạc Thanh Loan,1,100,0.3,,
1784,Spirit,1784,ZhenShou161112VIPFengHuang09,PetHeader8_10,Bích Lạc Thanh Loan,1,100,0.3,,
1785,Spirit,1785,ZhenShou161112VIPFengHuang08,PetHeader8_10,Bích Lạc Thanh Loan,1,100,0.3,,
1786,Spirit,1786,ZhenShou161112ZuanShiVIPFengHuang01,PetHeader8_11,Thiên Mệnh Huyền Phượng,1,100,0.3,,
1787,Spirit,1787,ZhenShou161112ZuanShiVIPFengHuang02,PetHeader8_11,Thiên Mệnh Huyền Phượng,1,100,0.3,,
1788,Spirit,1788,ZhenShou161112ZuanShiVIPFengHuang03,PetHeader8_11,Thiên Mệnh Huyền Phượng,1,100,0.3,,
1789,Spirit,1789,ZhenShou161112ZuanShiVIPFengHuang01,PetHeader8_11,Thiên Mệnh Huyền Phượng,1,100,0.3,,
1790,Spirit,1790,ZhenShou161112ZuanShiVIPFengHuang04,PetHeader8_11,Thiên Mệnh Huyền Phượng,1,100,0.3,,
1791,Spirit,1791,ZhenShou161112ZuanShiVIPFengHuang05,PetHeader8_11,Thiên Mệnh Huyền Phượng,1,100,0.3,,
1792,Spirit,1792,ZhenShou161112ZuanShiVIPFengHuang07,PetHeader8_11,Thiên Mệnh Huyền Phượng,1,100,0.3,,
1793,Spirit,1793,ZhenShou161112ZuanShiVIPFengHuang06,PetHeader8_11,Thiên Mệnh Huyền Phượng,1,100,0.3,,
1794,Spirit,1794,ZhenShou161112ZuanShiVIPFengHuang09,PetHeader8_11,Thiên Mệnh Huyền Phượng,1,100,0.3,,
1795,Spirit,1795,ZhenShou161112ZuanShiVIPFengHuang08,PetHeader8_11,Thiên Mệnh Huyền Phượng,1,100,0.3,,
1796,Spirit,1796,ZhenShou161120TaiJiShu01,PetHeader8_12,Diệu Thử Tiểu,1,100,0.3,,
1797,Spirit,1797,ZhenShou161120TaiJiShu02,PetHeader8_12,Diệu Thử Tiểu Tiên,1,100,0.3,,
1798,Spirit,1798,ZhenShou161120TaiJiShu04,PetHeader8_12,Diệu Thử Tiểu Tiên,1,100,0.3,,
1799,Spirit,1799,ZhenShou161120TaiJiShu01,PetHeader8_12,Diệu Thử Tiểu Tiên,1,100,0.3,,
1800,Spirit,1800,ZhenShou161120TaiJiShu03,PetHeader8_12,Diệu Thử Tiểu Tiên,1,100,0.3,,
1801,Spirit,1801,ZhenShou161120TaiJiShu05,PetHeader8_12,Diệu Thử Tiểu Tiên,1,100,0.3,,
1802,Spirit,1802,ZhenShou161120TaiJiShu06,PetHeader8_12,Diệu Thử Tiểu Tiên,1,100,0.3,,
1803,Spirit,1803,ZhenShou161120TaiJiShu07,PetHeader8_12,Diệu Thử Tiểu Tiên,1,100,0.3,,
1804,Spirit,1804,ZhenShou161120TaiJiShu08,PetHeader8_12,Diệu Thử Tiểu Tiên,1,100,0.3,,
1805,Spirit,1805,ZhenShou161120TaiJiShu09,PetHeader8_12,Diệu Thử Tiểu Tiên,1,100,0.3,,
1806,Spirit,1806,ZhenShou20161025XiaoPaoShou1,PetHeader8_13,Thần Kỳ Tiểu Tử,1,100,0.3,,
1807,Spirit,1807,ZhenShou20161025XiaoPaoShou2,PetHeader8_13,Thần Kỳ Tiểu Tử,1,100,0.3,,
1808,Spirit,1808,ZhenShou20161025XiaoPaoShou3,PetHeader8_13,Thần Kỳ Tiểu Tử,1,100,0.3,,
1809,Spirit,1809,ZhenShou20161025XiaoPaoShou1,PetHeader8_13,Thần Kỳ Tiểu Tử,1,100,0.3,,
1810,Spirit,1810,ZhenShou20161025XiaoPaoShou4,PetHeader8_13,Thần Kỳ Tiểu Tử,1,100,0.3,,
1811,Spirit,1811,ZhenShou20161025XiaoPaoShou5,PetHeader8_13,Thần Kỳ Tiểu Tử,1,100,0.3,,
1812,Spirit,1812,ZhenShou20161025XiaoPaoShou6,PetHeader8_13,Thần Kỳ Tiểu Tử,1,100,0.3,,
1813,Spirit,1813,ZhenShou20161025XiaoPaoShou7,PetHeader8_13,Thần Kỳ Tiểu Tử,1,100,0.3,,
1814,Spirit,1814,ZhenShou20161025XiaoPaoShou8,PetHeader8_13,Thần Kỳ Tiểu Tử,1,100,0.3,,
1815,Spirit,1815,ZhenShou20161025XiaoPaoShou9,PetHeader8_13,Thần Kỳ Tiểu Tử,1,100,0.3,,
1816,Spirit,1816,ZhenShou20110803QiXiJieTuZi1,PetHeader6_4,Vân Tiêu Ngọc Thố,1,100,0.3,,
1817,Spirit,1817,ZhenShou20110803QiXiJieTuZi2,PetHeader6_4,Vân Tiêu Ngọc Thố,1,100,0.3,,
1818,Spirit,1818,ZhenShou20110803QiXiJieTuZi3,PetHeader6_4,Vân Tiêu Ngọc Thố,1,100,0.3,,
1819,Spirit,1819,ZhenShou20110803QiXiJieTuZi1,PetHeader6_4,Vân Tiêu Ngọc Thố,1,100,0.3,,
1820,Spirit,1820,ZhenShou20110803QiXiJieTuZi4,PetHeader6_4,Vân Tiêu Ngọc Thố,1,100,0.3,,
1821,Spirit,1821,ZhenShou20110803QiXiJieTuZi5,PetHeader6_4,Vân Tiêu Ngọc Thố,1,100,0.3,,
1822,Spirit,1822,ZhenShou20110803QiXiJieTuZi6,PetHeader6_4,Vân Tiêu Ngọc Thố,1,100,0.3,,
1823,Spirit,1823,ZhenShou20110803QiXiJieTuZi7,PetHeader6_4,Vân Tiêu Ngọc Thố,1,100,0.3,,
1824,Spirit,1824,ZhenShou20110803QiXiJieTuZi8,PetHeader6_4,Vân Tiêu Ngọc Thố,1,100,0.3,,
1825,Spirit,1825,ZhenShou20110803QiXiJieTuZi9,PetHeader6_4,Vân Tiêu Ngọc Thố,1,100,0.3,,
1826,Spirit,1826,ZhenShou170909NaZha01,PetHeader8_14,Linh Châu Tử,1,100,0.3,,
1827,Spirit,1827,ZhenShou170909NaZha03,PetHeader8_14,Linh Châu Tử,1,100,0.3,,
1828,Spirit,1828,ZhenShou170909NaZha02,PetHeader8_14,Linh Châu Tử,1,100,0.3,,
1829,Spirit,1829,ZhenShou170909NaZha01,PetHeader8_14,Linh Châu Tử,1,100,0.3,,
1830,Spirit,1830,ZhenShou170909NaZha04,PetHeader8_14,Linh Châu Tử,1,100,0.3,,
1831,Spirit,1831,ZhenShou170909NaZha05,PetHeader8_14,Linh Châu Tử,1,100,0.3,,
1832,Spirit,1832,ZhenShou170909NaZha06,PetHeader8_14,Linh Châu Tử,1,100,0.3,,
1833,Spirit,1833,ZhenShou170909NaZha07,PetHeader8_14,Linh Châu Tử,1,100,0.3,,
1834,Spirit,1834,ZhenShou170909NaZha08,PetHeader8_14,Linh Châu Tử,1,100,0.3,,
1835,Spirit,1835,ZhenShou170909NaZha09,PetHeader8_14,Linh Châu Tử,1,100,0.3,,
1836,Spirit,1836,ZhenShou171027ZuanShiVIPGou01,PetHeader8_16,Phệ Nguyệt Thương cẩu,1,100,0.3,,
1837,Spirit,1837,ZhenShou171027ZuanShiVIPGou02,PetHeader8_16,Phệ Nguyệt Thương cẩu,1,100,0.3,,
1838,Spirit,1838,ZhenShou171027ZuanShiVIPGou03,PetHeader8_16,Phệ Nguyệt Thương cẩu,1,100,0.3,,
1839,Spirit,1839,ZhenShou171027ZuanShiVIPGou01,PetHeader8_16,Phệ Nguyệt Thương cẩu,1,100,0.3,,
1840,Spirit,1840,ZhenShou171027ZuanShiVIPGou04,PetHeader8_16,Phệ Nguyệt Thương cẩu,1,100,0.3,,
1841,Spirit,1841,ZhenShou171027ZuanShiVIPGou05,PetHeader8_16,Phệ Nguyệt Thương cẩu,1,100,0.3,,
1842,Spirit,1842,ZhenShou171027ZuanShiVIPGou06,PetHeader8_16,Phệ Nguyệt Thương cẩu,1,100,0.3,,
1843,Spirit,1843,ZhenShou171027ZuanShiVIPGou07,PetHeader8_16,Phệ Nguyệt Thương cẩu,1,100,0.3,,
1844,Spirit,1844,ZhenShou171027ZuanShiVIPGou08,PetHeader8_16,Phệ Nguyệt Thương cẩu,1,100,0.3,,
1845,Spirit,1845,ZhenShou171027ZuanShiVIPGou09,PetHeader8_16,Phệ Nguyệt Thương cẩu,1,100,0.3,,
1846,Spirit,1846,ZhenShou171008vipGou01,PetHeader8_15,Tử Tiêu Huyền Lang,1,100,0.3,,
1847,Spirit,1847,ZhenShou171008vipGou02,PetHeader8_15,Dị Biến Tử Tiêu Huyền Lang,1,100,0.3,,
1848,Spirit,1848,ZhenShou171008vipGou03,PetHeader8_15,Dị Biến Tử Tiêu Huyền Lang,1,100,0.3,,
1849,Spirit,1849,ZhenShou171008vipGou01,PetHeader8_15,Tử Tiêu Huyền Lang,1,100,0.3,,
1850,Spirit,1850,ZhenShou171008vipGou04,PetHeader8_15,Dị Biến Tử Tiêu Huyền Lang,1,100,0.3,,
1851,Spirit,1851,ZhenShou171008vipGou05,PetHeader8_15,Dị Biến Tử Tiêu Huyền Lang,1,100,0.3,,
1852,Spirit,1852,ZhenShou171008vipGou06,PetHeader8_15,Dị Biến Tử Tiêu Huyền Lang,1,100,0.3,,
1853,Spirit,1853,ZhenShou171008vipGou07,PetHeader8_15,Dị Biến Tử Tiêu Huyền Lang,1,100,0.3,,
1854,Spirit,1854,ZhenShou171008vipGou08,PetHeader8_15,Dị Biến Tử Tiêu Huyền Lang,1,100,0.3,,
1855,Spirit,1855,ZhenShou171008vipGou09,PetHeader8_15,Dị Biến Tử Tiêu Huyền Lang,1,100,0.3,,
1856,Spirit,1856,ZhenShou170321XinHuXianWuQi01,PetHeader8_17,Chiêu Tài Cẩm Hồ,1,100,0.3,,
1857,Spirit,1857,ZhenShou170321XinHuXianWuQi06,PetHeader8_17,Chiêu Tài Cẩm Hồ,1,100,0.3,,
1858,Spirit,1858,ZhenShou170321XinHuXianWuQi04,PetHeader8_17,Chiêu Tài Cẩm Hồ,1,100,0.3,,
1859,Spirit,1859,ZhenShou170321XinHuXianWuQi03,PetHeader8_17,Chiêu Tài Cẩm Hồ,1,100,0.3,,
1860,Spirit,1860,ZhenShou170321XinHuXianWuQi05,PetHeader8_17,Chiêu Tài Cẩm Hồ,1,100,0.3,,
1861,Spirit,1861,ZhenShou170321XinHuXianWuQi02,PetHeader8_17,Chiêu Tài Cẩm Hồ,1,100,0.3,,
1862,Spirit,1862,ZhenShou170321XinHuXianWuQi08,PetHeader8_17,Chiêu Tài Cẩm Hồ,1,100,0.3,,
1863,Spirit,1863,ZhenShou170321XinHuXianWuQi07,PetHeader8_17,Chiêu Tài Cẩm Hồ,1,100,0.3,,
1864,Spirit,1864,ZhenShou170321XinHuXianWuQi09,PetHeader8_17,Chiêu Tài Cẩm Hồ,1,100,0.3,,
1865,Spirit,1865,ZhenShou170321XinHuXianWuQi01,PetHeader8_17,Chiêu Tài Cẩm Hồ,1,100,0.3,,
1866,Spirit,1866,ZhenShou180324DanDanJi01,PetHeader8_18,Đản Đản Kê,1,100,0.3,,
1867,Spirit,1867,ZhenShou180324DanDanJi05,PetHeader8_18,Đản Đản Kê,1,100,0.3,,
1868,Spirit,1868,ZhenShou180324DanDanJi03,PetHeader8_18,Đản Đản Kê,1,100,0.3,,
1869,Spirit,1869,ZhenShou180324DanDanJi01,PetHeader8_18,Đản Đản Kê,1,100,0.3,,
1870,Spirit,1870,ZhenShou180324DanDanJi06,PetHeader8_18,Đản Đản Kê,1,100,0.3,,
1871,Spirit,1871,ZhenShou180324DanDanJi02,PetHeader8_18,Đản Đản Kê,1,100,0.3,,
1872,Spirit,1872,ZhenShou180324DanDanJi07,PetHeader8_18,Đản Đản Kê,1,100,0.3,,
1873,Spirit,1873,ZhenShou180324DanDanJi04,PetHeader8_18,Đản Đản Kê,1,100,0.3,,
1874,Spirit,1874,ZhenShou180324DanDanJi08,PetHeader8_18,Đản Đản Kê,1,100,0.3,,
1875,Spirit,1875,ZhenShou180324DanDanJi09,PetHeader8_18,Tiêu Tiêu,1,100,0.3,,
1876,Spirit,1876,ZhenShou180621MeiMao03,PetHeader8_19,Ly Mỹ Nhân,1,100,0.3,,
1877,Spirit,1877,ZhenShou180621MeiMao04,PetHeader8_19,Ly Mỹ Nhân,1,100,0.3,,
1878,Spirit,1878,ZhenShou180621MeiMao06,PetHeader8_19,Ly Mỹ Nhân,1,100,0.3,,
1879,Spirit,1879,ZhenShou180621MeiMao03,PetHeader8_19,Ly Mỹ Nhân,1,100,0.3,,
1880,Spirit,1880,ZhenShou180621MeiMao05,PetHeader8_19,Ly Mỹ Nhân,1,100,0.3,,
1881,Spirit,1881,ZhenShou180621MeiMao02,PetHeader8_19,Ly Mỹ Nhân,1,100,0.3,,
1882,Spirit,1882,ZhenShou180621MeiMao01,PetHeader8_19,Ly Mỹ Nhân,1,100,0.3,,
1883,Spirit,1883,ZhenShou180621MeiMao08,PetHeader8_19,Ly Mỹ Nhân,1,100,0.3,,
1884,Spirit,1884,ZhenShou180621MeiMao07,PetHeader8_19,Ly Mỹ Nhân,1,100,0.3,,
1885,Spirit,1885,ZhenShou180621MeiMao09,PetHeader8_19,Ly Mỹ Nhân,1,100,0.3,,
1886,Spirit,1886,ZhenShou121218ZuanShiVIPShe8,PetHeader6_19,Thần Long Mãng,1,100,0.3,,
1887,Spirit,1887,MoJingMao8a,PetHeader2_21,Thần Long Cát Tường Miêu,1,100,0.3,,
1888,Spirit,1888,ZhenShou20110803QiXiJieTuZi9a,PetHeader6_4,Thần Long Ngọc Thố,1,100,0.3,,
1889,Spirit,1889,ZhenShou20111125ShengDanJieLongBaoBao9,PetHeader6_6,Tiểu Long Thần,1,100,0.3,,
