ScenarioID,ScenarioName,DungeonMapID,StepIndex,StepID,StepDesc,ActionIndex,ActionType,MapID,NPCID,X,Y,PosX,PosY,Count,Radius,Text,Timeout,Seconds,NextStep
ThuyLao,Thủy Lao,92,1,enter,Vào Thủy Lao,1,GoToNPC,4,650,,,10990,6466,,,,,,
ThuyLao,Thủy Lao,92,1,enter,Vào Thủy Lao,2,InteractNPC,,650,,,,,,,,,,
ThuyLao,Thủy Lao,92,1,enter,Vào Thủy Lao,3,SelectDialog,,,,,,,,,Bình Định Thủy Lao Tạo Phản,6,,
ThuyLao,Thủy Lao,92,1,enter,Vào Thủy Lao,4,WaitMapChange,92,,,,,,,,,3,,
ThuyLao,Thủy Lao,92,1,enter,Vào Thủy Lao,5,Wait,,,,,,,,,,,2,
ThuyLao,Thủy Lao,92,2,quai1,Phạm nhân bình thường,1,GoTo,,,2688,1312,,,,,,,,
ThuyLao,Thủy Lao,92,2,quai1,Phạm nhân bình thường,2,Kill,,,,,,,6,800,,,,
ThuyLao,Thủy Lao,92,3,boss1,Tiêu Vô Thường,1,GoTo,,,2688,1312,,,,,,,,
ThuyLao,Thủy Lao,92,3,boss1,Tiêu Vô Thường,2,Kill,,,,,,,1,800,,,,
ThuyLao,Thủy Lao,92,4,quai2,Phạm nhân bình thường,1,GoTo,,,3808,1312,,,,,,,,
ThuyLao,Thủy Lao,92,4,quai2,Phạm nhân bình thường,2,Kill,,,,,,,6,800,,,,
ThuyLao,Thủy Lao,92,5,boss2,Vân Trung Nhạn,1,GoTo,,,3808,1312,,,,,,,,
ThuyLao,Thủy Lao,92,5,boss2,Vân Trung Nhạn,2,Kill,,,,,,,1,800,,,,
ThuyLao,Thủy Lao,92,6,quai3,Phạm nhân bình thường,1,GoTo,,,1568,1280,,,,,,,,
ThuyLao,Thủy Lao,92,6,quai3,Phạm nhân bình thường,2,Kill,,,,,,,6,800,,,,
ThuyLao,Thủy Lao,92,7,boss3,Mãng Cái Thám Tử,1,GoTo,,,1568,1280,,,,,,,,
ThuyLao,Thủy Lao,92,7,boss3,Mãng Cái Thám Tử,2,Kill,,,,,,,1,800,,,,
ThuyLao,Thủy Lao,92,8,quai4,Phạm nhân bình thường,1,GoTo,,,1312,2240,,,,,,,,
ThuyLao,Thủy Lao,92,8,quai4,Phạm nhân bình thường,2,Kill,,,,,,,6,800,,,,
ThuyLao,Thủy Lao,92,9,boss4,Điền Doãn,1,GoTo,,,1312,2240,,,,,,,,
ThuyLao,Thủy Lao,92,9,boss4,Điền Doãn,2,Kill,,,,,,,1,800,,,,
ThuyLao,Thủy Lao,92,10,quai5,Phạm nhân bình thường,1,GoTo,,,1312,3424,,,,,,,,
ThuyLao,Thủy Lao,92,10,quai5,Phạm nhân bình thường,2,Kill,,,,,,,6,800,,,,
ThuyLao,Thủy Lao,92,11,boss5,Bách Hoa Sát,1,GoTo,,,1312,3424,,,,,,,,
ThuyLao,Thủy Lao,92,11,boss5,Bách Hoa Sát,2,Kill,,,,,,,1,800,,,,
ThuyLao,Thủy Lao,92,12,quai6,Phạm nhân bình thường,1,GoTo,,,1280,4672,,,,,,,,
ThuyLao,Thủy Lao,92,12,quai6,Phạm nhân bình thường,2,Kill,,,,,,,6,800,,,,
ThuyLao,Thủy Lao,92,13,boss6,Vô Phương Hoà Thượng,1,GoTo,,,1280,4672,,,,,,,,
ThuyLao,Thủy Lao,92,13,boss6,Vô Phương Hoà Thượng,2,Kill,,,,,,,1,800,,,,
ThuyLao,Thủy Lao,92,14,quai7,Phạm nhân bình thường,1,GoTo,,,2272,4800,,,,,,,,
ThuyLao,Thủy Lao,92,14,quai7,Phạm nhân bình thường,2,Kill,,,,,,,6,800,,,,
ThuyLao,Thủy Lao,92,15,boss7,Cách Liệt Mã,1,GoTo,,,2272,4800,,,,,,,,
ThuyLao,Thủy Lao,92,15,boss7,Cách Liệt Mã,2,Kill,,,,,,,1,800,,,,
ThuyLao,Thủy Lao,92,16,quai8,Phạm nhân bình thường,1,GoTo,,,3424,4832,,,,,,,,
ThuyLao,Thủy Lao,92,16,quai8,Phạm nhân bình thường,2,Kill,,,,,,,6,800,,,,
ThuyLao,Thủy Lao,92,17,boss8,Hô Diên Bình,1,GoTo,,,3424,4832,,,,,,,,
ThuyLao,Thủy Lao,92,17,boss8,Hô Diên Bình,2,Kill,,,,,,,1,800,,,,
ThuyLao,Thủy Lao,92,18,quai9,Phạm nhân bình thường,1,GoTo,,,4608,4832,,,,,,,,
ThuyLao,Thủy Lao,92,18,quai9,Phạm nhân bình thường,2,Kill,,,,,,,6,800,,,,
ThuyLao,Thủy Lao,92,19,boss9,Diên Kiên,1,GoTo,,,4608,4832,,,,,,,,
ThuyLao,Thủy Lao,92,19,boss9,Diên Kiên,2,Kill,,,,,,,1,800,,,,
ThuyLao,Thủy Lao,92,20,quai10,Phạm nhân bình thường,1,GoTo,,,4768,3840,,,,,,,,
ThuyLao,Thủy Lao,92,20,quai10,Phạm nhân bình thường,2,Kill,,,,,,,6,800,,,,
ThuyLao,Thủy Lao,92,21,boss10,Hứa Đạo Nhân,1,GoTo,,,4768,3840,,,,,,,,
ThuyLao,Thủy Lao,92,21,boss10,Hứa Đạo Nhân,2,Kill,,,,,,,1,800,,,,
ThuyLao,Thủy Lao,92,22,quai11,Phạm nhân bình thường,1,GoTo,,,4800,2720,,,,,,,,
ThuyLao,Thủy Lao,92,22,quai11,Phạm nhân bình thường,2,Kill,,,,,,,6,800,,,,
ThuyLao,Thủy Lao,92,23,boss11,Tiêu Vu Nhi,1,GoTo,,,4800,2720,,,,,,,,
ThuyLao,Thủy Lao,92,23,boss11,Tiêu Vu Nhi,2,Kill,,,,,,,1,800,,,,
ThuyLao,Thủy Lao,92,24,quai12,Phạm nhân bình thường,1,GoTo,,,4832,1376,,,,,,,,
ThuyLao,Thủy Lao,92,24,quai12,Phạm nhân bình thường,2,Kill,,,,,,,6,800,,,,
ThuyLao,Thủy Lao,92,25,boss12,Tào Song,1,GoTo,,,4832,1376,,,,,,,,
ThuyLao,Thủy Lao,92,25,boss12,Tào Song,2,Kill,,,,,,,1,800,,,,
ThuyLao,Thủy Lao,92,26,finish,hoàn thành,1,Notify,,,,,,,,,Hoàn thành Thủy Lao!,,,
Q1_ToChau,Biên Giới Tống Liêu,93,1,enter,Biên Giới Tống Liêu,1,GoToNPC,4,674,,,4400,8090,,,,,,
Q1_ToChau,Biên Giới Tống Liêu,93,1,enter,Biên Giới Tống Liêu,2,InteractNPC,,674,,,,,,,,,,
Q1_ToChau,Biên Giới Tống Liêu,93,1,enter,Biên Giới Tống Liêu,3,SelectDialog,,,,,,,,,Một tên cũng không thể thoát,10,,
Q1_ToChau,Biên Giới Tống Liêu,93,1,enter,Biên Giới Tống Liêu,4,WaitMapChange,93,,,,,,,,,3,,
Q1_ToChau,Biên Giới Tống Liêu,93,1,enter,Biên Giới Tống Liêu,5,Wait,,,,,,,,,,,2,
Q1_ToChau,Biên Giới Tống Liêu,93,2,quai1,Ngụy Tống Binh,1,GoTo,,,1735,2478,,,,,,,,
Q1_ToChau,Biên Giới Tống Liêu,93,2,quai1,Ngụy Tống Binh,2,Kill,,,,,,,50,800,,,,
Q1_ToChau,Biên Giới Tống Liêu,93,3,boss1,Ngụy Tống Quân Đô Thống,1,GoTo,,,1760,1984,,,,,,,,
Q1_ToChau,Biên Giới Tống Liêu,93,3,boss1,Ngụy Tống Quân Đô Thống,2,Kill,,,,,,,1,800,,,,
Q1_ToChau,Biên Giới Tống Liêu,93,4,quai10,Đào Thoán Phỉ Loại,1,GoTo,,,1352,1348,,,,,,,,
Q1_ToChau,Biên Giới Tống Liêu,93,4,quai10,Đào Thoán Phỉ Loại,2,Kill,,,,,,,10,800,,,,
Q1_ToChau,Biên Giới Tống Liêu,93,5,boss2,Ngụy Tống Quân Phó Đô Thống,1,GoTo,,,2354,2351,,,,,,,,
Q1_ToChau,Biên Giới Tống Liêu,93,5,boss2,Ngụy Tống Quân Phó Đô Thống,2,Kill,,,,,,,1,800,,,,
Q1_ToChau,Biên Giới Tống Liêu,93,6,boss3,Dư Độc,1,GoTo,,,1861,1865,,,,,,,,
Q1_ToChau,Biên Giới Tống Liêu,93,6,boss3,Dư Độc,2,Kill,,,,,,,1,800,,,,
Q1_ToChau,Biên Giới Tống Liêu,93,7,Wait,,1,Wait,,,,,,,,,,,10,
Q1_ToChau,Biên Giới Tống Liêu,93,8,finish,hoàn thành,1,Notify,,,,,,,,,Hoàn thành chiến trường tống liêu!,,,
Q2_ToChau,Trúc Lâm,94,1,enter,Vào Trúc Lâm,1,GoToNPC,4,707,,,11300,9890,,,,,,
Q2_ToChau,Trúc Lâm,94,1,enter,Vào Trúc Lâm,2,InteractNPC,,707,,,,,,,,,,
Q2_ToChau,Trúc Lâm,94,1,enter,Vào Trúc Lâm,3,SelectDialog,,,,,,,,,Trừ hại,3,,
Q2_ToChau,Trúc Lâm,94,1,enter,Vào Trúc Lâm,4,WaitMapChange,94,,,,,,,,,6,,
Q2_ToChau,Trúc Lâm,94,1,enter,Vào Trúc Lâm,5,Wait,,,,,,,,,,,2,
Q2_ToChau,Trúc Lâm,94,2,zone1,Dã Hùng,1,GoTo,,,2113,485,,,,,,,,
Q2_ToChau,Trúc Lâm,94,2,zone1,Dã Hùng,2,Kill,,,,,,,80,800,,,,
Q2_ToChau,Trúc Lâm,94,3,boss,Hồng Hùng Vương,1,GoTo,,,1461,2970,,,,,,,,
Q2_ToChau,Trúc Lâm,94,3,boss,Hồng Hùng Vương,2,Kill,,,,,,,1,800,,,,
Q2_ToChau,Trúc Lâm,94,4,finish,hoàn thành,1,Notify,,,,,,,,,Hoàn thành Trúc Lâm!,,,
Q3_ToChau,Dã Ngoại Trại Phỉ,95,1,enter,Vào Dã Ngoại Trại Phỉ,1,GoToNPC,4,674,,,4400,8090,,,,,,
Q3_ToChau,Dã Ngoại Trại Phỉ,95,1,enter,Vào Dã Ngoại Trại Phỉ,2,InteractNPC,,674,,,,,,,,,,
Q3_ToChau,Dã Ngoại Trại Phỉ,95,1,enter,Vào Dã Ngoại Trại Phỉ,3,SelectDialog,,,,,,,,,Doanh trại của phỉ,3,,
Q3_ToChau,Dã Ngoại Trại Phỉ,95,1,enter,Vào Dã Ngoại Trại Phỉ,4,WaitMapChange,95,,,,,,,,,6,,
Q3_ToChau,Dã Ngoại Trại Phỉ,95,1,enter,Vào Dã Ngoại Trại Phỉ,5,Wait,,,,,,,,,,,2,
Q3_ToChau,Dã Ngoại Trại Phỉ,95,2,boss,Cát Vinh,1,GoTo,,,1856,2208,,,,,,,,
Q3_ToChau,Dã Ngoại Trại Phỉ,95,2,boss,Cát Vinh,2,Kill,,,,,,,1,800,,,,
Q3_ToChau,Dã Ngoại Trại Phỉ,95,3,finish,hoàn thành,1,Notify,,,,,,,,,Hoàn thành Dã Ngoại Trại Phỉ!,,,
DanhCo1,Trân Long Kỳ Cuộc (thường),77,1,enter,Trân Long Kỳ Cuộc,1,GoToNPC,4,717,,,8600,8600,,,,,,
DanhCo1,Trân Long Kỳ Cuộc (thường),77,1,enter,Trân Long Kỳ Cuộc,2,InteractNPC,,717,,,,,,,,,,
DanhCo1,Trân Long Kỳ Cuộc (thường),77,1,enter,Trân Long Kỳ Cuộc,3,SelectDialog,,,,,,,,,Trân Long Kỳ Cuộc (thường),3,,
DanhCo1,Trân Long Kỳ Cuộc (thường),77,1,enter,Trân Long Kỳ Cuộc,4,WaitMapChange,77,,,,,,,,,6,,
DanhCo1,Trân Long Kỳ Cuộc (thường),77,1,enter,Trân Long Kỳ Cuộc,5,Wait,,,,,,,,,,,2,
DanhCo1,Trân Long Kỳ Cuộc (thường),77,2,zone1,Tiêu diệt quân cờ,1,Wait,,,,,,,,,,,25,
DanhCo1,Trân Long Kỳ Cuộc (thường),77,2,zone1,Tiêu diệt quân cờ,2,GoTo,,,1704,2503,,,,,,,,
DanhCo1,Trân Long Kỳ Cuộc (thường),77,2,zone1,Tiêu diệt quân cờ,3,Kill,,,,,,,200,800,,,,
DanhCo1,Trân Long Kỳ Cuộc (thường),77,3,boss,Viễn Cổ Kỳ Hồn,1,GoTo,,,2016,2080,,,,,,,,
DanhCo1,Trân Long Kỳ Cuộc (thường),77,3,boss,Viễn Cổ Kỳ Hồn,2,Kill,,,,,,,1,800,,,,
DanhCo1,Trân Long Kỳ Cuộc (thường),77,4,finish,hoàn thành,1,Notify,,,,,,,,,Hoàn thành Trân Long Kỳ Cuộc!,,,
DanhCo2,Trân Long Kỳ Cuộc (nhanh),77,1,enter,Trân Long Kỳ Cuộc,1,GoToNPC,4,717,,,8600,8600,,,,,,
DanhCo2,Trân Long Kỳ Cuộc (nhanh),77,1,enter,Trân Long Kỳ Cuộc,2,InteractNPC,,717,,,,,,,,,,
DanhCo2,Trân Long Kỳ Cuộc (nhanh),77,1,enter,Trân Long Kỳ Cuộc,3,SelectDialog,,,,,,,,,Trân Long Kỳ Cuộc (nhanh),3,,
DanhCo2,Trân Long Kỳ Cuộc (nhanh),77,1,enter,Trân Long Kỳ Cuộc,4,WaitMapChange,77,,,,,,,,,6,,
DanhCo2,Trân Long Kỳ Cuộc (nhanh),77,1,enter,Trân Long Kỳ Cuộc,5,Wait,,,,,,,,,,,2,
DanhCo2,Trân Long Kỳ Cuộc (nhanh),77,2,zone1,Tiêu diệt quân cờ,1,Wait,,,,,,,,,,,25,
DanhCo2,Trân Long Kỳ Cuộc (nhanh),77,2,zone1,Tiêu diệt quân cờ,2,GoTo,,,1704,2503,,,,,,,,
DanhCo2,Trân Long Kỳ Cuộc (nhanh),77,2,zone1,Tiêu diệt quân cờ,3,Kill,,,,,,,200,800,,,,
DanhCo2,Trân Long Kỳ Cuộc (nhanh),77,3,boss,Viễn Cổ Kỳ Hồn,1,GoTo,,,2016,2080,,,,,,,,
DanhCo2,Trân Long Kỳ Cuộc (nhanh),77,3,boss,Viễn Cổ Kỳ Hồn,2,Kill,,,,,,,1,800,,,,
DanhCo2,Trân Long Kỳ Cuộc (nhanh),77,4,finish,hoàn thành,1,Notify,,,,,,,,,Hoàn thành Trân Long Kỳ Cuộc!,,,
DanhCo3,Trân Long Kỳ Cuộc (siêu tốc),77,1,enter,Trân Long Kỳ Cuộc,1,GoToNPC,4,717,,,8600,8600,,,,,,
DanhCo3,Trân Long Kỳ Cuộc (siêu tốc),77,1,enter,Trân Long Kỳ Cuộc,2,InteractNPC,,717,,,,,,,,,,
DanhCo3,Trân Long Kỳ Cuộc (siêu tốc),77,1,enter,Trân Long Kỳ Cuộc,3,SelectDialog,,,,,,,,,Trân Long Kỳ Cuộc (siêu tốc),3,,
DanhCo3,Trân Long Kỳ Cuộc (siêu tốc),77,1,enter,Trân Long Kỳ Cuộc,4,WaitMapChange,77,,,,,,,,,6,,
DanhCo3,Trân Long Kỳ Cuộc (siêu tốc),77,1,enter,Trân Long Kỳ Cuộc,5,Wait,,,,,,,,,,,2,
DanhCo3,Trân Long Kỳ Cuộc (siêu tốc),77,2,zone1,Tiêu diệt quân cờ,1,Wait,,,,,,,,,,,25,
DanhCo3,Trân Long Kỳ Cuộc (siêu tốc),77,2,zone1,Tiêu diệt quân cờ,2,GoTo,,,1704,2503,,,,,,,,
DanhCo3,Trân Long Kỳ Cuộc (siêu tốc),77,2,zone1,Tiêu diệt quân cờ,3,Kill,,,,,,,200,800,,,,
DanhCo3,Trân Long Kỳ Cuộc (siêu tốc),77,3,boss,Viễn Cổ Kỳ Hồn,1,GoTo,,,2016,2080,,,,,,,,
DanhCo3,Trân Long Kỳ Cuộc (siêu tốc),77,3,boss,Viễn Cổ Kỳ Hồn,2,Kill,,,,,,,1,800,,,,
DanhCo3,Trân Long Kỳ Cuộc (siêu tốc),77,4,finish,hoàn thành,1,Notify,,,,,,,,,Hoàn thành Trân Long Kỳ Cuộc!,,,
LauLanTamBao_1,Lâu Lan Tầm Bảo (thường),101,1,enter,Vào Lâu Lan Tầm Bảo,1,GoToNPC,5,384,,,5200,7700,,,,,,
LauLanTamBao_1,Lâu Lan Tầm Bảo (thường),101,1,enter,Vào Lâu Lan Tầm Bảo,2,InteractNPC,,384,,,,,,,,,,
LauLanTamBao_1,Lâu Lan Tầm Bảo (thường),101,1,enter,Vào Lâu Lan Tầm Bảo,3,SelectDialog,,,,,,,,,Lâu Lan Tầm Bảo (thường),10,,
LauLanTamBao_1,Lâu Lan Tầm Bảo (thường),101,1,enter,Vào Lâu Lan Tầm Bảo,4,WaitMapChange,101,,,,,,,,,30,,
LauLanTamBao_1,Lâu Lan Tầm Bảo (thường),101,1,enter,Vào Lâu Lan Tầm Bảo,5,Wait,,,,,,,,,,,2,
LauLanTamBao_1,Lâu Lan Tầm Bảo (thường),101,2,zone1,Tiêu diệt bảo sương,1,Wait,,,,,,,,,,,25,
LauLanTamBao_1,Lâu Lan Tầm Bảo (thường),101,2,zone1,Tiêu diệt bảo sương,2,GoTo,,,2016,1504,,,,,,,,
LauLanTamBao_1,Lâu Lan Tầm Bảo (thường),101,2,zone1,Tiêu diệt bảo sương,3,Kill,,,,,,,200,800,,,,
LauLanTamBao_1,Lâu Lan Tầm Bảo (thường),101,3,boss,Trấn Bảo Long Vương,1,GoTo,,,2048,2048,,,,,,,,
LauLanTamBao_1,Lâu Lan Tầm Bảo (thường),101,3,boss,Trấn Bảo Long Vương,2,Kill,,,,,,,1,800,,,,
LauLanTamBao_1,Lâu Lan Tầm Bảo (thường),101,4,finish,hoàn thành,1,Notify,,,,,,,,,Hoàn thành Lâu Lan Tầm Bảo!,,,
LauLanTamBao_2,Lâu Lan Tầm Bảo (nhanh),101,1,enter,Vào Lâu Lan Tầm Bảo,1,GoToNPC,5,384,,,5200,7700,,,,,,
LauLanTamBao_2,Lâu Lan Tầm Bảo (nhanh),101,1,enter,Vào Lâu Lan Tầm Bảo,2,InteractNPC,,384,,,,,,,,,,
LauLanTamBao_2,Lâu Lan Tầm Bảo (nhanh),101,1,enter,Vào Lâu Lan Tầm Bảo,3,SelectDialog,,,,,,,,,Lâu Lan Tầm Bảo (nhanh),10,,
LauLanTamBao_2,Lâu Lan Tầm Bảo (nhanh),101,1,enter,Vào Lâu Lan Tầm Bảo,4,WaitMapChange,101,,,,,,,,,30,,
LauLanTamBao_2,Lâu Lan Tầm Bảo (nhanh),101,1,enter,Vào Lâu Lan Tầm Bảo,5,Wait,,,,,,,,,,,2,
LauLanTamBao_2,Lâu Lan Tầm Bảo (nhanh),101,2,zone1,Tiêu diệt bảo sương,1,Wait,,,,,,,,,,,25,
LauLanTamBao_2,Lâu Lan Tầm Bảo (nhanh),101,2,zone1,Tiêu diệt bảo sương,2,GoTo,,,2016,1504,,,,,,,,
LauLanTamBao_2,Lâu Lan Tầm Bảo (nhanh),101,2,zone1,Tiêu diệt bảo sương,3,Kill,,,,,,,200,800,,,,
LauLanTamBao_2,Lâu Lan Tầm Bảo (nhanh),101,3,boss,Trấn Bảo Long Vương,1,GoTo,,,2048,2048,,,,,,,,
LauLanTamBao_2,Lâu Lan Tầm Bảo (nhanh),101,3,boss,Trấn Bảo Long Vương,2,Kill,,,,,,,1,800,,,,
LauLanTamBao_2,Lâu Lan Tầm Bảo (nhanh),101,4,finish,hoàn thành,1,Notify,,,,,,,,,Hoàn thành Lâu Lan Tầm Bảo!,,,
LauLanTamBao_3,Lâu Lan Tầm Bảo (siêu tốc),101,1,enter,Vào Lâu Lan Tầm Bảo,1,GoToNPC,5,384,,,5200,7700,,,,,,
LauLanTamBao_3,Lâu Lan Tầm Bảo (siêu tốc),101,1,enter,Vào Lâu Lan Tầm Bảo,2,InteractNPC,,384,,,,,,,,,,
LauLanTamBao_3,Lâu Lan Tầm Bảo (siêu tốc),101,1,enter,Vào Lâu Lan Tầm Bảo,3,SelectDialog,,,,,,,,,Lâu Lan Tầm Bảo (siêu tốc),10,,
LauLanTamBao_3,Lâu Lan Tầm Bảo (siêu tốc),101,1,enter,Vào Lâu Lan Tầm Bảo,4,WaitMapChange,101,,,,,,,,,30,,
LauLanTamBao_3,Lâu Lan Tầm Bảo (siêu tốc),101,1,enter,Vào Lâu Lan Tầm Bảo,5,Wait,,,,,,,,,,,2,
LauLanTamBao_3,Lâu Lan Tầm Bảo (siêu tốc),101,2,zone1,Tiêu diệt bảo sương,1,Wait,,,,,,,,,,,25,
LauLanTamBao_3,Lâu Lan Tầm Bảo (siêu tốc),101,2,zone1,Tiêu diệt bảo sương,2,GoTo,,,2016,1504,,,,,,,,
LauLanTamBao_3,Lâu Lan Tầm Bảo (siêu tốc),101,2,zone1,Tiêu diệt bảo sương,3,Kill,,,,,,,200,800,,,,
LauLanTamBao_3,Lâu Lan Tầm Bảo (siêu tốc),101,3,boss,Trấn Bảo Long Vương,1,GoTo,,,2048,2048,,,,,,,,
LauLanTamBao_3,Lâu Lan Tầm Bảo (siêu tốc),101,3,boss,Trấn Bảo Long Vương,2,Kill,,,,,,,1,800,,,,
LauLanTamBao_3,Lâu Lan Tầm Bảo (siêu tốc),101,4,finish,hoàn thành,1,Notify,,,,,,,,,Hoàn thành Lâu Lan Tầm Bảo!,,,
TucCau_1,Túc Cầu (thường),103,1,enter,Túc Cầu,1,GoToNPC,4,718,,,9300,9170,,,,,,
TucCau_1,Túc Cầu (thường),103,1,enter,Túc Cầu,2,InteractNPC,,718,,,,,,,,,,
TucCau_1,Túc Cầu (thường),103,1,enter,Túc Cầu,3,SelectDialog,,,,,,,,,Tham gia Túc Cầu (thường),3,,
TucCau_1,Túc Cầu (thường),103,1,enter,Túc Cầu,4,WaitMapChange,103,,,,,,,,,6,,
TucCau_1,Túc Cầu (thường),103,1,enter,Túc Cầu,5,Wait,,,,,,,,,,,2,
TucCau_1,Túc Cầu (thường),103,2,zone1,Tiêu diệt túc cầu,1,Wait,,,,,,,,,,,25,
TucCau_1,Túc Cầu (thường),103,2,zone1,Tiêu diệt túc cầu,2,GoTo,,,1312,3072,,,,,,,,
TucCau_1,Túc Cầu (thường),103,2,zone1,Tiêu diệt túc cầu,3,Kill,,,,,,,200,800,,,,
TucCau_1,Túc Cầu (thường),103,3,boss,Tôn Mỹ Mỹ,1,GoTo,,,1952,2272,,,,,,,,
TucCau_1,Túc Cầu (thường),103,3,boss,Tôn Mỹ Mỹ,2,Kill,,,,,,,1,800,,,,
TucCau_1,Túc Cầu (thường),103,4,finish,hoàn thành,1,Notify,,,,,,,,,Hoàn thành Túc Cầu!,,,
TucCau_2,Túc Cầu (nhanh),103,1,enter,Túc Cầu,1,GoToNPC,4,718,,,9300,9170,,,,,,
TucCau_2,Túc Cầu (nhanh),103,1,enter,Túc Cầu,2,InteractNPC,,718,,,,,,,,,,
TucCau_2,Túc Cầu (nhanh),103,1,enter,Túc Cầu,3,SelectDialog,,,,,,,,,Tham gia Túc Cầu (nhanh),3,,
TucCau_2,Túc Cầu (nhanh),103,1,enter,Túc Cầu,4,WaitMapChange,103,,,,,,,,,6,,
TucCau_2,Túc Cầu (nhanh),103,1,enter,Túc Cầu,5,Wait,,,,,,,,,,,2,
TucCau_2,Túc Cầu (nhanh),103,2,zone1,Tiêu diệt túc cầu,1,Wait,,,,,,,,,,,25,
TucCau_2,Túc Cầu (nhanh),103,2,zone1,Tiêu diệt túc cầu,2,GoTo,,,1312,3072,,,,,,,,
TucCau_2,Túc Cầu (nhanh),103,2,zone1,Tiêu diệt túc cầu,3,Kill,,,,,,,200,800,,,,
TucCau_2,Túc Cầu (nhanh),103,3,boss,Tôn Mỹ Mỹ,1,GoTo,,,1952,2272,,,,,,,,
TucCau_2,Túc Cầu (nhanh),103,3,boss,Tôn Mỹ Mỹ,2,Kill,,,,,,,1,800,,,,
TucCau_2,Túc Cầu (nhanh),103,4,finish,hoàn thành,1,Notify,,,,,,,,,Hoàn thành Túc Cầu!,,,
TucCau_3,Túc Cầu (siêu tốc),103,1,enter,Túc Cầu,1,GoToNPC,4,718,,,9300,9170,,,,,,
TucCau_3,Túc Cầu (siêu tốc),103,1,enter,Túc Cầu,2,InteractNPC,,718,,,,,,,,,,
TucCau_3,Túc Cầu (siêu tốc),103,1,enter,Túc Cầu,3,SelectDialog,,,,,,,,,Tham gia Túc Cầu (siêu tốc),3,,
TucCau_3,Túc Cầu (siêu tốc),103,1,enter,Túc Cầu,4,WaitMapChange,103,,,,,,,,,6,,
TucCau_3,Túc Cầu (siêu tốc),103,1,enter,Túc Cầu,5,Wait,,,,,,,,,,,2,
TucCau_3,Túc Cầu (siêu tốc),103,2,zone1,Tiêu diệt túc cầu,1,Wait,,,,,,,,,,,25,
TucCau_3,Túc Cầu (siêu tốc),103,2,zone1,Tiêu diệt túc cầu,2,GoTo,,,1312,3072,,,,,,,,
TucCau_3,Túc Cầu (siêu tốc),103,2,zone1,Tiêu diệt túc cầu,3,Kill,,,,,,,200,800,,,,
TucCau_3,Túc Cầu (siêu tốc),103,3,boss,Tôn Mỹ Mỹ,1,GoTo,,,1952,2272,,,,,,,,
TucCau_3,Túc Cầu (siêu tốc),103,3,boss,Tôn Mỹ Mỹ,2,Kill,,,,,,,1,800,,,,
TucCau_3,Túc Cầu (siêu tốc),103,4,finish,hoàn thành,1,Notify,,,,,,,,,Hoàn thành Túc Cầu!,,,
Q1_LauLan,Hoàng Kim Chi Liên,108,1,enter,Vào Hoàng Kim Chi Liên,1,GoToNPC,5,385,,,9400,8000,,,,,,
Q1_LauLan,Hoàng Kim Chi Liên,108,1,enter,Vào Hoàng Kim Chi Liên,2,InteractNPC,,385,,,,,,,,,,
Q1_LauLan,Hoàng Kim Chi Liên,108,1,enter,Vào Hoàng Kim Chi Liên,3,SelectDialog,,,,,,,,,Hoàng Kim Chi Liên,6,,
Q1_LauLan,Hoàng Kim Chi Liên,108,1,enter,Vào Hoàng Kim Chi Liên,4,WaitMapChange,108,,,,,,,,,3,,
Q1_LauLan,Hoàng Kim Chi Liên,108,1,enter,Vào Hoàng Kim Chi Liên,5,Wait,,,,,,,,,,,2,
Q1_LauLan,Hoàng Kim Chi Liên,108,2,zone,Huyền Lôi Pha Thổ Phỉ,1,GoTo,,,4341,2303,,,,,,,,
Q1_LauLan,Hoàng Kim Chi Liên,108,2,zone,Huyền Lôi Pha Thổ Phỉ,2,Kill,,,,,,,60,1600,,,,
Q1_LauLan,Hoàng Kim Chi Liên,108,3,boss,Ngưu Khúc,1,GoTo,,,5376,2304,,,,,,,,
Q1_LauLan,Hoàng Kim Chi Liên,108,3,boss,Ngưu Khúc,2,Kill,,,,,,,1,800,,,,
Q1_LauLan,Hoàng Kim Chi Liên,108,4,boss1,Ngưu Kỳ,1,GoTo,,,2080,7104,,,,,,,,
Q1_LauLan,Hoàng Kim Chi Liên,108,4,boss1,Ngưu Kỳ,2,Kill,,,,,,,1,800,,,,
Q1_LauLan,Hoàng Kim Chi Liên,108,5,boss2,Vương Diêm,1,GoTo,,,6400,6656,,,,,,,,
Q1_LauLan,Hoàng Kim Chi Liên,108,5,boss2,Vương Diêm,2,Kill,,,,,,,1,800,,,,
Q1_LauLan,Hoàng Kim Chi Liên,108,6,finish,hoàn thành,1,Notify,,,,,,,,,Hoàn thành Hoàng Kim Chi Liên!,,,
Q2_LauLan,Huyền Phật Châu,109,1,enter,Vào Huyền Phật Châu,1,GoToNPC,5,385,,,9400,8000,,,,,,
Q2_LauLan,Huyền Phật Châu,109,1,enter,Vào Huyền Phật Châu,2,SelectDialog,,,,,,,,,Huyền Phật Châu,6,,
Q2_LauLan,Huyền Phật Châu,109,1,enter,Vào Huyền Phật Châu,3,WaitMapChange,109,,,,,,,,,3,,
Q2_LauLan,Huyền Phật Châu,109,1,enter,Vào Huyền Phật Châu,4,Wait,,,,,,,,,,,2,
Q2_LauLan,Huyền Phật Châu,109,2,zone,Độc Chướng Tiểu Quái,1,GoTo,,,4224,1824,,,,,,,,
Q2_LauLan,Huyền Phật Châu,109,2,zone,Độc Chướng Tiểu Quái,2,Kill,,,,,,,125,1600,,,,
Q2_LauLan,Huyền Phật Châu,109,3,boss_1,Tê Phong Ma,1,GoTo,,,4224,1920,,,,,,,,
Q2_LauLan,Huyền Phật Châu,109,3,boss_1,Tê Phong Ma,2,Kill,,,,,,,1,800,,,,
Q2_LauLan,Huyền Phật Châu,109,4,boss_2,Liệt Địa Hành Giả,1,GoTo,,,2656,5888,,,,,,,,
Q2_LauLan,Huyền Phật Châu,109,4,boss_2,Liệt Địa Hành Giả,2,Kill,,,,,,,1,800,,,,
Q2_LauLan,Huyền Phật Châu,109,5,boss_3,Võ Huyền Tướng,1,GoTo,,,5824,2880,,,,,,,,
Q2_LauLan,Huyền Phật Châu,109,5,boss_3,Võ Huyền Tướng,2,Kill,,,,,,,1,800,,,,
Q2_LauLan,Huyền Phật Châu,109,6,boss_4,Ngũ Độc Ma Sứ,1,GoTo,,,5792,5888,,,,,,,,
Q2_LauLan,Huyền Phật Châu,109,6,boss_4,Ngũ Độc Ma Sứ,2,Kill,,,,,,,1,800,,,,
Q2_LauLan,Huyền Phật Châu,109,7,boss_5,Phá Diệm Tôn Giả,1,GoTo,,,2304,3872,,,,,,,,
Q2_LauLan,Huyền Phật Châu,109,7,boss_5,Phá Diệm Tôn Giả,2,Kill,,,,,,,1,800,,,,
Q2_LauLan,Huyền Phật Châu,109,8,boss_6,Hồng Cúc Yêu Vương,1,GoTo,,,4064,4416,,,,,,,,
Q2_LauLan,Huyền Phật Châu,109,8,boss_6,Hồng Cúc Yêu Vương,2,Kill,,,,,,,1,800,,,,
Q2_LauLan,Huyền Phật Châu,109,9,finish,hoàn thành,1,Notify,,,,,,,,,Hoàn thành Huyền Phật Châu!,,,
Q3_LauLan,Dung Nham Chi Địa,110,1,enter,Vào Dung Nham Chi Địa,1,GoToNPC,5,386,,,4000,8500,,,,,,
Q3_LauLan,Dung Nham Chi Địa,110,1,enter,Vào Dung Nham Chi Địa,2,SelectDialog,,,,,,,,,Dung Nham Chi Địa,6,,
Q3_LauLan,Dung Nham Chi Địa,110,1,enter,Vào Dung Nham Chi Địa,3,WaitMapChange,110,,,,,,,,,3,,
Q3_LauLan,Dung Nham Chi Địa,110,1,enter,Vào Dung Nham Chi Địa,4,Wait,,,,,,,,,,,2,
Q3_LauLan,Dung Nham Chi Địa,110,2,zone,Yêu Ma Tùy Tùng,1,GoTo,,,5984,2560,,,,,,,,
Q3_LauLan,Dung Nham Chi Địa,110,2,zone,Yêu Ma Tùy Tùng,2,Kill,,,,,,,190,1600,,,,
Q3_LauLan,Dung Nham Chi Địa,110,3,boss_1,Hỏa Diệm Yêu Ma,1,GoTo,,,2144,6656,,,,,,,,
Q3_LauLan,Dung Nham Chi Địa,110,3,boss_1,Hỏa Diệm Yêu Ma,2,Kill,,,,,,,1,800,,,,
Q3_LauLan,Dung Nham Chi Địa,110,4,finish,hoàn thành,1,Notify,,,,,,,,,Hoàn thành Dung Nham Chi Địa!,,,
SatTinh,Thập Nhị Sát Tinh,111,1,enter,Thập Nhị Sát Tinh,1,GoToNPC,2,41,,,4170,7840,,,,,,
SatTinh,Thập Nhị Sát Tinh,111,1,enter,Thập Nhị Sát Tinh,2,SelectDialog,,,,,,,,,Khiêu chiến Thập Nhị Sát Tinh,6,,
SatTinh,Thập Nhị Sát Tinh,111,1,enter,Thập Nhị Sát Tinh,3,WaitMapChange,111,,,,,,,,,3,,
SatTinh,Thập Nhị Sát Tinh,111,1,enter,Thập Nhị Sát Tinh,4,Wait,,,,,,,,,,,2,
SatTinh,Thập Nhị Sát Tinh,111,2,boss_1,,1,Wait,,,,,,,,,,,25,
SatTinh,Thập Nhị Sát Tinh,111,2,boss_1,,2,GoTo,,,2037,2550,,,,,,,,
SatTinh,Thập Nhị Sát Tinh,111,2,boss_1,,3,Kill,,,,,,,100,1000,,,,
SatTinh,Thập Nhị Sát Tinh,111,3,finish,hoàn thành,1,Notify,,,,,,,,,Hoàn thành Thập Nhị Sát Tinh!,,,
PMVL,Yến Tử Ô,105,1,enter,Yến Tử Ô,1,GoToNPC,25,721,,,2200,6400,,,,,,
PMVL,Yến Tử Ô,105,1,enter,Yến Tử Ô,2,SelectDialog,,,,,,,,,Thảo phạt Yến Tử Ô,6,,
PMVL,Yến Tử Ô,105,1,enter,Yến Tử Ô,3,WaitMapChange,105,,,,,,,,,3,,
PMVL,Yến Tử Ô,105,1,enter,Yến Tử Ô,4,Wait,,,,,,,,,,,1,
PMVL,Yến Tử Ô,105,2,Step1,,1,UsePortal,,,,,5670,1090,,100,,,,
PMVL,Yến Tử Ô,105,3,Step2,,1,GoTo,,,2660,1520,,,,,,,,
PMVL,Yến Tử Ô,105,3,Step2,,2,Kill,,,,,,,10,1000,,,,
PMVL,Yến Tử Ô,105,4,Step3,,1,UsePortal,,,,,2080,1420,,100,,,,
PMVL,Yến Tử Ô,105,5,Step4,,1,GoTo,,,7300,2400,,,,,,,,
PMVL,Yến Tử Ô,105,5,Step4,,2,Kill,,,,,,,10,1000,,,,
PMVL,Yến Tử Ô,105,6,Step5,,1,UsePortal,,,,,5830,5400,,100,,,,
PMVL,Yến Tử Ô,105,7,Step6,,1,GoTo,,,4800,5500,,,,,,,,
PMVL,Yến Tử Ô,105,7,Step6,,2,Kill,,,,,,,10,1000,,,,
PMVL,Yến Tử Ô,105,8,Step7,,1,GoTo,,,2000,4600,,,,,,,,
PMVL,Yến Tử Ô,105,8,Step7,,2,Kill,,,,,,,10,1000,,,,
PMVL,Yến Tử Ô,105,9,Step8,,1,GoTo,,,1900,6200,,,,,,,,
PMVL,Yến Tử Ô,105,9,Step8,,2,Kill,,,,,,,10,1000,,,,
PMVL,Yến Tử Ô,105,10,finish,hoàn thành,1,Notify,,,,,,,,,Hoàn thành Phụng Minh Vương Lăng!,,,
PhiKH,Diệt Phỉ Kính Hồ,107,1,enter,Diệt Phỉ Kính Hồ,1,GoToNPC,30,301,,,6400,8430,,,,,,
PhiKH,Diệt Phỉ Kính Hồ,107,1,enter,Diệt Phỉ Kính Hồ,2,SelectDialog,,,,,,,,,Diệt phỉ Kính Hồ,3,,
PhiKH,Diệt Phỉ Kính Hồ,107,1,enter,Diệt Phỉ Kính Hồ,3,WaitMapChange,107,,,,,,,,,6,,
PhiKH,Diệt Phỉ Kính Hồ,107,1,enter,Diệt Phỉ Kính Hồ,4,Wait,,,,,,,,,,,2,
PhiKH,Diệt Phỉ Kính Hồ,107,2,zone1,Kính Hồ Thuỷ Phỉ,1,Wait,,,,,,,,,,,25,
PhiKH,Diệt Phỉ Kính Hồ,107,2,zone1,Kính Hồ Thuỷ Phỉ,2,GoTo,,,992,864,,,,,,,,
PhiKH,Diệt Phỉ Kính Hồ,107,2,zone1,Kính Hồ Thuỷ Phỉ,3,Kill,,,,,,,200,800,,,,
PhiKH,Diệt Phỉ Kính Hồ,107,3,boss,Kính Hồ Thủy Phỉ Đầu Lĩnh,1,GoTo,,,4384,4832,,,,,,,,
PhiKH,Diệt Phỉ Kính Hồ,107,3,boss,Kính Hồ Thủy Phỉ Đầu Lĩnh,2,Kill,,,,,,,1,800,,,,
PhiKH,Diệt Phỉ Kính Hồ,107,4,boss_1,Kính Hồ Thủy Phỉ Đầu Lĩnh,1,GoTo,,,4448,4800,,,,,,,,
PhiKH,Diệt Phỉ Kính Hồ,107,4,boss_1,Kính Hồ Thủy Phỉ Đầu Lĩnh,2,Kill,,,,,,,1,800,,,,
PhiKH,Diệt Phỉ Kính Hồ,107,5,finish,hoàn thành,1,Notify,,,,,,,,,Hoàn thành Diệt Phỉ Kính Hồ!,,,
