RowIndex,Tag,ID,Model,Text,ChildrenJSON
1,Soul,1,WuHunYuYaoPan20090722,,
2,Soul,2,WuHunYuYaoPanBianYi2009072203,,
3,Soul,3,WuHunYuYaoPanBianYi2009072204,,
4,Soul,4,WuHunYuYaoPanBianYi2009072202,,
5,Soul,5,WuHunYuYaoPanBianYi20090722,,
6,Soul,6,WuHunLiuLiYan20090722,,
7,Soul,7,WuHunLiuLiYanBianYi2009072203,,
8,Soul,8,WuHunLiuLiYanBianYi2009072204,,
9,Soul,9,WuHunLiuLiYanBianYi2009072202,,
10,Soul,10,WuHunLiuLiYanBianYi20090722,,
11,Soul,11,WuHun20210226Bing01_Gong,,
12,Soul,12,WuHun20210226Bing02_Gong,,
13,Soul,13,WuHun20210226Bing03_Gong,,
14,Soul,14,WuHun20210226Huo01_Gong,,
15,Soul,15,WuHun20210226Huo02_Gong,,
16,Soul,16,WuHun20210226Huo03_Gong,,
17,Soul,17,WuHun20210222Xuan01_Gong,,
18,Soul,18,WuHun20210222Xuan02_Gong,,
19,Soul,19,WuHun20210222Xuan03_Gong,,
20,Soul,20,WuHun20210221Du01_Gong,,
21,Soul,21,WuHun20210221Du02_Gong,,
22,Soul,22,WuHun20210221Du03_Gong,,
