ScenarioID,ScenarioName,DungeonMapID,DungeonMapName,StepIndex,StepID,StepDesc,StepTimeout,OnTimeout,RetryCount,NextStep,ActionIndex,ActionType,Text,TemplatesJSON,MapID,NPCID,PosX,PosY,Timeout,Seconds,X,Y,Count,Radius,Desc
DanhCo2,Trân Long Kỳ Cuộc (nhanh),77,Trân Long Kỳ Cuộc,4,finish,hoàn thành,30,skip,,,1,Notify,Hoàn thành Trân Long Kỳ Cuộc!,,,,,,,,,,,,
DanhCo3,Trân Long Kỳ Cuộc (siêu tốc),77,Trân Long Kỳ Cuộc,1,enter,Trân Long Kỳ Cuộc,6,retry,,,1,GoToNPC,,,4,717,8600,8600,,,,,,,
DanhCo3,Trân Long Kỳ Cuộc (siêu tốc),77,Trân Long Kỳ Cuộc,1,enter,Trân Long Kỳ Cuộc,6,retry,,,2,InteractNPC,,,,717,,,,,,,,,
DanhCo3,Trân Long Kỳ Cuộc (siêu tốc),77,Trân Long Kỳ Cuộc,1,enter,Trân Long Kỳ Cuộc,6,retry,,,3,SelectDialog,Trân Long Kỳ Cuộc (siêu tốc),,,,,,3,,,,,,
DanhCo3,Trân Long Kỳ Cuộc (siêu tốc),77,Trân Long Kỳ Cuộc,1,enter,Trân Long Kỳ Cuộc,6,retry,,,4,WaitMapChange,,,77,,,,6,,,,,,
DanhCo3,Trân Long Kỳ Cuộc (siêu tốc),77,Trân Long Kỳ Cuộc,1,enter,Trân Long Kỳ Cuộc,6,retry,,,5,Wait,,,,,,,,2,,,,,
DanhCo3,Trân Long Kỳ Cuộc (siêu tốc),77,Trân Long Kỳ Cuộc,2,zone1,Tiêu diệt quân cờ,120,retry,,,1,Wait,,,,,,,,25,,,,,
DanhCo3,Trân Long Kỳ Cuộc (siêu tốc),77,Trân Long Kỳ Cuộc,2,zone1,Tiêu diệt quân cờ,120,retry,,,2,GoTo,,,,,,,,,1704,2503,,,
DanhCo3,Trân Long Kỳ Cuộc (siêu tốc),77,Trân Long Kỳ Cuộc,2,zone1,Tiêu diệt quân cờ,120,retry,,,3,Kill,,"[{""MonsterID"":""1770"",""MinLevel"":""10"",""MaxLevel"":""19""},{""MonsterID"":""1771"",""MinLevel"":""20"",""MaxLevel"":""29""},{""MonsterID"":""1772"",""MinLevel"":""30"",""MaxLevel"":""39""},{""MonsterID"":""1773"",""MinLevel"":""40"",""MaxLevel"":""49""},{""MonsterID"":""1774"",""MinLevel"":""50"",""MaxLevel"":""59""},{""MonsterID"":""1775"",""MinLevel"":""60"",""MaxLevel"":""69""},{""MonsterID"":""1776"",""MinLevel"":""70"",""MaxLevel"":""79""},{""MonsterID"":""1777"",""MinLevel"":""80"",""MaxLevel"":""89""},{""MonsterID"":""1778"",""MinLevel"":""90"",""MaxLevel"":""99""},{""MonsterID"":""1779"",""MinLevel"":""100"",""MaxLevel"":""999""},{""MonsterID"":""1780"",""MinLevel"":""10"",""MaxLevel"":""19""},{""MonsterID"":""1781"",""MinLevel"":""20"",""MaxLevel"":""29""},{""MonsterID"":""1782"",""MinLevel"":""30"",""MaxLevel"":""39""},{""MonsterID"":""1783"",""MinLevel"":""40"",""MaxLevel"":""49""},{""MonsterID"":""1784"",""MinLevel"":""50"",""MaxLevel"":""59""},{""MonsterID"":""1785"",""MinLevel"":""60"",""MaxLevel"":""69""},{""MonsterID"":""1786"",""MinLevel"":""70"",""MaxLevel"":""79""},{""MonsterID"":""1787"",""MinLevel"":""80"",""MaxLevel"":""89""},{""MonsterID"":""1788"",""MinLevel"":""90"",""MaxLevel"":""99""},{""MonsterID"":""1789"",""MinLevel"":""100"",""MaxLevel"":""999""},{""MonsterID"":""1790"",""MinLevel"":""10"",""MaxLevel"":""19""},{""MonsterID"":""1791"",""MinLevel"":""20"",""MaxLevel"":""29""},{""MonsterID"":""1792"",""MinLevel"":""30"",""MaxLevel"":""39""},{""MonsterID"":""1793"",""MinLevel"":""40"",""MaxLevel"":""49""},{""MonsterID"":""1794"",""MinLevel"":""50"",""MaxLevel"":""59""},{""MonsterID"":""1795"",""MinLevel"":""60"",""MaxLevel"":""69""},{""MonsterID"":""1796"",""MinLevel"":""70"",""MaxLevel"":""79""},{""MonsterID"":""1797"",""MinLevel"":""80"",""MaxLevel"":""89""},{""MonsterID"":""1798"",""MinLevel"":""90"",""MaxLevel"":""99""},{""MonsterID"":""1799"",""MinLevel"":""100"",""MaxLevel"":""999""},{""MonsterID"":""1800"",""MinLevel"":""10"",""MaxLevel"":""19""},{""MonsterID"":""1801"",""MinLevel"":""20"",""MaxLevel"":""29""},{""MonsterID"":""1802"",""MinLevel"":""30"",""MaxLevel"":""39""},{""MonsterID"":""1803"",""MinLevel"":""40"",""MaxLevel"":""49""},{""MonsterID"":""1804"",""MinLevel"":""50"",""MaxLevel"":""59""},{""MonsterID"":""1805"",""MinLevel"":""60"",""MaxLevel"":""69""},{""MonsterID"":""1806"",""MinLevel"":""70"",""MaxLevel"":""79""},{""MonsterID"":""1807"",""MinLevel"":""80"",""MaxLevel"":""89""},{""MonsterID"":""1808"",""MinLevel"":""90"",""MaxLevel"":""99""},{""MonsterID"":""1809"",""MinLevel"":""100"",""MaxLevel"":""999""}]",,,,,,,,,200,800,Tiêu diệt quân cờ
DanhCo3,Trân Long Kỳ Cuộc (siêu tốc),77,Trân Long Kỳ Cuộc,3,boss,Viễn Cổ Kỳ Hồn,180,retry,,,1,GoTo,,,,,,,,,2016,2080,,,
DanhCo3,Trân Long Kỳ Cuộc (siêu tốc),77,Trân Long Kỳ Cuộc,3,boss,Viễn Cổ Kỳ Hồn,180,retry,,,2,Kill,,"[{""MonsterID"":""1850"",""MinLevel"":""10"",""MaxLevel"":""19""},{""MonsterID"":""1851"",""MinLevel"":""20"",""MaxLevel"":""29""},{""MonsterID"":""1852"",""MinLevel"":""30"",""MaxLevel"":""39""},{""MonsterID"":""1853"",""MinLevel"":""40"",""MaxLevel"":""49""},{""MonsterID"":""1854"",""MinLevel"":""50"",""MaxLevel"":""59""},{""MonsterID"":""1855"",""MinLevel"":""60"",""MaxLevel"":""69""},{""MonsterID"":""1856"",""MinLevel"":""70"",""MaxLevel"":""79""},{""MonsterID"":""1857"",""MinLevel"":""80"",""MaxLevel"":""89""},{""MonsterID"":""1858"",""MinLevel"":""90"",""MaxLevel"":""99""},{""MonsterID"":""1859"",""MinLevel"":""100"",""MaxLevel"":""999""}]",,,,,,,,,1,800,Viễn Cổ Kỳ Hồn
DanhCo3,Trân Long Kỳ Cuộc (siêu tốc),77,Trân Long Kỳ Cuộc,4,finish,hoàn thành,30,skip,,,1,Notify,Hoàn thành Trân Long Kỳ Cuộc!,,,,,,,,,,,,
LauLanTamBao_1,Lâu Lan Tầm Bảo (thường),101,Lâu Lan Bảo Tàng Động,1,enter,Vào Lâu Lan Tầm Bảo,6,retry,,,1,GoToNPC,,,5,384,5200,7700,,,,,,,
LauLanTamBao_1,Lâu Lan Tầm Bảo (thường),101,Lâu Lan Bảo Tàng Động,1,enter,Vào Lâu Lan Tầm Bảo,6,retry,,,2,InteractNPC,,,,384,,,,,,,,,
LauLanTamBao_1,Lâu Lan Tầm Bảo (thường),101,Lâu Lan Bảo Tàng Động,1,enter,Vào Lâu Lan Tầm Bảo,6,retry,,,3,SelectDialog,Lâu Lan Tầm Bảo (thường),,,,,,10,,,,,,
LauLanTamBao_1,Lâu Lan Tầm Bảo (thường),101,Lâu Lan Bảo Tàng Động,1,enter,Vào Lâu Lan Tầm Bảo,6,retry,,,4,WaitMapChange,,,101,,,,30,,,,,,
LauLanTamBao_1,Lâu Lan Tầm Bảo (thường),101,Lâu Lan Bảo Tàng Động,1,enter,Vào Lâu Lan Tầm Bảo,6,retry,,,5,Wait,,,,,,,,2,,,,,
LauLanTamBao_1,Lâu Lan Tầm Bảo (thường),101,Lâu Lan Bảo Tàng Động,2,zone1,Tiêu diệt bảo sương,120,retry,,,1,Wait,,,,,,,,25,,,,,
LauLanTamBao_1,Lâu Lan Tầm Bảo (thường),101,Lâu Lan Bảo Tàng Động,2,zone1,Tiêu diệt bảo sương,120,retry,,,2,GoTo,,,,,,,,,2016,1504,,,
LauLanTamBao_1,Lâu Lan Tầm Bảo (thường),101,Lâu Lan Bảo Tàng Động,2,zone1,Tiêu diệt bảo sương,120,retry,,,3,Kill,,"[{""MonsterID"":""12102"",""MinLevel"":""75"",""MaxLevel"":""79""},{""MonsterID"":""12103"",""MinLevel"":""80"",""MaxLevel"":""89""},{""MonsterID"":""12104"",""MinLevel"":""90"",""MaxLevel"":""99""},{""MonsterID"":""12105"",""MinLevel"":""100"",""MaxLevel"":""109""},{""MonsterID"":""12106"",""MinLevel"":""110"",""MaxLevel"":""119""},{""MonsterID"":""12107"",""MinLevel"":""120"",""MaxLevel"":""129""},{""MonsterID"":""12108"",""MinLevel"":""130"",""MaxLevel"":""139""},{""MonsterID"":""12109"",""MinLevel"":""140"",""MaxLevel"":""149""},{""MonsterID"":""12110"",""MinLevel"":""150"",""MaxLevel"":""999""},{""MonsterID"":""12111"",""MinLevel"":""75"",""MaxLevel"":""79""},{""MonsterID"":""12112"",""MinLevel"":""80"",""MaxLevel"":""89""},{""MonsterID"":""12113"",""MinLevel"":""90"",""MaxLevel"":""99""},{""MonsterID"":""12114"",""MinLevel"":""100"",""MaxLevel"":""109""},{""MonsterID"":""12115"",""MinLevel"":""110"",""MaxLevel"":""119""},{""MonsterID"":""12116"",""MinLevel"":""120"",""MaxLevel"":""129""},{""MonsterID"":""12117"",""MinLevel"":""130"",""MaxLevel"":""139""},{""MonsterID"":""12118"",""MinLevel"":""140"",""MaxLevel"":""149""},{""MonsterID"":""12119"",""MinLevel"":""150"",""MaxLevel"":""999""},{""MonsterID"":""12120"",""MinLevel"":""75"",""MaxLevel"":""79""},{""MonsterID"":""12121"",""MinLevel"":""80"",""MaxLevel"":""89""},{""MonsterID"":""12122"",""MinLevel"":""90"",""MaxLevel"":""99""},{""MonsterID"":""12123"",""MinLevel"":""100"",""MaxLevel"":""109""},{""MonsterID"":""12124"",""MinLevel"":""110"",""MaxLevel"":""119""},{""MonsterID"":""12125"",""MinLevel"":""120"",""MaxLevel"":""129""},{""MonsterID"":""12126"",""MinLevel"":""130"",""MaxLevel"":""139""},{""MonsterID"":""12127"",""MinLevel"":""140"",""MaxLevel"":""149""},{""MonsterID"":""12128"",""MinLevel"":""150"",""MaxLevel"":""999""},{""MonsterID"":""12129"",""MinLevel"":""75"",""MaxLevel"":""79""},{""MonsterID"":""12130"",""MinLevel"":""80"",""MaxLevel"":""89""},{""MonsterID"":""12131"",""MinLevel"":""90"",""MaxLevel"":""99""},{""MonsterID"":""12132"",""MinLevel"":""100"",""MaxLevel"":""109""},{""MonsterID"":""12133"",""MinLevel"":""110"",""MaxLevel"":""119""},{""MonsterID"":""12134"",""MinLevel"":""120"",""MaxLevel"":""129""},{""MonsterID"":""12135"",""MinLevel"":""130"",""MaxLevel"":""139""},{""MonsterID"":""12136"",""MinLevel"":""140"",""MaxLevel"":""149""},{""MonsterID"":""12137"",""MinLevel"":""150"",""MaxLevel"":""999""}]",,,,,,,,,200,800,Tiêu diệt bảo sương
LauLanTamBao_1,Lâu Lan Tầm Bảo (thường),101,Lâu Lan Bảo Tàng Động,3,boss,Trấn Bảo Long Vương,180,retry,,,1,GoTo,,,,,,,,,2048,2048,,,
LauLanTamBao_1,Lâu Lan Tầm Bảo (thường),101,Lâu Lan Bảo Tàng Động,3,boss,Trấn Bảo Long Vương,180,retry,,,2,Kill,,"[{""MonsterID"":""12138"",""MinLevel"":""75"",""MaxLevel"":""79""},{""MonsterID"":""12139"",""MinLevel"":""80"",""MaxLevel"":""89""},{""MonsterID"":""12140"",""MinLevel"":""90"",""MaxLevel"":""99""},{""MonsterID"":""12141"",""MinLevel"":""100"",""MaxLevel"":""109""},{""MonsterID"":""12142"",""MinLevel"":""110"",""MaxLevel"":""119""},{""MonsterID"":""12143"",""MinLevel"":""120"",""MaxLevel"":""129""},{""MonsterID"":""12144"",""MinLevel"":""130"",""MaxLevel"":""139""},{""MonsterID"":""12145"",""MinLevel"":""140"",""MaxLevel"":""149""},{""MonsterID"":""12146"",""MinLevel"":""150"",""MaxLevel"":""999""}]",,,,,,,,,1,800,Trấn Bảo Long Vương
LauLanTamBao_1,Lâu Lan Tầm Bảo (thường),101,Lâu Lan Bảo Tàng Động,4,finish,hoàn thành,30,skip,,,1,Notify,Hoàn thành Lâu Lan Tầm Bảo!,,,,,,,,,,,,
LauLanTamBao_2,Lâu Lan Tầm Bảo (nhanh),101,Lâu Lan Bảo Tàng Động,1,enter,Vào Lâu Lan Tầm Bảo,6,retry,,,1,GoToNPC,,,5,384,5200,7700,,,,,,,
LauLanTamBao_2,Lâu Lan Tầm Bảo (nhanh),101,Lâu Lan Bảo Tàng Động,1,enter,Vào Lâu Lan Tầm Bảo,6,retry,,,2,InteractNPC,,,,384,,,,,,,,,
LauLanTamBao_2,Lâu Lan Tầm Bảo (nhanh),101,Lâu Lan Bảo Tàng Động,1,enter,Vào Lâu Lan Tầm Bảo,6,retry,,,3,SelectDialog,Lâu Lan Tầm Bảo (nhanh),,,,,,10,,,,,,
LauLanTamBao_2,Lâu Lan Tầm Bảo (nhanh),101,Lâu Lan Bảo Tàng Động,1,enter,Vào Lâu Lan Tầm Bảo,6,retry,,,4,WaitMapChange,,,101,,,,30,,,,,,
LauLanTamBao_2,Lâu Lan Tầm Bảo (nhanh),101,Lâu Lan Bảo Tàng Động,1,enter,Vào Lâu Lan Tầm Bảo,6,retry,,,5,Wait,,,,,,,,2,,,,,
LauLanTamBao_2,Lâu Lan Tầm Bảo (nhanh),101,Lâu Lan Bảo Tàng Động,2,zone1,Tiêu diệt bảo sương,120,retry,,,1,Wait,,,,,,,,25,,,,,
LauLanTamBao_2,Lâu Lan Tầm Bảo (nhanh),101,Lâu Lan Bảo Tàng Động,2,zone1,Tiêu diệt bảo sương,120,retry,,,2,GoTo,,,,,,,,,2016,1504,,,
LauLanTamBao_2,Lâu Lan Tầm Bảo (nhanh),101,Lâu Lan Bảo Tàng Động,2,zone1,Tiêu diệt bảo sương,120,retry,,,3,Kill,,"[{""MonsterID"":""12102"",""MinLevel"":""75"",""MaxLevel"":""79""},{""MonsterID"":""12103"",""MinLevel"":""80"",""MaxLevel"":""89""},{""MonsterID"":""12104"",""MinLevel"":""90"",""MaxLevel"":""99""},{""MonsterID"":""12105"",""MinLevel"":""100"",""MaxLevel"":""109""},{""MonsterID"":""12106"",""MinLevel"":""110"",""MaxLevel"":""119""},{""MonsterID"":""12107"",""MinLevel"":""120"",""MaxLevel"":""129""},{""MonsterID"":""12108"",""MinLevel"":""130"",""MaxLevel"":""139""},{""MonsterID"":""12109"",""MinLevel"":""140"",""MaxLevel"":""149""},{""MonsterID"":""12110"",""MinLevel"":""150"",""MaxLevel"":""999""},{""MonsterID"":""12111"",""MinLevel"":""75"",""MaxLevel"":""79""},{""MonsterID"":""12112"",""MinLevel"":""80"",""MaxLevel"":""89""},{""MonsterID"":""12113"",""MinLevel"":""90"",""MaxLevel"":""99""},{""MonsterID"":""12114"",""MinLevel"":""100"",""MaxLevel"":""109""},{""MonsterID"":""12115"",""MinLevel"":""110"",""MaxLevel"":""119""},{""MonsterID"":""12116"",""MinLevel"":""120"",""MaxLevel"":""129""},{""MonsterID"":""12117"",""MinLevel"":""130"",""MaxLevel"":""139""},{""MonsterID"":""12118"",""MinLevel"":""140"",""MaxLevel"":""149""},{""MonsterID"":""12119"",""MinLevel"":""150"",""MaxLevel"":""999""},{""MonsterID"":""12120"",""MinLevel"":""75"",""MaxLevel"":""79""},{""MonsterID"":""12121"",""MinLevel"":""80"",""MaxLevel"":""89""},{""MonsterID"":""12122"",""MinLevel"":""90"",""MaxLevel"":""99""},{""MonsterID"":""12123"",""MinLevel"":""100"",""MaxLevel"":""109""},{""MonsterID"":""12124"",""MinLevel"":""110"",""MaxLevel"":""119""},{""MonsterID"":""12125"",""MinLevel"":""120"",""MaxLevel"":""129""},{""MonsterID"":""12126"",""MinLevel"":""130"",""MaxLevel"":""139""},{""MonsterID"":""12127"",""MinLevel"":""140"",""MaxLevel"":""149""},{""MonsterID"":""12128"",""MinLevel"":""150"",""MaxLevel"":""999""},{""MonsterID"":""12129"",""MinLevel"":""75"",""MaxLevel"":""79""},{""MonsterID"":""12130"",""MinLevel"":""80"",""MaxLevel"":""89""},{""MonsterID"":""12131"",""MinLevel"":""90"",""MaxLevel"":""99""},{""MonsterID"":""12132"",""MinLevel"":""100"",""MaxLevel"":""109""},{""MonsterID"":""12133"",""MinLevel"":""110"",""MaxLevel"":""119""},{""MonsterID"":""12134"",""MinLevel"":""120"",""MaxLevel"":""129""},{""MonsterID"":""12135"",""MinLevel"":""130"",""MaxLevel"":""139""},{""MonsterID"":""12136"",""MinLevel"":""140"",""MaxLevel"":""149""},{""MonsterID"":""12137"",""MinLevel"":""150"",""MaxLevel"":""999""}]",,,,,,,,,200,800,Tiêu diệt bảo sương
LauLanTamBao_2,Lâu Lan Tầm Bảo (nhanh),101,Lâu Lan Bảo Tàng Động,3,boss,Trấn Bảo Long Vương,180,retry,,,1,GoTo,,,,,,,,,2048,2048,,,
LauLanTamBao_2,Lâu Lan Tầm Bảo (nhanh),101,Lâu Lan Bảo Tàng Động,3,boss,Trấn Bảo Long Vương,180,retry,,,2,Kill,,"[{""MonsterID"":""12138"",""MinLevel"":""75"",""MaxLevel"":""79""},{""MonsterID"":""12139"",""MinLevel"":""80"",""MaxLevel"":""89""},{""MonsterID"":""12140"",""MinLevel"":""90"",""MaxLevel"":""99""},{""MonsterID"":""12141"",""MinLevel"":""100"",""MaxLevel"":""109""},{""MonsterID"":""12142"",""MinLevel"":""110"",""MaxLevel"":""119""},{""MonsterID"":""12143"",""MinLevel"":""120"",""MaxLevel"":""129""},{""MonsterID"":""12144"",""MinLevel"":""130"",""MaxLevel"":""139""},{""MonsterID"":""12145"",""MinLevel"":""140"",""MaxLevel"":""149""},{""MonsterID"":""12146"",""MinLevel"":""150"",""MaxLevel"":""999""}]",,,,,,,,,1,800,Trấn Bảo Long Vương
LauLanTamBao_2,Lâu Lan Tầm Bảo (nhanh),101,Lâu Lan Bảo Tàng Động,4,finish,hoàn thành,30,skip,,,1,Notify,Hoàn thành Lâu Lan Tầm Bảo!,,,,,,,,,,,,
LauLanTamBao_3,Lâu Lan Tầm Bảo (siêu tốc),101,Lâu Lan Bảo Tàng Động,1,enter,Vào Lâu Lan Tầm Bảo,6,retry,,,1,GoToNPC,,,5,384,5200,7700,,,,,,,
LauLanTamBao_3,Lâu Lan Tầm Bảo (siêu tốc),101,Lâu Lan Bảo Tàng Động,1,enter,Vào Lâu Lan Tầm Bảo,6,retry,,,2,InteractNPC,,,,384,,,,,,,,,
LauLanTamBao_3,Lâu Lan Tầm Bảo (siêu tốc),101,Lâu Lan Bảo Tàng Động,1,enter,Vào Lâu Lan Tầm Bảo,6,retry,,,3,SelectDialog,Lâu Lan Tầm Bảo (siêu tốc),,,,,,10,,,,,,
LauLanTamBao_3,Lâu Lan Tầm Bảo (siêu tốc),101,Lâu Lan Bảo Tàng Động,1,enter,Vào Lâu Lan Tầm Bảo,6,retry,,,4,WaitMapChange,,,101,,,,30,,,,,,
LauLanTamBao_3,Lâu Lan Tầm Bảo (siêu tốc),101,Lâu Lan Bảo Tàng Động,1,enter,Vào Lâu Lan Tầm Bảo,6,retry,,,5,Wait,,,,,,,,2,,,,,
LauLanTamBao_3,Lâu Lan Tầm Bảo (siêu tốc),101,Lâu Lan Bảo Tàng Động,2,zone1,Tiêu diệt bảo sương,120,retry,,,1,Wait,,,,,,,,25,,,,,
LauLanTamBao_3,Lâu Lan Tầm Bảo (siêu tốc),101,Lâu Lan Bảo Tàng Động,2,zone1,Tiêu diệt bảo sương,120,retry,,,2,GoTo,,,,,,,,,2016,1504,,,
LauLanTamBao_3,Lâu Lan Tầm Bảo (siêu tốc),101,Lâu Lan Bảo Tàng Động,2,zone1,Tiêu diệt bảo sương,120,retry,,,3,Kill,,"[{""MonsterID"":""12102"",""MinLevel"":""75"",""MaxLevel"":""79""},{""MonsterID"":""12103"",""MinLevel"":""80"",""MaxLevel"":""89""},{""MonsterID"":""12104"",""MinLevel"":""90"",""MaxLevel"":""99""},{""MonsterID"":""12105"",""MinLevel"":""100"",""MaxLevel"":""109""},{""MonsterID"":""12106"",""MinLevel"":""110"",""MaxLevel"":""119""},{""MonsterID"":""12107"",""MinLevel"":""120"",""MaxLevel"":""129""},{""MonsterID"":""12108"",""MinLevel"":""130"",""MaxLevel"":""139""},{""MonsterID"":""12109"",""MinLevel"":""140"",""MaxLevel"":""149""},{""MonsterID"":""12110"",""MinLevel"":""150"",""MaxLevel"":""999""},{""MonsterID"":""12111"",""MinLevel"":""75"",""MaxLevel"":""79""},{""MonsterID"":""12112"",""MinLevel"":""80"",""MaxLevel"":""89""},{""MonsterID"":""12113"",""MinLevel"":""90"",""MaxLevel"":""99""},{""MonsterID"":""12114"",""MinLevel"":""100"",""MaxLevel"":""109""},{""MonsterID"":""12115"",""MinLevel"":""110"",""MaxLevel"":""119""},{""MonsterID"":""12116"",""MinLevel"":""120"",""MaxLevel"":""129""},{""MonsterID"":""12117"",""MinLevel"":""130"",""MaxLevel"":""139""},{""MonsterID"":""12118"",""MinLevel"":""140"",""MaxLevel"":""149""},{""MonsterID"":""12119"",""MinLevel"":""150"",""MaxLevel"":""999""},{""MonsterID"":""12120"",""MinLevel"":""75"",""MaxLevel"":""79""},{""MonsterID"":""12121"",""MinLevel"":""80"",""MaxLevel"":""89""},{""MonsterID"":""12122"",""MinLevel"":""90"",""MaxLevel"":""99""},{""MonsterID"":""12123"",""MinLevel"":""100"",""MaxLevel"":""109""},{""MonsterID"":""12124"",""MinLevel"":""110"",""MaxLevel"":""119""},{""MonsterID"":""12125"",""MinLevel"":""120"",""MaxLevel"":""129""},{""MonsterID"":""12126"",""MinLevel"":""130"",""MaxLevel"":""139""},{""MonsterID"":""12127"",""MinLevel"":""140"",""MaxLevel"":""149""},{""MonsterID"":""12128"",""MinLevel"":""150"",""MaxLevel"":""999""},{""MonsterID"":""12129"",""MinLevel"":""75"",""MaxLevel"":""79""},{""MonsterID"":""12130"",""MinLevel"":""80"",""MaxLevel"":""89""},{""MonsterID"":""12131"",""MinLevel"":""90"",""MaxLevel"":""99""},{""MonsterID"":""12132"",""MinLevel"":""100"",""MaxLevel"":""109""},{""MonsterID"":""12133"",""MinLevel"":""110"",""MaxLevel"":""119""},{""MonsterID"":""12134"",""MinLevel"":""120"",""MaxLevel"":""129""},{""MonsterID"":""12135"",""MinLevel"":""130"",""MaxLevel"":""139""},{""MonsterID"":""12136"",""MinLevel"":""140"",""MaxLevel"":""149""},{""MonsterID"":""12137"",""MinLevel"":""150"",""MaxLevel"":""999""}]",,,,,,,,,200,800,Tiêu diệt bảo sương
LauLanTamBao_3,Lâu Lan Tầm Bảo (siêu tốc),101,Lâu Lan Bảo Tàng Động,3,boss,Trấn Bảo Long Vương,180,retry,,,1,GoTo,,,,,,,,,2048,2048,,,
LauLanTamBao_3,Lâu Lan Tầm Bảo (siêu tốc),101,Lâu Lan Bảo Tàng Động,3,boss,Trấn Bảo Long Vương,180,retry,,,2,Kill,,"[{""MonsterID"":""12138"",""MinLevel"":""75"",""MaxLevel"":""79""},{""MonsterID"":""12139"",""MinLevel"":""80"",""MaxLevel"":""89""},{""MonsterID"":""12140"",""MinLevel"":""90"",""MaxLevel"":""99""},{""MonsterID"":""12141"",""MinLevel"":""100"",""MaxLevel"":""109""},{""MonsterID"":""12142"",""MinLevel"":""110"",""MaxLevel"":""119""},{""MonsterID"":""12143"",""MinLevel"":""120"",""MaxLevel"":""129""},{""MonsterID"":""12144"",""MinLevel"":""130"",""MaxLevel"":""139""},{""MonsterID"":""12145"",""MinLevel"":""140"",""MaxLevel"":""149""},{""MonsterID"":""12146"",""MinLevel"":""150"",""MaxLevel"":""999""}]",,,,,,,,,1,800,Trấn Bảo Long Vương
LauLanTamBao_3,Lâu Lan Tầm Bảo (siêu tốc),101,Lâu Lan Bảo Tàng Động,4,finish,hoàn thành,30,skip,,,1,Notify,Hoàn thành Lâu Lan Tầm Bảo!,,,,,,,,,,,,
TucCau_1,Túc Cầu (thường),103,Mẫu Đan Uyển,1,enter,Túc Cầu,6,retry,,,1,GoToNPC,,,4,718,9300,9170,,,,,,,
TucCau_1,Túc Cầu (thường),103,Mẫu Đan Uyển,1,enter,Túc Cầu,6,retry,,,2,InteractNPC,,,,718,,,,,,,,,
TucCau_1,Túc Cầu (thường),103,Mẫu Đan Uyển,1,enter,Túc Cầu,6,retry,,,3,SelectDialog,Tham gia Túc Cầu (thường),,,,,,3,,,,,,
TucCau_1,Túc Cầu (thường),103,Mẫu Đan Uyển,1,enter,Túc Cầu,6,retry,,,4,WaitMapChange,,,103,,,,6,,,,,,
TucCau_1,Túc Cầu (thường),103,Mẫu Đan Uyển,1,enter,Túc Cầu,6,retry,,,5,Wait,,,,,,,,2,,,,,
TucCau_1,Túc Cầu (thường),103,Mẫu Đan Uyển,2,zone1,Tiêu diệt túc cầu,120,retry,,,1,Wait,,,,,,,,25,,,,,
TucCau_1,Túc Cầu (thường),103,Mẫu Đan Uyển,2,zone1,Tiêu diệt túc cầu,120,retry,,,2,GoTo,,,,,,,,,1312,3072,,,
TucCau_1,Túc Cầu (thường),103,Mẫu Đan Uyển,2,zone1,Tiêu diệt túc cầu,120,retry,,,3,Kill,,"[{""MonsterID"":""3680"",""MinLevel"":""10"",""MaxLevel"":""19""},{""MonsterID"":""3681"",""MinLevel"":""20"",""MaxLevel"":""29""},{""MonsterID"":""3682"",""MinLevel"":""30"",""MaxLevel"":""39""},{""MonsterID"":""3683"",""MinLevel"":""40"",""MaxLevel"":""49""},{""MonsterID"":""3684"",""MinLevel"":""50"",""MaxLevel"":""59""},{""MonsterID"":""3685"",""MinLevel"":""60"",""MaxLevel"":""69""},{""MonsterID"":""3686"",""MinLevel"":""70"",""MaxLevel"":""79""},{""MonsterID"":""3687"",""MinLevel"":""80"",""MaxLevel"":""89""},{""MonsterID"":""3688"",""MinLevel"":""90"",""MaxLevel"":""99""},{""MonsterID"":""3689"",""MinLevel"":""100"",""MaxLevel"":""999""},{""MonsterID"":""3690"",""MinLevel"":""10"",""MaxLevel"":""19""},{""MonsterID"":""3691"",""MinLevel"":""20"",""MaxLevel"":""29""},{""MonsterID"":""3692"",""MinLevel"":""30"",""MaxLevel"":""39""},{""MonsterID"":""3693"",""MinLevel"":""40"",""MaxLevel"":""49""},{""MonsterID"":""3694"",""MinLevel"":""50"",""MaxLevel"":""59""},{""MonsterID"":""3695"",""MinLevel"":""60"",""MaxLevel"":""69""},{""MonsterID"":""3696"",""MinLevel"":""70"",""MaxLevel"":""79""},{""MonsterID"":""3697"",""MinLevel"":""80"",""MaxLevel"":""89""},{""MonsterID"":""3698"",""MinLevel"":""90"",""MaxLevel"":""99""},{""MonsterID"":""3699"",""MinLevel"":""100"",""MaxLevel"":""999""},{""MonsterID"":""3700"",""MinLevel"":""10"",""MaxLevel"":""19""},{""MonsterID"":""3701"",""MinLevel"":""20"",""MaxLevel"":""29""},{""MonsterID"":""3702"",""MinLevel"":""30"",""MaxLevel"":""39""},{""MonsterID"":""3703"",""MinLevel"":""40"",""MaxLevel"":""49""},{""MonsterID"":""3704"",""MinLevel"":""50"",""MaxLevel"":""59""},{""MonsterID"":""3705"",""MinLevel"":""60"",""MaxLevel"":""69""},{""MonsterID"":""3706"",""MinLevel"":""70"",""MaxLevel"":""79""},{""MonsterID"":""3707"",""MinLevel"":""80"",""MaxLevel"":""89""},{""MonsterID"":""3708"",""MinLevel"":""90"",""MaxLevel"":""99""},{""MonsterID"":""3709"",""MinLevel"":""100"",""MaxLevel"":""999""},{""MonsterID"":""3710"",""MinLevel"":""10"",""MaxLevel"":""19""},{""MonsterID"":""3711"",""MinLevel"":""20"",""MaxLevel"":""29""},{""MonsterID"":""3712"",""MinLevel"":""30"",""MaxLevel"":""39""},{""MonsterID"":""3713"",""MinLevel"":""40"",""MaxLevel"":""49""},{""MonsterID"":""3714"",""MinLevel"":""50"",""MaxLevel"":""59""},{""MonsterID"":""3715"",""MinLevel"":""60"",""MaxLevel"":""69""},{""MonsterID"":""3716"",""MinLevel"":""70"",""MaxLevel"":""79""},{""MonsterID"":""3717"",""MinLevel"":""80"",""MaxLevel"":""89""},{""MonsterID"":""3718"",""MinLevel"":""90"",""MaxLevel"":""99""},{""MonsterID"":""3719"",""MinLevel"":""100"",""MaxLevel"":""999""},{""MonsterID"":""9160"",""MinLevel"":""10"",""MaxLevel"":""19""},{""MonsterID"":""9161"",""MinLevel"":""20"",""MaxLevel"":""29""},{""MonsterID"":""9162"",""MinLevel"":""30"",""MaxLevel"":""39""},{""MonsterID"":""9163"",""MinLevel"":""40"",""MaxLevel"":""49""},{""MonsterID"":""9164"",""MinLevel"":""50"",""MaxLevel"":""59""},{""MonsterID"":""9165"",""MinLevel"":""60"",""MaxLevel"":""69""},{""MonsterID"":""9166"",""MinLevel"":""70"",""MaxLevel"":""79""},{""MonsterID"":""9167"",""MinLevel"":""80"",""MaxLevel"":""89""},{""MonsterID"":""9168"",""MinLevel"":""90"",""MaxLevel"":""99""},{""MonsterID"":""9169"",""MinLevel"":""100"",""MaxLevel"":""999""},{""MonsterID"":""9170"",""MinLevel"":""10"",""MaxLevel"":""19""},{""MonsterID"":""9171"",""MinLevel"":""20"",""MaxLevel"":""29""},{""MonsterID"":""9172"",""MinLevel"":""30"",""MaxLevel"":""39""},{""MonsterID"":""9173"",""MinLevel"":""40"",""MaxLevel"":""49""},{""MonsterID"":""9174"",""MinLevel"":""50"",""MaxLevel"":""59""},{""MonsterID"":""9175"",""MinLevel"":""60"",""MaxLevel"":""69""},{""MonsterID"":""9176"",""MinLevel"":""70"",""MaxLevel"":""79""},{""MonsterID"":""9177"",""MinLevel"":""80"",""MaxLevel"":""89""},{""MonsterID"":""9178"",""MinLevel"":""90"",""MaxLevel"":""99""},{""MonsterID"":""9179"",""MinLevel"":""100"",""MaxLevel"":""999""},{""MonsterID"":""9180"",""MinLevel"":""10"",""MaxLevel"":""19""},{""MonsterID"":""9181"",""MinLevel"":""20"",""MaxLevel"":""29""},{""MonsterID"":""9182"",""MinLevel"":""30"",""MaxLevel"":""39""},{""MonsterID"":""9183"",""MinLevel"":""40"",""MaxLevel"":""49""},{""MonsterID"":""9184"",""MinLevel"":""50"",""MaxLevel"":""59""},{""MonsterID"":""9185"",""MinLevel"":""60"",""MaxLevel"":""69""},{""MonsterID"":""9186"",""MinLevel"":""70"",""MaxLevel"":""79""},{""MonsterID"":""9187"",""MinLevel"":""80"",""MaxLevel"":""89""},{""MonsterID"":""9188"",""MinLevel"":""90"",""MaxLevel"":""99""},{""MonsterID"":""9189"",""MinLevel"":""100"",""MaxLevel"":""999""},{""MonsterID"":""9190"",""MinLevel"":""10"",""MaxLevel"":""19""},{""MonsterID"":""9191"",""MinLevel"":""20"",""MaxLevel"":""29""},{""MonsterID"":""9192"",""MinLevel"":""30"",""MaxLevel"":""39""},{""MonsterID"":""9193"",""MinLevel"":""40"",""MaxLevel"":""49""},{""MonsterID"":""9194"",""MinLevel"":""50"",""MaxLevel"":""59""},{""MonsterID"":""9195"",""MinLevel"":""60"",""MaxLevel"":""69""},{""MonsterID"":""9196"",""MinLevel"":""70"",""MaxLevel"":""79""},{""MonsterID"":""9197"",""MinLevel"":""80"",""MaxLevel"":""89""},{""MonsterID"":""9198"",""MinLevel"":""90"",""MaxLevel"":""99""},{""MonsterID"":""9199"",""MinLevel"":""100"",""MaxLevel"":""999""}]",,,,,,,,,200,800,Tiêu diệt túc cầu
TucCau_1,Túc Cầu (thường),103,Mẫu Đan Uyển,3,boss,Tôn Mỹ Mỹ,180,retry,,,1,GoTo,,,,,,,,,1952,2272,,,
TucCau_1,Túc Cầu (thường),103,Mẫu Đan Uyển,3,boss,Tôn Mỹ Mỹ,180,retry,,,2,Kill,,"[{""MonsterID"":""3720"",""MinLevel"":""10"",""MaxLevel"":""19""},{""MonsterID"":""3721"",""MinLevel"":""20"",""MaxLevel"":""29""},{""MonsterID"":""3722"",""MinLevel"":""30"",""MaxLevel"":""39""},{""MonsterID"":""3723"",""MinLevel"":""40"",""MaxLevel"":""49""},{""MonsterID"":""3724"",""MinLevel"":""50"",""MaxLevel"":""59""},{""MonsterID"":""3725"",""MinLevel"":""60"",""MaxLevel"":""69""},{""MonsterID"":""3726"",""MinLevel"":""70"",""MaxLevel"":""79""},{""MonsterID"":""3727"",""MinLevel"":""80"",""MaxLevel"":""89""},{""MonsterID"":""3728"",""MinLevel"":""90"",""MaxLevel"":""99""},{""MonsterID"":""3729"",""MinLevel"":""100"",""MaxLevel"":""999""}]",,,,,,,,,1,800,Tôn Mỹ Mỹ
